GEOID,NAME,county_name,total_pop,poverty_rate,median_income,snap_rate,no_vehicle_rate,food_desert,food_desert_norm,tract_code,poverty_rate_norm,snap_rate_norm,no_vehicle_rate_norm,median_income_norm,need_score
12086000107,Census Tract 1.07; Miami-Dade County; Florida,Miami-Dade,3013.0,14.437437769664784,54811.0,6.8181818181818175,17.17171717171717,0.0,0.0,000107,0.6296791443850267,0.31483957219251335,0.8810160427807486,0.7139019476158496,63.38231702718331
12086000109,Census Tract 1.09; Miami-Dade County; Florida,Miami-Dade,3187.0,20.806861499364675,55179.0,14.575214341387374,8.106001558846454,0.0,0.0,000109,0.8181818181818182,0.5287433155080213,0.6470588235294118,0.7065144392209537,70.37360429244048
12086000115,Census Tract 1.15; Miami-Dade County; Florida,Miami-Dade,1788.0,7.158836689038031,97847.0,4.557640750670242,9.6514745308311,0.0,0.0,000115,0.27540106951871657,0.23195187165775402,0.7105614973262032,0.23438549361987912,34.55402003282539
12086000118,Census Tract 1.18; Miami-Dade County; Florida,Miami-Dade,1208.0,6.456953642384105,98824.0,2.032520325203252,10.772357723577237,0.0,0.0,000118,0.23195187165775402,0.11697860962566844,0.7493315508021391,0.22498321020819342,31.10394227903018
12086000120,Census Tract 1.20; Miami-Dade County; Florida,Miami-Dade,4175.0,10.035928143712574,73939.0,4.476861167002013,8.249496981891348,0.0,0.0,000120,0.42379679144385024,0.2266042780748663,0.6504010695187166,0.4486232370718603,43.46444335106288
12086000121,Census Tract 1.21; Miami-Dade County; Florida,Miami-Dade,1787.0,15.83659764969222,87500.0,1.9675925925925928,5.787037037037037,0.0,0.0,000121,0.68048128342246,0.1143048128342246,0.5254010695187166,0.3116185359301545,46.245739702560314
12086000122,Census Tract 1.22; Miami-Dade County; Florida,Miami-Dade,3883.0,3.528199845480299,92524.0,5.167674546454096,5.332600329851567,0.0,0.0,000122,0.09024064171122995,0.25133689839572193,0.49732620320855614,0.27535258562793824,24.089939413093525
12086000123,Census Tract 1.23; Miami-Dade County; Florida,Miami-Dade,4099.0,13.905830690412296,56500.0,4.5687885010266935,3.747433264887064,0.0,0.0,000123,0.6096256684491979,0.232620320855615,0.3877005347593583,0.6830087306917394,50.45161846410217
12086000124,Census Tract 1.24; Miami-Dade County; Florida,Miami-Dade,3515.0,10.49645390070922,42105.0,39.49771689497717,14.079147640791476,0.0,0.0,000124,0.446524064171123,0.9044117647058824,0.8435828877005348,0.8730691739422431,70.28223909381812
12086000125,Census Tract 1.25; Miami-Dade County; Florida,Miami-Dade,4314.0,16.249420491423272,50440.0,4.878048780487805,7.784120394395433,0.0,0.0,000125,0.69451871657754,0.24532085561497327,0.6377005347593583,0.7642713230355943,60.72660293130012
12086000126,Census Tract 1.26; Miami-Dade County; Florida,Miami-Dade,1978.0,27.80586450960566,32600.0,11.607992388201712,18.173168411037107,0.0,0.0,000126,0.9231283422459893,0.4612299465240642,0.891042780748663,0.9543317662860981,83.05722356101609
12086000127,Census Tract 1.27; Miami-Dade County; Florida,Miami-Dade,2547.0,13.191990577149587,46933.0,7.295504789977893,8.179808400884303,0.0,0.0,000127,0.5782085561497327,0.33088235294117646,0.6490641711229946,0.8025520483546004,58.77831369436473
12086000128,Census Tract 1.28; Miami-Dade County; Florida,Miami-Dade,3887.0,6.0200668896321075,78427.0,5.9667240390131955,6.597819850831899,0.0,0.0,000128,0.21390374331550802,0.2800802139037433,0.5762032085561497,0.3922095366017461,33.526008913853104
12086000129,Census Tract 1.29; Miami-Dade County; Florida,Miami-Dade,2190.0,4.794520547945205,106950.0,2.188392007611798,9.60989533777355,0.0,0.0,000129,0.1463903743315508,0.12366310160427807,0.7078877005347594,0.17595701813297515,26.00577137870228
12086000130,Census Tract 1.30; Miami-Dade County; Florida,Miami-Dade,2698.0,6.639313688922044,88350.0,3.0660377358490565,5.267295597484277,0.0,0.0,000130,0.24598930481283424,0.16109625668449198,0.49064171122994654,0.3055742108797851,28.985815768397842
12086000131,Census Tract 1.31; Miami-Dade County; Florida,Miami-Dade,4637.0,13.257987394044774,78388.0,4.512820512820513,4.564102564102565,0.0,0.0,000131,0.5848930481283422,0.22794117647058823,0.4391711229946524,0.39355271994627267,44.60902231336396
12086000132,Census Tract 1.32; Miami-Dade County; Florida,Miami-Dade,5441.0,21.65043190589965,38768.0,9.492635024549918,17.610474631751227,0.0,0.0,000132,0.8348930481283422,0.40240641711229946,0.8856951871657754,0.9086635325721961,77.33102466213913
12086000134,Census Tract 1.34; Miami-Dade County; Florida,Miami-Dade,3208.0,16.893461666113506,41633.0,15.19575315195753,13.138686131386862,0.0,0.0,000134,0.7152406417112299,0.5447860962566845,0.8228609625668449,0.8791134989926125,73.54483682477203
12086000140,Census Tract 1.40; Miami-Dade County; Florida,Miami-Dade,3652.0,11.418400876232202,66146.0,10.558624923265809,5.2793124616329035,0.0,0.0,000140,0.4959893048128342,0.428475935828877,0.4919786096256685,0.5594358629952989,49.43738036151025
12086000141,Census Tract 1.41; Miami-Dade County; Florida,Miami-Dade,1730.0,10.92485549132948,78265.0,21.303258145363408,11.278195488721805,0.0,0.0,000141,0.47192513368983957,0.6717914438502673,0.7693850267379679,0.39422431161853594,55.58502099172902
12086000142,Census Tract 1.42; Miami-Dade County; Florida,Miami-Dade,4666.0,18.516930990141447,68661.0,4.185832566697332,13.523459061637537,0.0,0.0,000142,0.7593582887700535,0.21457219251336898,0.8308823529411765,0.5305574210879785,61.89457088165263
12086000143,Census Tract 1.43; Miami-Dade County; Florida,Miami-Dade,3155.0,16.237686685732445,49559.0,1.160092807424594,17.053364269141532,0.0,0.0,000143,0.6938502673796791,0.0748663101604278,0.8796791443850267,0.7763599731363331,62.37211924882291
12086000144,Census Tract 1.44; Miami-Dade County; Florida,Miami-Dade,1221.0,4.995904995904995,84299.0,3.3840947546531304,3.0456852791878175,0.0,0.0,000144,0.16042780748663102,0.17647058823529413,0.32486631016042783,0.33848220282068503,23.213494323793384
12086000145,Census Tract 1.45; Miami-Dade County; Florida,Miami-Dade,3173.0,3.131920278392913,158218.0,10.813397129186605,0.4784688995215311,0.0,0.0,000145,0.07018716577540107,0.4391711229946524,0.08355614973262032,0.042981867024848894,14.121669426058475
12086000146,Census Tract 1.46; Miami-Dade County; Florida,Miami-Dade,4530.0,7.792494481236203,102576.0,0.547945205479452,1.0410958904109588,0.0,0.0,000146,0.31283422459893045,0.05113636363636364,0.13836898395721925,0.20013431833445267,20.30616230251793
12086000204,Census Tract 2.04; Miami-Dade County; Florida,Miami-Dade,4211.0,19.395525940028556,61518.0,21.585160202360875,4.806070826306914,0.0,0.0,000204,0.7834224598930482,0.6818181818181818,0.45588235294117646,0.6151779717931498,66.3944685267721
12086000206,Census Tract 2.06; Miami-Dade County; Florida,Miami-Dade,6552.0,17.46031746031746,47147.0,33.068362480127185,14.732379438261791,0.0,0.0,000206,0.7286096256684492,0.8335561497326203,0.8556149732620321,0.7998656816655474,78.92512111994196
12086000211,Census Tract 2.11; Miami-Dade County; Florida,Miami-Dade,2719.0,14.23317396101508,54821.0,18.993839835728956,8.624229979466119,0.0,0.0,000211,0.6216577540106952,0.6243315508021391,0.6664438502673797,0.7132303559435863,64.94642530068991
12086000212,Census Tract 2.12; Miami-Dade County; Florida,Miami-Dade,4582.0,19.052987598647125,36114.0,28.515842134519175,12.72929405225125,0.0,0.0,000212,0.7767379679144385,0.7921122994652406,0.8114973262032086,0.9328408327736736,81.79852788542
12086000213,Census Tract 2.13; Miami-Dade County; Florida,Miami-Dade,5618.0,6.461374154503383,63987.0,22.52027448533999,9.295071740486588,0.0,0.0,000213,0.23328877005347592,0.6991978609625669,0.6951871657754011,0.5815983881799865,48.85121910049813
12086000215,Census Tract 2.15; Miami-Dade County; Florida,Miami-Dade,5604.0,13.107324147933284,57024.0,13.112745098039216,5.759803921568627,0.0,0.0,000215,0.5735294117647058,0.4979946524064171,0.5227272727272727,0.6729348556077904,56.81431208541784
12086000216,Census Tract 2.16; Miami-Dade County; Florida,Miami-Dade,4719.0,8.171538297418392,64861.0,26.31578947368421,9.86842105263158,0.0,0.0,000216,0.3335561497326203,0.7620320855614974,0.7212566844919787,0.5728676964405641,54.465375319185625
12086000218,Census Tract 2.18; Miami-Dade County; Florida,Miami-Dade,3064.0,30.66490241481972,37650.0,38.515546639919755,14.944834503510531,0.0,0.0,000218,0.9518716577540107,0.8937165775401069,0.858957219251337,0.9194089993284084,91.51652223255749
12086000219,Census Tract 2.19; Miami-Dade County; Florida,Miami-Dade,4965.0,16.16311007817452,43824.0,30.01852995676343,12.168004941321804,0.0,0.0,000219,0.6905080213903744,0.80548128342246,0.7941176470588235,0.8495634654130289,76.60356877350122
12086000220,Census Tract 2.20; Miami-Dade County; Florida,Miami-Dade,5448.0,29.079189686924497,39846.0,33.618721461187214,12.385844748858448,0.0,0.0,000220,0.9358288770053476,0.8462566844919787,0.8014705882352942,0.8999328408327737,88.38635735141483
12086000221,Census Tract 2.21; Miami-Dade County; Florida,Miami-Dade,2150.0,11.94322075379344,72311.0,21.247892074198987,0.0,0.0,0.0,000221,0.5260695187165776,0.6704545454545454,0.03542780748663102,0.47212894560107455,44.60300671950812
12086000222,Census Tract 2.22; Miami-Dade County; Florida,Miami-Dade,4128.0,16.63760896637609,53313.0,25.105485232067508,5.20393811533052,0.0,0.0,000222,0.7045454545454546,0.7406417112299465,0.4859625668449198,0.7340496977837475,67.39489769899046
12086000223,Census Tract 2.23; Miami-Dade County; Florida,Miami-Dade,2862.0,9.76342470897484,40417.0,25.189393939393938,5.776515151515151,0.0,0.0,000223,0.40975935828877,0.7413101604278075,0.5247326203208557,0.8972464741437206,59.65615942939848
12086000224,Census Tract 2.24; Miami-Dade County; Florida,Miami-Dade,4506.0,20.81668885929871,37079.0,18.112798264642084,17.35357917570499,0.0,0.0,000224,0.8188502673796791,0.6056149732620321,0.8823529411764706,0.9247817327065144,81.00900363808752
12086000225,Census Tract 2.25; Miami-Dade County; Florida,Miami-Dade,4337.0,12.035969564214897,52565.0,26.418152350081037,5.6726094003241485,0.0,0.0,000225,0.5340909090909091,0.7640374331550802,0.5140374331550802,0.738079247817327,61.68671864618611
12086000226,Census Tract 2.26; Miami-Dade County; Florida,Miami-Dade,2797.0,11.941365749016803,71250.0,19.5273631840796,11.194029850746269,0.0,0.0,000226,0.5254010695187166,0.6350267379679144,0.768048128342246,0.4882471457353929,58.84248302165973
12086000227,Census Tract 2.27; Miami-Dade County; Florida,Miami-Dade,3170.0,20.934638459109568,43790.0,45.08009153318078,17.84897025171625,0.0,0.0,000227,0.821524064171123,0.9418449197860963,0.8897058823529411,0.8509066487575554,86.51011158477678
12086000228,Census Tract 2.28; Miami-Dade County; Florida,Miami-Dade,2778.0,21.916817359855333,45516.0,21.83794466403162,3.458498023715415,0.0,0.0,000228,0.8422459893048129,0.6878342245989305,0.36363636363636365,0.8226997985224983,71.17324730734836
12086000302,Census Tract 3.02; Miami-Dade County; Florida,Miami-Dade,2087.0,5.5103018687110685,80500.0,14.47811447811448,4.208754208754209,0.0,0.0,000302,0.18315508021390375,0.5247326203208557,0.4197860962566845,0.3646742780389523,33.510063100886
12086000306,Census Tract 3.06; Miami-Dade County; Florida,Miami-Dade,4913.0,24.397590361445783,44622.0,26.73950546290972,16.04370327774583,0.0,0.0,000306,0.8763368983957219,0.7693850267379679,0.8703208556149733,0.8361316319677636,84.57022622224298
12086000307,Census Tract 3.07; Miami-Dade County; Florida,Miami-Dade,4069.0,13.15854563442988,55859.0,32.92910447761194,9.701492537313433,0.0,0.0,000307,0.5762032085561497,0.8315508021390374,0.713903743315508,0.6957689724647415,67.87259870063173
12086000308,Census Tract 3.08; Miami-Dade County; Florida,Miami-Dade,4708.0,8.276768119115394,69924.0,25.252525252525253,5.361305361305361,0.0,0.0,000308,0.34024064171123,0.7433155080213903,0.49866310160427807,0.5083948959032908,48.61709577902838
12086000309,Census Tract 3.09; Miami-Dade County; Florida,Miami-Dade,3905.0,6.785508913168488,43839.0,29.45590994371482,14.540337711069418,0.0,0.0,000309,0.25267379679144386,0.8001336898395722,0.8516042780748663,0.8488918737407656,60.11954870476184
12086000310,Census Tract 3.10; Miami-Dade County; Florida,Miami-Dade,2967.0,22.008113590263697,50500.0,32.173174872665534,14.00679117147708,0.0,0.0,000310,0.8449197860962567,0.8248663101604278,0.8422459893048129,0.7635997313633311,82.4110320604217
12086000311,Census Tract 3.11; Miami-Dade County; Florida,Miami-Dade,4430.0,30.519187358916476,36822.0,48.85193982581155,7.28424386381631,0.0,0.0,000311,0.9491978609625669,0.9632352941176471,0.6129679144385026,0.9274680993955675,88.04134059753702
12086000312,Census Tract 3.12; Miami-Dade County; Florida,Miami-Dade,3638.0,16.86046511627907,40398.0,23.699421965317917,12.716763005780344,0.0,0.0,000312,0.713903743315508,0.714572192513369,0.8108288770053476,0.8979180658159839,77.02253243931433
12086000402,Census Tract 4.02; Miami-Dade County; Florida,Miami-Dade,4315.0,17.463278153415715,48796.0,30.0,6.124031007751938,0.0,0.0,000402,0.7292780748663101,0.8048128342245989,0.5461229946524064,0.781061114842176,71.81106186903602
12086000405,Census Tract 4.05; Miami-Dade County; Florida,Miami-Dade,3796.0,24.289544235924936,56073.0,19.98166819431714,9.25756186984418,0.0,0.0,000405,0.875,0.6450534759358288,0.6931818181818182,0.6910678307588985,75.58606249753092
12086000408,Census Tract 4.08; Miami-Dade County; Florida,Miami-Dade,6253.0,25.298290873911643,43028.0,50.53042992741486,20.21217197096594,0.0,0.0,000408,0.891042780748663,0.9712566844919787,0.9164438502673797,0.8589657488247145,90.57503690162801
12086000409,Census Tract 4.09; Miami-Dade County; Florida,Miami-Dade,4372.0,19.48764867337603,57000.0,43.0,2.083333333333333,0.0,0.0,000409,0.7867647058823529,0.9298128342245989,0.2429812834224599,0.674278038952317,68.41203136728164
12086000410,Census Tract 4.10; Miami-Dade County; Florida,Miami-Dade,5146.0,18.743923779895,56815.0,41.37033824804857,2.0815264527320037,0.0,0.0,000410,0.7647058823529411,0.9197860962566845,0.24197860962566844,0.6776359973136333,67.37624935803738
12086000411,Census Tract 4.11; Miami-Dade County; Florida,Miami-Dade,6043.0,18.71586960119146,42594.0,45.87603709126403,18.20400195217179,0.0,0.0,000411,0.7640374331550802,0.945855614973262,0.893048128342246,0.8643384822028207,84.62634183656978
12086000413,Census Tract 4.13; Miami-Dade County; Florida,Miami-Dade,5622.0,22.118826055833928,57500.0,28.986486486486484,4.9324324324324325,0.0,0.0,000413,0.8469251336898396,0.7961229946524064,0.4632352941176471,0.6635325721961047,72.33482256691676
12086000414,Census Tract 4.14; Miami-Dade County; Florida,Miami-Dade,5011.0,20.48917401764234,45740.0,26.08459869848156,12.47288503253796,0.0,0.0,000414,0.8114973262032086,0.7580213903743316,0.8048128342245989,0.8186702484889188,80.08998250988533
12086000415,Census Tract 4.15; Miami-Dade County; Florida,Miami-Dade,2099.0,12.196283944735589,60893.0,21.20300751879699,12.180451127819548,0.0,0.0,000415,0.5407754010695187,0.6697860962566845,0.7947860962566845,0.6279382135661518,63.48122416437116
12086000416,Census Tract 4.16; Miami-Dade County; Florida,Miami-Dade,4996.0,27.16172938350681,30585.0,52.35876528829354,25.0436808386721,0.0,0.0,000416,0.9117647058823529,0.9786096256684492,0.9471925133689839,0.9664204163868368,94.31503934377953
12086000417,Census Tract 4.17; Miami-Dade County; Florida,Miami-Dade,4500.0,23.037580609295087,42665.0,35.797665369649806,22.73485269594219,0.0,0.0,000417,0.8556149732620321,0.8689839572192514,0.9318181818181818,0.8636668905305575,87.5139795218411
12086000418,Census Tract 4.18; Miami-Dade County; Florida,Miami-Dade,3074.0,30.644111906310993,32276.0,37.87575150300601,15.6312625250501,0.0,0.0,000418,0.9505347593582888,0.8863636363636364,0.8676470588235294,0.9556749496306246,92.21510327068737
12086000419,Census Tract 4.19; Miami-Dade County; Florida,Miami-Dade,3388.0,11.688311688311687,68873.0,38.49855630413859,8.75842155919153,0.0,0.0,000419,0.5147058823529411,0.893048128342246,0.6731283422459893,0.5251846877098724,62.41545846007981
12086000420,Census Tract 4.20; Miami-Dade County; Florida,Miami-Dade,3231.0,42.761265580057525,43594.0,41.22905027932961,22.905027932960895,0.0,0.0,000420,0.9899732620320856,0.9177807486631016,0.9331550802139037,0.8542646071188718,93.70293920120098
12086000504,Census Tract 5.04; Miami-Dade County; Florida,Miami-Dade,4913.0,22.95949521677183,45500.0,40.21615472127418,12.05915813424346,0.0,0.0,000504,0.8542780748663101,0.9097593582887701,0.7921122994652406,0.8233713901947616,84.67598395362785
12086000505,Census Tract 5.05; Miami-Dade County; Florida,Miami-Dade,5179.0,26.56156455797246,43426.0,47.21006564551422,13.183807439824946,0.0,0.0,000505,0.9057486631016043,0.9592245989304813,0.8235294117647058,0.8569509738079247,89.0240462141264
12086000506,Census Tract 5.06; Miami-Dade County; Florida,Miami-Dade,2507.0,21.898683685680098,46850.0,18.10810810810811,7.702702702702704,0.0,0.0,000506,0.8415775401069518,0.6049465240641712,0.6330213903743316,0.8038952316991269,74.50036452703067
12086000507,Census Tract 5.07; Miami-Dade County; Florida,Miami-Dade,4756.0,13.835072031793343,49792.0,46.638297872340424,5.872340425531915,0.0,0.0,000507,0.6062834224598931,0.9532085561497327,0.5327540106951871,0.7723304231027536,69.4171966973492
12086000508,Census Tract 5.08; Miami-Dade County; Florida,Miami-Dade,3907.0,39.00691067315075,25800.0,60.42524005486969,22.565157750342937,0.0,0.0,000508,0.9812834224598931,0.9953208556149733,0.9311497326203209,0.9865681665547347,97.51211199419632
12086000509,Census Tract 5.09; Miami-Dade County; Florida,Miami-Dade,3358.0,14.864462317545426,54677.0,62.5,12.413194444444445,0.0,0.0,000509,0.6457219251336899,0.9979946524064172,0.8021390374331551,0.7172599059771659,76.17674892168236
12086000601,Census Tract 6.01; Miami-Dade County; Florida,Miami-Dade,3831.0,15.18324607329843,70134.0,26.78421494542401,2.6028547439126783,0.0,0.0,000601,0.6557486631016043,0.7700534759358288,0.2907754010695187,0.5057085292142377,57.56069464845588
12086000602,Census Tract 6.02; Miami-Dade County; Florida,Miami-Dade,5256.0,9.34023782125048,69712.0,19.5326542840024,3.055721989215099,0.0,0.0,000602,0.3917112299465241,0.6356951871657754,0.32687165775401067,0.5117528542646071,45.154843181548834
12086000603,Census Tract 6.03; Miami-Dade County; Florida,Miami-Dade,4875.0,15.405128205128204,71563.0,32.17054263565892,6.459948320413436,0.0,0.0,000603,0.6624331550802139,0.8241978609625669,0.5681818181818182,0.48085963734049697,63.962112532906204
12086000605,Census Tract 6.05; Miami-Dade County; Florida,Miami-Dade,5047.0,19.307429031608617,83550.0,50.38979447200567,9.709425939050318,0.0,0.0,000605,0.7814171122994652,0.9705882352941176,0.714572192513369,0.3404969778374748,71.76983260487785
12086000607,Census Tract 6.07; Miami-Dade County; Florida,Miami-Dade,4497.0,13.707513416815742,41207.0,46.493506493506494,9.22077922077922,0.0,0.0,000607,0.6029411764705882,0.9525401069518716,0.6925133689839572,0.8838146406984554,74.69500939150922
12086000609,Census Tract 6.09; Miami-Dade County; Florida,Miami-Dade,3478.0,32.74179236912156,31809.0,60.36392405063291,12.974683544303796,0.0,0.0,000609,0.9585561497326203,0.9946524064171123,0.8175133689839572,0.9576897246474144,93.7393559902745
12086000610,Census Tract 6.10; Miami-Dade County; Florida,Miami-Dade,2865.0,15.953716690042077,57943.0,37.25701943844493,6.263498920086392,0.0,0.0,000610,0.6824866310160428,0.8810160427807486,0.5514705882352942,0.6601746138347885,69.15269013765834
12086000611,Census Tract 6.11; Miami-Dade County; Florida,Miami-Dade,2604.0,26.25913110342176,49449.0,36.60933660933661,9.213759213759214,0.0,0.0,000611,0.9024064171122995,0.8743315508021391,0.6918449197860963,0.7790463398253862,83.00071289276441
12086000612,Census Tract 6.12; Miami-Dade County; Florida,Miami-Dade,3032.0,24.175461741424805,71333.0,35.61946902654867,5.752212389380531,0.0,0.0,000612,0.8729946524064172,0.8676470588235294,0.5207219251336899,0.4855607790463398,72.39838135632787
12086000705,Census Tract 7.05; Miami-Dade County; Florida,Miami-Dade,4768.0,22.485828259500316,31477.0,49.45107398568019,19.713603818615752,0.0,0.0,000705,0.8495989304812834,0.9665775401069518,0.9097593582887701,0.9590329079919409,90.6913533470046
12086000710,Census Tract 7.10; Miami-Dade County; Florida,Miami-Dade,5148.0,27.447552447552447,30938.0,70.08238928939238,17.61071060762101,0.0,0.0,000710,0.9171122994652406,1.0,0.8863636363636364,0.9623908663532572,93.6595820329475
12086000711,Census Tract 7.11; Miami-Dade County; Florida,Miami-Dade,5887.0,19.904729499829873,41429.0,46.937751004016064,9.839357429718875,0.0,0.0,000711,0.7987967914438503,0.9565508021390374,0.7199197860962567,0.8824714573539288,83.13071256953847
12086000712,Census Tract 7.12; Miami-Dade County; Florida,Miami-Dade,2194.0,25.20510483135825,40670.0,39.053254437869825,7.573964497041421,0.0,0.0,000712,0.8877005347593583,0.8977272727272727,0.6270053475935828,0.8932169241101411,83.86701227899427
12086000713,Census Tract 7.13; Miami-Dade County; Florida,Miami-Dade,3063.0,29.578844270323213,24479.0,37.526205450733755,19.776380153738643,0.0,0.0,000713,0.9391711229946524,0.8816844919786097,0.910427807486631,0.9905977165883143,93.22104524085721
12086000714,Census Tract 7.14; Miami-Dade County; Florida,Miami-Dade,4851.0,27.107812822098538,40619.0,54.629629629629626,6.234567901234568,0.0,0.0,000714,0.911096256684492,0.9852941176470589,0.5501336898395722,0.8938885157824042,85.0301767327604
12086000715,Census Tract 7.15; Miami-Dade County; Florida,Miami-Dade,3591.0,14.229801509644954,61797.0,38.95238095238096,10.38095238095238,0.0,0.0,000715,0.6209893048128342,0.8957219251336899,0.7393048128342246,0.6118200134318335,69.77650722050834
12086000716,Census Tract 7.16; Miami-Dade County; Florida,Miami-Dade,2671.0,18.944215649569447,61607.0,36.47058823529411,5.176470588235294,0.0,0.0,000716,0.7727272727272727,0.8729946524064172,0.48462566844919786,0.6145063801208865,70.35162492862094
12086000717,Census Tract 7.17; Miami-Dade County; Florida,Miami-Dade,2466.0,12.392638036809815,55345.0,25.056433408577877,11.060948081264108,0.0,0.0,000717,0.5454545454545454,0.7386363636363636,0.7633689839572193,0.7031564808596373,65.92141838724622
12086000718,Census Tract 7.18; Miami-Dade County; Florida,Miami-Dade,4048.0,15.686758893280633,57411.0,25.6390977443609,18.721804511278194,0.0,0.0,000718,0.6744652406417112,0.7479946524064172,0.8990641711229946,0.6655473472128945,73.23073304051458
12086000719,Census Tract 7.19; Miami-Dade County; Florida,Miami-Dade,1209.0,29.201331114808653,27639.0,56.71981776765376,25.740318906605925,0.0,0.0,000719,0.9371657754010695,0.9906417112299465,0.9538770053475936,0.977165883143049,95.92032301045457
12086000720,Census Tract 7.20; Miami-Dade County; Florida,Miami-Dade,3526.0,16.969353007945518,37548.0,45.98425196850393,19.921259842519685,0.0,0.0,000720,0.7179144385026738,0.9471925133689839,0.9131016042780749,0.9200805910006716,84.32407171306156
12086000804,Census Tract 8.04; Miami-Dade County; Florida,Miami-Dade,4272.0,18.046709129511676,50614.0,39.52724885095207,9.32370321733421,0.0,0.0,000804,0.7479946524064172,0.9050802139037433,0.696524064171123,0.7629281396910679,77.21043445157538
12086000805,Census Tract 8.05; Miami-Dade County; Florida,Miami-Dade,5349.0,15.358618099887344,55729.0,41.172877214416616,4.031765424557117,0.0,0.0,000805,0.660427807486631,0.9157754010695187,0.40975935828877,0.6984553391537945,66.89691426970691
12086000806,Census Tract 8.06; Miami-Dade County; Florida,Miami-Dade,4202.0,21.54579142403388,41439.0,50.80946450809465,23.41220423412204,0.0,0.0,000806,0.8328877005347594,0.9719251336898396,0.9358288770053476,0.8817998656816656,89.10658554892743
12086000807,Census Tract 8.07; Miami-Dade County; Florida,Miami-Dade,4072.0,23.968565815324165,35560.0,39.29673041332511,18.75385564466379,0.0,0.0,000807,0.8689839572192514,0.9017379679144385,0.8997326203208557,0.9361987911349899,89.51274587617574
12086000808,Census Tract 8.08; Miami-Dade County; Florida,Miami-Dade,4041.0,20.274042121289018,42100.0,52.232746955345064,11.975642760487144,0.0,0.0,000808,0.8048128342245989,0.9779411764705882,0.7907754010695187,0.8737407656145064,85.04166023207624
12086000903,Census Tract 9.03; Miami-Dade County; Florida,Miami-Dade,3626.0,39.87865416436845,44833.0,47.05882352941176,9.191176470588236,0.0,0.0,000903,0.983957219251337,0.9572192513368984,0.6911764705882353,0.8327736736064473,88.98167668068511
12086000904,Census Tract 9.04; Miami-Dade County; Florida,Miami-Dade,2474.0,8.607389362565975,47763.0,33.687002652519894,6.10079575596817,0.0,0.0,000904,0.3609625668449198,0.8475935828877005,0.5434491978609626,0.791134989926125,58.08205808729255
12086000905,Census Tract 9.05; Miami-Dade County; Florida,Miami-Dade,3606.0,12.211981566820276,62000.0,43.32669322709163,0.99601593625498,0.0,0.0,000905,0.5427807486631016,0.9338235294117647,0.13368983957219252,0.6104768300873069,55.27103392794934
12086000906,Census Tract 9.06; Miami-Dade County; Florida,Miami-Dade,1631.0,14.960147148988352,48214.0,34.42028985507246,3.4420289855072466,0.0,0.0,000906,0.6490641711229946,0.8562834224598931,0.3609625668449198,0.7850906648757555,66.00929992853115
12086000907,Census Tract 9.07; Miami-Dade County; Florida,Miami-Dade,1802.0,15.98224195338513,55293.0,12.476370510396976,0.0,0.0,0.0,000907,0.6831550802139037,0.481951871657754,0.03542780748663102,0.7038280725319006,51.75035824208186
12086000908,Census Tract 9.08; Miami-Dade County; Florida,Miami-Dade,3561.0,15.108115697837688,59034.0,39.148494288681206,0.0,0.0,0.0,000908,0.6517379679144385,0.8983957219251337,0.03542780748663102,0.6501007387508395,57.74800407982963
12086001003,Census Tract 10.03; Miami-Dade County; Florida,Miami-Dade,6442.0,21.726932668329177,57333.0,33.51749539594843,4.189686924493554,0.0,0.0,001003,0.8362299465240641,0.8415775401069518,0.41911764705882354,0.6668905305574211,72.00091221542651
12086001004,Census Tract 10.04; Miami-Dade County; Florida,Miami-Dade,7302.0,25.705286222952616,46473.0,54.23378769103676,20.074349442379184,0.0,0.0,001004,0.8943850267379679,0.9832887700534759,0.9151069518716578,0.8085963734049698,89.91524297612081
12086001005,Census Tract 10.05; Miami-Dade County; Florida,Miami-Dade,1640.0,30.212143379663495,26136.0,46.883468834688344,31.571815718157183,0.0,0.0,001005,0.9485294117647058,0.9558823529411765,0.9786096256684492,0.984553391537945,96.32208387353965
12086001006,Census Tract 10.06; Miami-Dade County; Florida,Miami-Dade,4936.0,40.09502168973353,30657.0,48.23459006582885,37.70197486535009,0.0,0.0,001006,0.9852941176470589,0.9618983957219251,0.9913101604278075,0.9650772330423103,97.77748048972322
12086001007,Census Tract 10.07; Miami-Dade County; Florida,Miami-Dade,3154.0,30.97653772986684,46413.0,34.56121343445287,12.134344528710724,0.0,0.0,001007,0.9525401069518716,0.858957219251337,0.7927807486631016,0.8099395567494964,87.33515477135357
12086001008,Census Tract 10.08; Miami-Dade County; Florida,Miami-Dade,3290.0,24.072948328267476,47917.0,44.00345125107851,6.125970664365832,0.0,0.0,001008,0.8716577540106952,0.9364973262032086,0.5467914438502673,0.7897918065815984,80.3279216931293
12086001101,Census Tract 11.01; Miami-Dade County; Florida,Miami-Dade,5177.0,13.860988348734432,60679.0,25.66498921639109,1.9410496046010064,0.0,0.0,001101,0.607620320855615,0.7486631016042781,0.23128342245989306,0.6292813969106783,56.4893712537216
12086001102,Census Tract 11.02; Miami-Dade County; Florida,Miami-Dade,5839.0,18.142597638510445,90000.0,21.54340836012862,5.787781350482315,0.0,0.0,001102,0.7493315508021391,0.68048128342246,0.5260695187165776,0.29348556077904636,59.973989290447236
12086001103,Census Tract 11.03; Miami-Dade County; Florida,Miami-Dade,4517.0,24.52704206543512,56625.0,35.520974289580515,3.0446549391069015,0.0,0.0,001103,0.8810160427807486,0.8656417112299465,0.32419786096256686,0.6789791806581599,72.61701676824342
12086001104,Census Tract 11.04; Miami-Dade County; Florida,Miami-Dade,4935.0,0.7092198581560284,151708.0,3.2091690544412605,6.131805157593123,0.0,0.0,001104,0.008021390374331552,0.16844919786096257,0.5474598930481284,0.04969778374748153,15.632993108104712
12086001204,Census Tract 12.04; Miami-Dade County; Florida,Miami-Dade,5915.0,19.661876584953507,64155.0,16.754138070246267,4.804198627371821,0.0,0.0,001204,0.7901069518716578,0.5768716577540107,0.4552139037433155,0.58025520483546,63.85109340152204
12086001205,Census Tract 12.05; Miami-Dade County; Florida,Miami-Dade,2438.0,9.803117309269894,106919.0,8.370044052863436,10.352422907488986,0.0,0.0,001205,0.4124331550802139,0.36564171122994654,0.7386363636363636,0.17662860980523842,42.11545989663953
12086001206,Census Tract 12.06; Miami-Dade County; Florida,Miami-Dade,4028.0,10.70541480377546,104958.0,5.730994152046784,1.4035087719298245,0.0,0.0,001206,0.45989304812834225,0.2727272727272727,0.17780748663101603,0.18200134318334452,31.046443975966355
12086001207,Census Tract 12.07; Miami-Dade County; Florida,Miami-Dade,2168.0,42.513863216266174,46630.0,3.993610223642172,3.3546325878594248,0.0,0.0,001207,0.9893048128342246,0.20588235294117646,0.3549465240641711,0.80658159838818,66.92040202123954
12086001208,Census Tract 12.08; Miami-Dade County; Florida,Miami-Dade,2824.0,17.6699716713881,72547.0,30.73248407643312,6.60828025477707,0.0,0.0,001208,0.7366310160427807,0.8128342245989305,0.5768716577540107,0.4694425789120215,66.6482098670105
12086001209,Census Tract 12.09; Miami-Dade County; Florida,Miami-Dade,3448.0,25.87006960556845,43701.0,29.53285827395091,14.964370546318287,0.0,0.0,001209,0.8970588235294118,0.8014705882352942,0.8596256684491979,0.8522498321020819,86.14927471690797
12086001301,Census Tract 13.01; Miami-Dade County; Florida,Miami-Dade,4753.0,11.647009267059817,54716.0,13.561320754716984,20.59748427672956,0.0,0.0,001301,0.5100267379679144,0.5040106951871658,0.9191176470588235,0.7165883143049027,63.19540264973442
12086001302,Census Tract 13.02; Miami-Dade County; Florida,Miami-Dade,6024.0,4.01726427622842,72127.0,3.4211426616489913,7.35545672254533,0.0,0.0,001302,0.11163101604278075,0.178475935828877,0.6156417112299465,0.4748153122901276,29.843899828690258
12086001401,Census Tract 14.01; Miami-Dade County; Florida,Miami-Dade,6133.0,39.24669819011903,25102.0,51.87385740402194,30.347349177330894,0.0,0.0,001401,0.981951871657754,0.9759358288770054,0.9732620320855615,0.9879113498992612,98.02025908354673
12086001402,Census Tract 14.02; Miami-Dade County; Florida,Miami-Dade,5175.0,23.92270531400966,31745.0,39.17264668636555,27.81764457577037,0.0,0.0,001402,0.8669786096256684,0.8997326203208557,0.9679144385026738,0.9583613163196776,91.19931188789087
12086001501,Census Tract 15.01; Miami-Dade County; Florida,Miami-Dade,2846.0,24.736472241742796,40854.0,56.40766902119072,34.61150353178608,0.0,0.0,001501,0.8850267379679144,0.9893048128342246,0.9866310160427807,0.890530557421088,92.73039724467846
12086001502,Census Tract 15.02; Miami-Dade County; Florida,Miami-Dade,4418.0,37.86781349026709,30917.0,58.29072315558802,13.513513513513514,0.0,0.0,001502,0.9759358288770054,0.9919786096256684,0.8295454545454546,0.9630624580255205,94.72916359901308
12086001603,Census Tract 16.03; Miami-Dade County; Florida,Miami-Dade,2918.0,13.296778615490062,55491.0,27.2108843537415,16.42371234207969,0.0,0.0,001603,0.5875668449197861,0.7767379679144385,0.8743315508021391,0.7018132975151108,70.56033012142522
12086001605,Census Tract 16.05; Miami-Dade County; Florida,Miami-Dade,3833.0,28.017805708300603,29934.0,51.79372197309418,27.466367713004487,0.0,0.0,001605,0.9251336898395722,0.9752673796791443,0.9665775401069518,0.9691067830758898,95.22438165082262
12086001606,Census Tract 16.06; Miami-Dade County; Florida,Miami-Dade,4407.0,17.410303587856486,42222.0,43.154761904761905,14.702380952380953,0.0,0.0,001606,0.7272727272727273,0.9331550802139037,0.8542780748663101,0.8717259905977166,82.2740920044677
12086001607,Census Tract 16.07; Miami-Dade County; Florida,Miami-Dade,3003.0,15.340909090909092,79479.0,56.506550218340614,10.91703056768559,0.0,0.0,001607,0.6597593582887701,0.9899732620320856,0.7560160427807486,0.3774345198119543,68.85885082404658
12086001608,Census Tract 16.08; Miami-Dade County; Florida,Miami-Dade,2968.0,12.163543441226576,43795.0,32.154340836012864,8.57449088960343,0.0,0.0,001608,0.5387700534759359,0.8235294117647058,0.6644385026737968,0.8502350570852921,68.31486156951334
12086001701,Census Tract 17.01; Miami-Dade County; Florida,Miami-Dade,4719.0,29.67988128047488,37681.0,37.855450236966824,6.516587677725119,0.0,0.0,001701,0.9398395721925134,0.8856951871657754,0.5721925133689839,0.9187374076561451,85.12608505151861
12086001702,Census Tract 17.02; Miami-Dade County; Florida,Miami-Dade,3648.0,21.107456140350877,40681.0,39.850746268656714,11.492537313432836,0.0,0.0,001702,0.8255347593582888,0.9084224598930482,0.7774064171122995,0.8925453324378778,84.58887456319607
12086001704,Census Tract 17.04; Miami-Dade County; Florida,Miami-Dade,2179.0,22.364066193853425,39696.0,34.22159887798036,16.129032258064516,0.0,0.0,001704,0.8489304812834224,0.8536096256684492,0.8713235294117647,0.9019476158495635,86.49483466993246
12086001705,Census Tract 17.05; Miami-Dade County; Florida,Miami-Dade,1833.0,16.693944353518823,33947.0,49.235048678720446,6.397774687065369,0.0,0.0,001705,0.7078877005347594,0.9652406417112299,0.5628342245989305,0.9456010745466756,77.78902683852709
12086001801,Census Tract 18.01; Miami-Dade County; Florida,Miami-Dade,5374.0,38.537402307406026,45250.0,26.898175397292523,21.4832254267216,0.0,0.0,001801,0.9786096256684492,0.7720588235294118,0.9251336898395722,0.8267293485560779,89.62282226523921
12086001802,Census Tract 18.02; Miami-Dade County; Florida,Miami-Dade,4457.0,31.285294782019424,37790.0,43.09539693128752,15.677118078719149,0.0,0.0,001802,0.9545454545454546,0.9324866310160428,0.8683155080213903,0.9180658159838818,92.55917728224449
12086001803,Census Tract 18.03; Miami-Dade County; Florida,Miami-Dade,3408.0,26.17508813160987,19570.0,59.46132596685083,32.59668508287293,0.0,0.0,001803,0.9010695187165776,0.9926470588235294,0.982620320855615,0.9979852249832102,95.5078328419102
12086001901,Census Tract 19.01; Miami-Dade County; Florida,Miami-Dade,4448.0,43.59262589928058,23576.0,54.07680168332457,21.357180431351917,0.0,0.0,001901,0.9906417112299465,0.982620320855615,0.9244652406417112,0.9926124916051041,97.61962951124647
12086001903,Census Tract 19.03; Miami-Dade County; Florida,Miami-Dade,3624.0,27.320587420338043,34432.0,42.25019669551534,26.278520849724625,0.0,0.0,001903,0.9144385026737968,0.9244652406417112,0.9605614973262032,0.941571524513096,93.10950535657209
12086001904,Census Tract 19.04; Miami-Dade County; Florida,Miami-Dade,4071.0,37.85310734463277,28942.0,35.84679832435667,25.37402752842609,0.0,0.0,001904,0.9752673796791443,0.8696524064171123,0.9505347593582888,0.9731363331094695,94.87716516486319
12086002001,Census Tract 20.01; Miami-Dade County; Florida,Miami-Dade,3887.0,39.60292580982236,23329.0,47.139753801593045,38.595220854453295,0.0,0.0,002001,0.9832887700534759,0.9585561497326203,0.9926470588235294,0.9939556749496307,98.23472847225464
12086002003,Census Tract 20.03; Miami-Dade County; Florida,Miami-Dade,3136.0,52.26738327175008,22969.0,52.21953188054883,34.786117836965296,0.0,0.0,002003,0.9986631016042781,0.9772727272727273,0.9879679144385026,0.9946272666218939,99.14388223083361
12086002004,Census Tract 20.04; Miami-Dade County; Florida,Miami-Dade,3428.0,36.406067677946325,27480.0,36.81267474370923,33.83038210624418,0.0,0.0,002004,0.9705882352941176,0.8776737967914439,0.9859625668449198,0.9791806581598388,95.67986984768876
12086002100,Census Tract 21; Miami-Dade County; Florida,Miami-Dade,3104.0,11.533505154639176,87461.0,5.597326649958228,9.85797827903091,0.0,0.0,002100,0.5020053475935828,0.27072192513368987,0.7205882352941176,0.31229012760241776,46.15221966434782
12086002201,Census Tract 22.01; Miami-Dade County; Florida,Miami-Dade,2995.0,27.04005934718101,58542.0,18.685446009389672,4.413145539906103,0.0,0.0,002201,0.9097593582887701,0.6196524064171123,0.4338235294117647,0.6561450638012088,70.58279432415253
12086002202,Census Tract 22.02; Miami-Dade County; Florida,Miami-Dade,5332.0,15.707205489897063,47222.0,31.698774080560423,11.38353765323993,0.0,0.0,002202,0.6758021390374331,0.8188502673796791,0.7727272727272727,0.7981867024848892,74.82737041333415
12086002300,Census Tract 23; Miami-Dade County; Florida,Miami-Dade,5881.0,27.209262727737105,44343.0,38.4387936132466,24.659964518036663,0.0,0.0,002300,0.9124331550802139,0.892379679144385,0.94451871657754,0.8408327736736064,90.0519495911192
12086002402,Census Tract 24.02; Miami-Dade County; Florida,Miami-Dade,6092.0,20.3012666894899,39047.0,39.02173913043478,15.32608695652174,0.0,0.0,002402,0.8074866310160428,0.8970588235294118,0.8636363636363636,0.9066487575554063,85.64634413506536
12086002403,Census Tract 24.03; Miami-Dade County; Florida,Miami-Dade,4395.0,35.99544937428896,46012.0,40.97273397199705,14.812085482682388,0.0,0.0,002403,0.9699197860962567,0.9151069518716578,0.857620320855615,0.8132975151108126,90.51728720061199
12086002404,Census Tract 24.04; Miami-Dade County; Florida,Miami-Dade,6055.0,26.969446738232865,22877.0,60.535117056856194,21.65551839464883,0.0,0.0,002404,0.9090909090909091,0.9959893048128342,0.9278074866310161,0.9959704499664204,94.75898119184178
12086002501,Census Tract 25.01; Miami-Dade County; Florida,Miami-Dade,6353.0,27.402365905039694,34270.0,53.821823932525035,10.964681075382185,0.0,0.0,002501,0.9164438502673797,0.9812834224598931,0.7580213903743316,0.9429147078576225,90.30214442453214
12086002502,Census Tract 25.02; Miami-Dade County; Florida,Miami-Dade,3396.0,31.800766283524908,39444.0,29.809358752166375,31.28249566724437,0.0,0.0,002502,0.9565508021390374,0.804144385026738,0.9772727272727273,0.9032907991940899,91.95619031543261
12086002600,Census Tract 26; Miami-Dade County; Florida,Miami-Dade,6782.0,6.590976113240932,70764.0,29.136429608127724,16.90856313497823,0.0,0.0,002600,0.2426470588235294,0.7974598930481284,0.8770053475935828,0.49361987911349897,53.067584748045384
12086002702,Census Tract 27.02; Miami-Dade County; Florida,Miami-Dade,5228.0,23.03554274735831,64336.0,9.594594594594597,9.81981981981982,0.0,0.0,002702,0.8549465240641712,0.40842245989304815,0.7192513368983957,0.5795836131631967,68.34300916165968
12086002705,Census Tract 27.05; Miami-Dade County; Florida,Miami-Dade,4638.0,7.403410317289014,68848.0,19.866284622731616,17.28748806112703,0.0,0.0,002705,0.2887700534759358,0.641042780748663,0.8816844919786097,0.5268636668905305,52.5426209313935
12086002707,Census Tract 27.07; Miami-Dade County; Florida,Miami-Dade,2100.0,10.857142857142858,82467.0,1.1990407673860912,10.311750599520384,0.0,0.0,002707,0.46524064171123,0.07754010695187166,0.7366310160427807,0.34922766957689727,41.877601519880194
12086002708,Census Tract 27.08; Miami-Dade County; Florida,Miami-Dade,2636.0,9.256449165402124,70443.0,3.5961272475795294,1.3831258644536653,0.0,0.0,002708,0.3897058823529412,0.18716577540106952,0.17446524064171123,0.5010073875083949,32.84100336514116
12086002709,Census Tract 27.09; Miami-Dade County; Florida,Miami-Dade,4070.0,12.8992628992629,120774.0,0.0,12.263787119166988,0.0,0.0,002709,0.5668449197860963,0.02038770053475936,0.7994652406417112,0.11484217595701814,41.36769913411363
12086002710,Census Tract 27.10; Miami-Dade County; Florida,Miami-Dade,1826.0,15.498357064622128,113082.0,3.6286919831223625,8.270042194092827,0.0,0.0,002710,0.6671122994652406,0.19117647058823528,0.6524064171122995,0.14372061786433848,46.43056208990709
12086002800,Census Tract 28; Miami-Dade County; Florida,Miami-Dade,1071.0,56.95611577964519,29766.0,23.270440251572328,31.865828092243188,0.0,0.0,002800,0.9993315508021391,0.7098930481283422,0.9806149732620321,0.9697783747481531,93.17898995485612
12086002900,Census Tract 29; Miami-Dade County; Florida,Miami-Dade,5672.0,29.82456140350877,37054.0,50.330330330330334,21.32132132132132,0.0,0.0,002900,0.9431818181818182,0.9699197860962567,0.9237967914438503,0.9254533243787777,94.11067076565043
12086003001,Census Tract 30.01; Miami-Dade County; Florida,Miami-Dade,2944.0,50.24136650575566,20515.0,33.1643736422882,35.98841419261405,0.0,0.0,003001,0.9966577540106952,0.8348930481283422,0.9899732620320856,0.9966420416386836,96.29647719641004
12086003004,Census Tract 30.04; Miami-Dade County; Florida,Miami-Dade,5639.0,31.44016227180527,25055.0,50.32258064516129,27.397849462365592,0.0,0.0,003004,0.9552139037433155,0.9692513368983957,0.9659090909090909,0.9885829415715245,96.68342353731285
12086003005,Census Tract 30.05; Miami-Dade County; Florida,Miami-Dade,1379.0,20.594633792603336,33856.0,43.07692307692308,18.461538461538463,0.0,0.0,003005,0.8148395721925134,0.9318181818181818,0.8963903743315508,0.9469442578912022,88.09663916851925
12086003006,Census Tract 30.06; Miami-Dade County; Florida,Miami-Dade,4405.0,31.282633371169126,30592.0,38.73198847262248,21.902017291066283,0.0,0.0,003006,0.9538770053475936,0.8943850267379679,0.9298128342245989,0.9657488247145736,93.95401392744657
12086003100,Census Tract 31; Miami-Dade County; Florida,Miami-Dade,5896.0,43.87405886379192,31311.0,50.92997811816192,30.908096280087527,0.0,0.0,003100,0.9913101604278075,0.9732620320855615,0.9752673796791443,0.9603760913364674,97.83051647913577
12086003400,Census Tract 34; Miami-Dade County; Florida,Miami-Dade,3349.0,26.50060024009604,33450.0,45.5079271873165,46.623605402231355,0.0,0.0,003400,0.9044117647058824,0.9431818181818182,0.9973262032085561,0.9496306245802552,93.97924350764791
12086003603,Census Tract 36.03; Miami-Dade County; Florida,Miami-Dade,1676.0,27.088305489260144,41056.0,25.75250836120401,31.77257525083612,0.0,0.0,003603,0.910427807486631,0.75,0.9799465240641712,0.8871725990597716,88.7594947619441
12086003604,Census Tract 36.04; Miami-Dade County; Florida,Miami-Dade,2847.0,11.345275728837374,60281.0,27.21417069243156,26.006441223832528,0.0,0.0,003604,0.49064171122994654,0.7774064171122995,0.9565508021390374,0.6339825386165212,66.98446360655504
12086003605,Census Tract 36.05; Miami-Dade County; Florida,Miami-Dade,2773.0,30.18391633609809,27610.0,46.71814671814672,37.96653796653796,0.0,0.0,003605,0.9471925133689839,0.9545454545454546,0.9919786096256684,0.9778374748153122,96.37493131448807
12086003606,Census Tract 36.06; Miami-Dade County; Florida,Miami-Dade,2012.0,41.10337972166998,17205.0,60.19184652278178,41.007194244604314,0.0,0.0,003606,0.9872994652406417,0.9939839572192514,0.9946524064171123,0.9993284083277367,99.25127404890767
12086003607,Census Tract 36.07; Miami-Dade County; Florida,Miami-Dade,1942.0,47.42533470648816,27565.0,48.23008849557522,12.610619469026547,0.0,0.0,003607,0.9946524064171123,0.9612299465240641,0.8068181818181818,0.9785090664875755,94.71724015328093
12086003703,Census Tract 37.03; Miami-Dade County; Florida,Miami-Dade,3067.0,9.357678513205087,119111.0,4.648390941597139,13.885578069129917,0.0,0.0,003703,0.39438502673796794,0.23596256684491979,0.839572192513369,0.12088650100738751,39.70382627683225
12086003704,Census Tract 37.04; Miami-Dade County; Florida,Miami-Dade,1475.0,11.66101694915254,71250.0,13.872832369942197,35.74181117533718,0.0,0.0,003704,0.5120320855614974,0.5100267379679144,0.9886363636363636,0.4882471457353929,60.21948836925333
12086003705,Census Tract 37.05; Miami-Dade County; Florida,Miami-Dade,1746.0,5.498281786941581,94600.0,6.777996070726916,9.724950884086445,0.0,0.0,003705,0.18181818181818182,0.3114973262032086,0.7152406417112299,0.2585627938213566,32.97874250744318
12086003706,Census Tract 37.06; Miami-Dade County; Florida,Miami-Dade,1491.0,10.089686098654708,57885.0,3.571428571428571,26.923076923076923,0.0,0.0,003706,0.42713903743315507,0.18449197860962566,0.963903743315508,0.6608462055070518,53.270400045969915
12086003707,Census Tract 37.07; Miami-Dade County; Florida,Miami-Dade,1694.0,10.38961038961039,112000.0,10.818181818181818,19.0,0.0,0.0,003707,0.4425133689839572,0.43983957219251335,0.9024064171122995,0.15177971793149764,47.5810489040845
12086003708,Census Tract 37.08; Miami-Dade County; Florida,Miami-Dade,1094.0,3.930530164533821,96481.0,2.769230769230769,2.923076923076923,0.0,0.0,003708,0.10561497326203209,0.14572192513368984,0.31216577540106955,0.24244459368703827,18.23124481491724
12086003709,Census Tract 37.09; Miami-Dade County; Florida,Miami-Dade,1402.0,5.1355206847360915,57007.0,0.9162303664921464,3.1413612565445024,0.0,0.0,003709,0.1657754010695187,0.06684491978609626,0.3355614973262032,0.6736064472800537,28.151273330627813
12086003710,Census Tract 37.10; Miami-Dade County; Florida,Miami-Dade,6857.0,17.150357299110397,100360.0,7.806573957016435,7.585335018963338,0.0,0.0,003710,0.7212566844919787,0.34759358288770054,0.6283422459893048,0.21893888515782403,52.74776166037574
12086003801,Census Tract 38.01; Miami-Dade County; Florida,Miami-Dade,5897.0,8.835000847888757,73200.0,5.143112701252236,6.350626118067979,0.0,0.0,003801,0.3669786096256685,0.25066844919786097,0.5574866310160428,0.45936870382807254,40.02962006586627
12086003803,Census Tract 38.03; Miami-Dade County; Florida,Miami-Dade,3035.0,20.65897858319605,86172.0,2.4150943396226414,4.226415094339623,0.0,0.0,003803,0.8161764705882353,0.13168449197860962,0.4217914438502674,0.3210208193418402,50.13699392694375
12086003804,Census Tract 38.04; Miami-Dade County; Florida,Miami-Dade,5625.0,14.00888888888889,73160.0,13.444180522565322,12.304038004750591,0.0,0.0,003804,0.6122994652406417,0.5020053475935828,0.8001336898395722,0.46071188717259903,59.748997101740756
12086003906,Census Tract 39.06; Miami-Dade County; Florida,Miami-Dade,2704.0,3.0044510385756675,210469.0,0.6696428571428571,3.7946428571428568,0.0,0.0,003906,0.06350267379679145,0.05481283422459893,0.39237967914438504,0.01208865010073875,11.725730221266115
12086003909,Census Tract 39.09; Miami-Dade County; Florida,Miami-Dade,1508.0,18.899204244031832,42667.0,30.25,40.5,0.0,0.0,003909,0.7700534759358288,0.8088235294117647,0.9939839572192514,0.8629952988582942,84.11819474721938
12086003911,Census Tract 39.11; Miami-Dade County; Florida,Miami-Dade,4571.0,17.67308117673081,46458.0,15.703703703703702,18.419753086419753,0.0,0.0,003911,0.7379679144385026,0.5574866310160428,0.8950534759358288,0.8092679650772331,74.75487801812221
12086003912,Census Tract 39.12; Miami-Dade County; Florida,Miami-Dade,4131.0,12.45136186770428,51085.0,30.091012514220704,13.42434584755404,0.0,0.0,003912,0.5494652406417112,0.8061497326203209,0.8268716577540107,0.7602417730020148,69.84387289319538
12086003913,Census Tract 39.13; Miami-Dade County; Florida,Miami-Dade,3253.0,11.343375345834614,47222.0,17.33615221987315,21.775898520084567,0.0,0.0,003913,0.4899732620320856,0.5902406417112299,0.929144385026738,0.7981867024848892,65.95036506574057
12086003914,Census Tract 39.14; Miami-Dade County; Florida,Miami-Dade,3664.0,17.12950233709101,52083.0,12.517257248044178,19.190059825126554,0.0,0.0,003914,0.7205882352941176,0.4832887700534759,0.9030748663101604,0.7434519811954332,71.4198417629461
12086003915,Census Tract 39.15; Miami-Dade County; Florida,Miami-Dade,5157.0,4.440566220670933,64063.0,9.128440366972477,20.642201834862387,0.0,0.0,003915,0.12767379679144386,0.3897058823529412,0.9197860962566845,0.5809267965077233,42.91532737400473
12086003916,Census Tract 39.16; Miami-Dade County; Florida,Miami-Dade,4176.0,14.17910447761194,65713.0,27.925966249319544,21.77463255307567,0.0,0.0,003916,0.6176470588235294,0.786096256684492,0.928475935828877,0.5654801880456682,70.30692996412192
12086003917,Census Tract 39.17; Miami-Dade County; Florida,Miami-Dade,5246.0,10.976337243984888,71379.0,21.743295019157088,6.369731800766283,0.0,0.0,003917,0.4772727272727273,0.6858288770053476,0.5594919786096256,0.48488918737407655,53.69510995069009
12086003918,Census Tract 39.18; Miami-Dade County; Florida,Miami-Dade,2778.0,6.731461483081354,83375.0,4.055087987758225,5.049732211170619,0.0,0.0,003918,0.24933155080213903,0.20788770053475936,0.4732620320855615,0.3431833445265279,30.459923575022536
12086003919,Census Tract 39.19; Miami-Dade County; Florida,Miami-Dade,2536.0,3.864353312302839,111583.0,0.99009900990099,1.65016501650165,0.0,0.0,003919,0.10160427807486631,0.07085561497326204,0.20454545454545456,0.15513767629281397,12.674946039225265
12086003921,Census Tract 39.21; Miami-Dade County; Florida,Miami-Dade,3111.0,5.88235294117647,105174.0,1.3564431047475507,2.93896006028636,0.0,0.0,003921,0.20454545454545456,0.08489304812834225,0.3135026737967914,0.18132975151108127,19.77632765054248
12086003922,Census Tract 39.22; Miami-Dade County; Florida,Miami-Dade,2355.0,2.7600849256900215,95278.0,3.7449392712550607,6.680161943319838,0.0,0.0,003922,0.05548128342245989,0.19585561497326204,0.5815508021390374,0.25453324378777703,22.858044554899926
12086004000,Census Tract 40; Miami-Dade County; Florida,Miami-Dade,4553.0,6.956713780918728,124504.0,7.979071288423806,5.232177894048397,0.0,0.0,004000,0.2606951871657754,0.3536096256684492,0.4879679144385027,0.1061114842175957,29.381587973121963
12086004102,Census Tract 41.02; Miami-Dade County; Florida,Miami-Dade,2473.0,7.20164609053498,181875.0,1.2711864406779665,7.203389830508475,0.0,0.0,004102,0.2767379679144385,0.08021390374331551,0.6082887700534759,0.019476158495634655,25.22909536242606
12086004103,Census Tract 41.03; Miami-Dade County; Florida,Miami-Dade,2196.0,24.408014571949,42238.0,32.59372609028309,31.752104055087987,0.0,0.0,004103,0.8770053475935828,0.8308823529411765,0.9792780748663101,0.8710543989254533,88.70451043840212
12086004105,Census Tract 41.05; Miami-Dade County; Florida,Miami-Dade,2590.0,15.603413246647705,68125.0,2.193548387096774,27.35483870967742,0.0,0.0,004105,0.6717914438502673,0.125,0.964572192513369,0.539288112827401,59.44886386082611
12086004106,Census Tract 41.06; Miami-Dade County; Florida,Miami-Dade,2685.0,2.830540037243948,160664.0,1.8935978358881875,7.57439134355275,0.0,0.0,004106,0.05815508021390375,0.11029411764705882,0.6276737967914439,0.0335795836131632,17.75715316958947
12086004204,Census Tract 42.04; Miami-Dade County; Florida,Miami-Dade,2284.0,19.043440105309344,45182.0,13.519313304721033,47.42489270386266,0.0,0.0,004204,0.7754010695187166,0.5026737967914439,0.9979946524064172,0.8290799194089993,77.61101015288587
12086004205,Census Tract 42.05; Miami-Dade County; Florida,Miami-Dade,2012.0,10.43737574552684,52104.0,8.724832214765101,50.70842654735272,0.0,0.0,004205,0.44385026737967914,0.37767379679144386,1.0,0.7421087978509067,60.14966258803418
12086004206,Census Tract 42.06; Miami-Dade County; Florida,Miami-Dade,1909.0,35.54729011689692,67593.0,33.70288248337029,17.405764966740577,0.0,0.0,004206,0.9692513368983957,0.8482620320855615,0.8830213903743316,0.5460040295500336,84.31580251613437
12086004207,Census Tract 42.07; Miami-Dade County; Florida,Miami-Dade,2141.0,11.116300794021486,56393.0,4.609053497942387,24.526748971193417,0.0,0.0,004207,0.481951871657754,0.2339572192513369,0.9425133689839572,0.6856950973807925,56.52138857863189
12086004208,Census Tract 42.08; Miami-Dade County; Florida,Miami-Dade,1071.0,24.836601307189543,51917.0,18.06930693069307,34.65346534653465,0.0,0.0,004208,0.8856951871657754,0.6036096256684492,0.9872994652406417,0.7458025520483546,82.16204034577993
12086004301,Census Tract 43.01; Miami-Dade County; Florida,Miami-Dade,2287.0,8.04547442063839,78526.0,2.262443438914027,18.85369532428356,0.0,0.0,004301,0.32419786096256686,0.12834224598930483,0.9017379679144385,0.39019476158495636,41.373413948276664
12086004303,Census Tract 43.03; Miami-Dade County; Florida,Miami-Dade,2541.0,13.81345926800472,54022.0,10.028248587570625,44.98587570621469,0.0,0.0,004303,0.6049465240641712,0.4184491978609626,0.9966577540106952,0.7259905977165884,67.01981195433177
12086004304,Census Tract 43.04; Miami-Dade County; Florida,Miami-Dade,2069.0,18.4390243902439,69659.0,7.954545454545454,32.7922077922078,0.0,0.0,004304,0.7586898395721925,0.35060160427807485,0.9832887700534759,0.5130960376091337,67.2873218217014
12086004403,Census Tract 44.03; Miami-Dade County; Florida,Miami-Dade,2977.0,23.20540156361052,49665.0,14.46280991735537,38.84297520661157,0.0,0.0,004403,0.857620320855615,0.5240641711229946,0.9933155080213903,0.7743451981195433,80.13931037950316
12086004404,Census Tract 44.04; Miami-Dade County; Florida,Miami-Dade,2127.0,34.79078514339445,26224.0,34.39943141435678,44.420753375977256,0.0,0.0,004404,0.9665775401069518,0.8549465240641712,0.9959893048128342,0.9838817998656817,95.35945417913182
12086004405,Census Tract 44.05; Miami-Dade County; Florida,Miami-Dade,3427.0,20.951269331777063,47450.0,30.32085561497326,48.44919786096257,0.0,0.0,004405,0.8221925133689839,0.8094919786096256,0.9986631016042781,0.7951645399597045,84.95409293823151
12086004406,Census Tract 44.06; Miami-Dade County; Florida,Miami-Dade,2417.0,11.046752172114193,68636.0,14.401076716016153,26.17765814266487,0.0,0.0,004406,0.47927807486631013,0.5233957219251337,0.9585561497326203,0.5325721961047682,59.46160434990285
12086004500,Census Tract 45; Miami-Dade County; Florida,Miami-Dade,4156.0,16.658084449021626,69983.0,22.98689138576779,20.973782771535586,0.0,0.0,004500,0.7058823529411765,0.7065508021390374,0.9204545454545454,0.5077233042310275,70.92986715413927
12086004602,Census Tract 46.02; Miami-Dade County; Florida,Miami-Dade,4698.0,4.980842911877394,239853.0,1.9163763066202089,0.7839721254355401,0.0,0.0,004602,0.15775401069518716,0.11229946524064172,0.11029411764705882,0.006715916722632639,10.89635042001415
12086004605,Census Tract 46.05; Miami-Dade County; Florida,Miami-Dade,3674.0,11.594991834512792,168646.0,1.6628873771730914,3.4769463340891913,0.0,0.0,004605,0.5073529411764706,0.0982620320855615,0.3663101604278075,0.027535258562793822,30.136266668582085
12086004607,Census Tract 46.07; Miami-Dade County; Florida,Miami-Dade,4336.0,8.902214022140221,166250.0,0.8504606661941885,0.6378454996456413,0.0,0.0,004607,0.3729946524064171,0.06283422459893048,0.0982620320855615,0.02921423774345198,18.72599598481556
12086004608,Census Tract 46.08; Miami-Dade County; Florida,Miami-Dade,1931.0,9.010875194199896,101563.0,3.7783375314861463,9.06801007556675,0.0,0.0,004608,0.3790106951871658,0.19786096256684493,0.6871657754010695,0.20852921423774345,37.03154685159979
12086004701,Census Tract 47.01; Miami-Dade County; Florida,Miami-Dade,4933.0,12.26434218528279,88324.0,7.1807228915662655,12.192771084337348,0.0,0.0,004701,0.5441176470588235,0.3282085561497326,0.7961229946524064,0.30624580255204836,50.3762529494367
12086004703,Census Tract 47.03; Miami-Dade County; Florida,Miami-Dade,5275.0,14.528717230338204,85703.0,23.907028223574983,4.095185390149418,0.0,0.0,004703,0.6343582887700535,0.7185828877005348,0.4144385026737968,0.3270651443922095,54.57606224613296
12086004704,Census Tract 47.04; Miami-Dade County; Florida,Miami-Dade,2419.0,7.538525614327364,75455.0,12.967581047381548,6.483790523690773,0.0,0.0,004704,0.2994652406417112,0.4939839572192513,0.570855614973262,0.43451981195433176,41.96579730860535
12086004705,Census Tract 47.05; Miami-Dade County; Florida,Miami-Dade,3521.0,6.787844362397047,101106.0,24.00497512437811,2.674129353233831,0.0,0.0,004705,0.2533422459893048,0.7192513368983957,0.29545454545454547,0.21155137676292815,34.65883502188959
12086004901,Census Tract 49.01; Miami-Dade County; Florida,Miami-Dade,3346.0,18.82882882882883,51385.0,24.983432736911865,10.603048376408216,0.0,0.0,004901,0.7667112299465241,0.7352941176470589,0.7466577540106952,0.7562122229684352,75.43173109038474
12086004903,Census Tract 49.03; Miami-Dade County; Florida,Miami-Dade,3158.0,15.484483850538316,43428.0,20.786933927245737,8.389012620638455,0.0,0.0,004903,0.6664438502673797,0.6617647058823529,0.6557486631016043,0.8562793821356616,70.13360903308757
12086004904,Census Tract 49.04; Miami-Dade County; Florida,Miami-Dade,2302.0,8.849557522123893,62551.0,24.681344148319813,11.935110081112398,0.0,0.0,004904,0.36831550802139035,0.7299465240641712,0.7894385026737968,0.5997313633310947,57.114948122236875
12086005002,Census Tract 50.02; Miami-Dade County; Florida,Miami-Dade,4619.0,12.96980230284597,55142.0,33.02804808242702,10.818546078992558,0.0,0.0,005002,0.56951871657754,0.8328877005347594,0.7526737967914439,0.7078576225654802,68.64913106093528
12086005003,Census Tract 50.03; Miami-Dade County; Florida,Miami-Dade,3737.0,21.42665593993027,60975.0,42.90171606864275,20.358814352574104,0.0,0.0,005003,0.8315508021390374,0.928475935828877,0.9171122994652406,0.6255876427132303,82.68554964570846
12086005004,Census Tract 50.04; Miami-Dade County; Florida,Miami-Dade,3908.0,18.856259659969087,44643.0,50.172413793103445,12.758620689655173,0.0,0.0,005004,0.768048128342246,0.9685828877005348,0.8148395721925134,0.8354600402955004,83.09957513746082
12086005102,Census Tract 51.02; Miami-Dade County; Florida,Miami-Dade,5055.0,32.94889640087493,33324.0,46.43886372993001,29.435981885549612,0.0,0.0,005102,0.9592245989304813,0.9518716577540107,0.9719251336898396,0.9503022162525184,95.85096411114664
12086005103,Census Tract 51.03; Miami-Dade County; Florida,Miami-Dade,2574.0,12.475633528265108,45023.0,41.21827411167513,16.6497461928934,0.0,0.0,005103,0.5508021390374331,0.9171122994652406,0.8756684491978609,0.8300873069173942,74.48944667310725
12086005104,Census Tract 51.04; Miami-Dade County; Florida,Miami-Dade,4386.0,34.88638971769566,31440.0,33.565683646112596,12.600536193029493,0.0,0.0,005104,0.9672459893048129,0.8442513368983957,0.8061497326203209,0.9597044996642041,90.89195095585093
12086005201,Census Tract 52.01; Miami-Dade County; Florida,Miami-Dade,5426.0,18.577220788794698,36535.0,41.4983164983165,30.429292929292927,0.0,0.0,005201,0.7613636363636364,0.9211229946524064,0.9745989304812834,0.9294828744123573,86.9586414454664
12086005202,Census Tract 52.02; Miami-Dade County; Florida,Miami-Dade,6476.0,18.905389621224764,38322.0,39.275500476644424,26.40610104861773,0.0,0.0,005202,0.7707219251336899,0.9010695187165776,0.9612299465240641,0.9133646742780389,86.34215979572122
12086005303,Census Tract 53.03; Miami-Dade County; Florida,Miami-Dade,3360.0,21.844951923076923,41177.0,40.24483550114767,33.05279265493496,0.0,0.0,005303,0.838903743315508,0.910427807486631,0.9852941176470589,0.8844862323707186,89.16031288270851
12086005304,Census Tract 53.04; Miami-Dade County; Florida,Miami-Dade,4336.0,25.94557195571956,30114.0,40.91662065157371,31.971286581998896,0.0,0.0,005304,0.8977272727272727,0.9144385026737968,0.9812834224598931,0.9684351914036265,93.19223323983724
12086005305,Census Tract 53.05; Miami-Dade County; Florida,Miami-Dade,3898.0,37.3358348968105,30667.0,46.008403361344534,28.361344537815125,0.0,0.0,005305,0.9732620320855615,0.9478609625668449,0.9692513368983957,0.964405641370047,96.5608401001282
12086005306,Census Tract 53.06; Miami-Dade County; Florida,Miami-Dade,4745.0,28.598524762908323,24507.0,46.3623395149786,41.940085592011414,0.0,0.0,005306,0.93048128342246,0.9498663101604278,0.9953208556149733,0.989926124916051,95.92151715072745
12086005403,Census Tract 54.03; Miami-Dade County; Florida,Miami-Dade,1699.0,25.721012360211887,52639.0,20.94017094017094,4.273504273504273,0.0,0.0,005403,0.8950534759358288,0.6651069518716578,0.4244652406417112,0.7367360644728005,72.32830417715654
12086005405,Census Tract 54.05; Miami-Dade County; Florida,Miami-Dade,3940.0,19.897959183673468,47536.0,28.95357985837923,13.453973249409914,0.0,0.0,005405,0.7981283422459893,0.7954545454545454,0.8282085561497327,0.7931497649429147,80.26139102078344
12086005406,Census Tract 54.06; Miami-Dade County; Florida,Miami-Dade,3392.0,30.99674652469683,,44.60431654676259,49.7841726618705,0.0,0.0,005406,0.9532085561497327,0.9405080213903744,0.9993315508021391,,96.15641711229947
12086005407,Census Tract 54.07; Miami-Dade County; Florida,Miami-Dade,2559.0,17.51207729468599,40328.0,30.82706766917293,25.99355531686359,0.0,0.0,005407,0.732620320855615,0.8135026737967914,0.9558823529411765,0.8985896574882472,82.66430651874892
12086005409,Census Tract 54.09; Miami-Dade County; Florida,Miami-Dade,3768.0,41.56852248394004,22891.0,55.79058699101005,30.354309888947643,0.0,0.0,005409,0.9879679144385026,0.9879679144385026,0.9739304812834224,0.9952988582941572,98.66266165786176
12086005410,Census Tract 54.10; Miami-Dade County; Florida,Miami-Dade,2929.0,40.76476613178559,26328.0,52.14168039538715,36.57331136738056,0.0,0.0,005410,0.9866310160427807,0.9766042780748663,0.9906417112299465,0.9832102081934184,98.47436459167585
12086005503,Census Tract 55.03; Miami-Dade County; Florida,Miami-Dade,3658.0,14.5981410606889,50869.0,18.4449958643507,12.903225806451612,0.0,0.0,005503,0.6377005347593583,0.6129679144385026,0.8161764705882353,0.7609133646742781,69.30917638439466
12086005504,Census Tract 55.04; Miami-Dade County; Florida,Miami-Dade,2400.0,17.574468085106382,59701.0,39.68565815324165,8.055009823182711,0.0,0.0,005504,0.733957219251337,0.9070855614973262,0.6457219251336899,0.6420416386836804,73.25527127634741
12086005505,Census Tract 55.05; Miami-Dade County; Florida,Miami-Dade,2322.0,29.546436285097194,37317.0,29.64705882352941,11.176470588235295,0.0,0.0,005505,0.9385026737967914,0.8028074866310161,0.7653743315508021,0.9227669576897246,87.35908246930252
12086005506,Census Tract 55.06; Miami-Dade County; Florida,Miami-Dade,3358.0,33.53941267387944,39821.0,38.33470733718055,11.624072547403133,0.0,0.0,005506,0.9618983957219251,0.8917112299465241,0.7794117647058824,0.9012760241773002,89.92391620547114
12086005600,Census Tract 56; Miami-Dade County; Florida,Miami-Dade,4590.0,9.3551912568306,56632.0,27.038400841662284,13.992635455023672,0.0,0.0,005600,0.39371657754010697,0.7747326203208557,0.8415775401069518,0.6783075889858966,61.641018089878365
12086005701,Census Tract 57.01; Miami-Dade County; Florida,Miami-Dade,6546.0,19.803650866697343,55433.0,36.29541864139021,13.033175355450238,0.0,0.0,005701,0.7947860962566845,0.8723262032085561,0.8188502673796791,0.7024848891873741,79.66467104577958
12086005705,Census Tract 57.05; Miami-Dade County; Florida,Miami-Dade,2970.0,16.86868686868687,38457.0,33.55457227138643,12.315634218289086,0.0,0.0,005705,0.714572192513369,0.8435828877005348,0.8008021390374331,0.9120214909335125,79.71101805396437
12086005706,Census Tract 57.06; Miami-Dade County; Florida,Miami-Dade,3785.0,20.383036935704517,60543.0,27.2196261682243,23.539719626168225,0.0,0.0,005706,0.8094919786096256,0.7780748663101604,0.9364973262032086,0.6319677635997314,79.31047826664704
12086005707,Census Tract 57.07; Miami-Dade County; Florida,Miami-Dade,1562.0,19.39820742637644,37378.0,43.65325077399381,11.91950464396285,0.0,0.0,005707,0.7840909090909091,0.9344919786096256,0.7881016042780749,0.9214237743451981,84.24398350829433
12086005708,Census Tract 57.08; Miami-Dade County; Florida,Miami-Dade,6103.0,12.665902015402262,37176.0,31.746031746031743,17.6937441643324,0.0,0.0,005708,0.5581550802139037,0.81951871657754,0.8890374331550802,0.9241101410342512,74.97952902389359
12086005803,Census Tract 58.03; Miami-Dade County; Florida,Miami-Dade,6577.0,9.061882317165882,57390.0,25.39906103286385,9.061032863849764,0.0,0.0,005803,0.38235294117647056,0.7459893048128342,0.6858288770053476,0.6662189388851578,57.254860061125626
12086005804,Census Tract 58.04; Miami-Dade County; Florida,Miami-Dade,3916.0,8.721378955492668,53943.0,20.50653594771242,8.741830065359476,0.0,0.0,005804,0.36363636363636365,0.6550802139037433,0.6704545454545454,0.7280053727333781,55.616257187287886
12086005805,Census Tract 58.05; Miami-Dade County; Florida,Miami-Dade,2426.0,7.656903765690376,66531.0,24.686716791979947,8.395989974937343,0.0,0.0,005805,0.3048128342245989,0.7306149732620321,0.6564171122994652,0.554734721289456,51.02784950600303
12086005806,Census Tract 58.06; Miami-Dade County; Florida,Miami-Dade,4558.0,4.497586660816148,72738.0,20.653594771241828,11.372549019607844,0.0,0.0,005806,0.13101604278074866,0.6590909090909091,0.7720588235294118,0.4667562122229684,43.19876060809573
12086005901,Census Tract 59.01; Miami-Dade County; Florida,Miami-Dade,5140.0,10.09727626459144,75399.0,15.614122327200397,6.911984087518648,0.0,0.0,005901,0.428475935828877,0.5528074866310161,0.5942513368983957,0.4358629952988583,48.79747380972048
12086005902,Census Tract 59.02; Miami-Dade County; Florida,Miami-Dade,3324.0,17.953488372093023,47404.0,27.249575551782684,8.149405772495756,0.0,0.0,005902,0.7459893048128342,0.7787433155080213,0.6483957219251337,0.7958361316319678,74.29907557381583
12086005903,Census Tract 59.03; Miami-Dade County; Florida,Miami-Dade,5909.0,16.452881819736618,52685.0,46.663078579117325,10.54897739504844,0.0,0.0,005903,0.6998663101604278,0.9538770053475936,0.7446524064171123,0.7360644728005373,76.68653009772197
12086005904,Census Tract 59.04; Miami-Dade County; Florida,Miami-Dade,5618.0,20.34445640473627,59850.0,21.373654536135316,3.792926704254228,0.0,0.0,005904,0.8081550802139037,0.6751336898395722,0.3917112299465241,0.6393552719946273,66.45020704417061
12086006002,Census Tract 60.02; Miami-Dade County; Florida,Miami-Dade,6437.0,11.914893617021278,74613.0,20.17866526537047,3.9411455596426697,0.0,0.0,006002,0.5247326203208557,0.6517379679144385,0.4057486631016043,0.44392209536601746,51.01747934047543
12086006003,Census Tract 60.03; Miami-Dade County; Florida,Miami-Dade,2894.0,3.697304768486524,139563.0,18.19148936170213,2.2340425531914896,0.0,0.0,006003,0.0962566844919786,0.607620320855615,0.25935828877005346,0.0715245130960376,22.620329834113267
12086006004,Census Tract 60.04; Miami-Dade County; Florida,Miami-Dade,2379.0,1.69419737399407,128636.0,1.4038876889848813,3.3477321814254863,0.0,0.0,006004,0.027406417112299464,0.09024064171122995,0.3536096256684492,0.09200805910006717,11.813423214086905
12086006103,Census Tract 61.03; Miami-Dade County; Florida,Miami-Dade,2014.0,2.333664349553128,195566.0,2.2606382978723407,3.1914893617021276,0.0,0.0,006103,0.04077540106951872,0.12767379679144386,0.34024064171123,0.014103425117528543,11.271373315184798
12086006104,Census Tract 61.04; Miami-Dade County; Florida,Miami-Dade,3889.0,5.168423759321162,150875.0,0.9422850412249704,5.30035335689046,0.0,0.0,006104,0.1677807486631016,0.06885026737967914,0.4946524064171123,0.051712558764271326,19.015534597745322
12086006105,Census Tract 61.05; Miami-Dade County; Florida,Miami-Dade,2202.0,8.537693006357856,134205.0,10.771113831089352,3.182374541003672,0.0,0.0,006105,0.35561497326203206,0.43716577540106955,0.339572192513369,0.08327736736064473,31.424905635982945
12086006106,Census Tract 61.06; Miami-Dade County; Florida,Miami-Dade,2460.0,4.878048780487805,140875.0,6.974128233970754,1.574803149606299,0.0,0.0,006106,0.15106951871657753,0.321524064171123,0.19919786096256684,0.06783075889858965,17.81383442930869
12086006201,Census Tract 62.01; Miami-Dade County; Florida,Miami-Dade,2914.0,10.868812737971616,50417.0,21.522693997071745,24.37774524158126,0.0,0.0,006201,0.4679144385026738,0.679144385026738,0.9411764705882353,0.7652787105439892,66.4285688632862
12086006203,Census Tract 62.03; Miami-Dade County; Florida,Miami-Dade,2617.0,11.850152905198778,88529.0,4.1731066460587325,12.67387944358578,0.0,0.0,006203,0.5220588235294118,0.21390374331550802,0.8088235294117647,0.30423102753525855,47.421518946427106
12086006205,Census Tract 62.05; Miami-Dade County; Florida,Miami-Dade,3648.0,20.394736842105264,66394.0,11.250581125058112,9.390980939098094,0.0,0.0,006205,0.8101604278074866,0.45187165775401067,0.6978609625668449,0.5567494963062458,66.5360594448415
12086006206,Census Tract 62.06; Miami-Dade County; Florida,Miami-Dade,3896.0,8.470225872689939,108106.0,6.783369803063458,4.923413566739606,0.0,0.0,006206,0.3522727272727273,0.31216577540106955,0.46189839572192515,0.16924110141034251,32.95701454157584
12086006302,Census Tract 63.02; Miami-Dade County; Florida,Miami-Dade,5606.0,19.15160193305889,70571.0,26.02607436021246,8.788025108643167,0.0,0.0,006302,0.7794117647058824,0.7546791443850267,0.6758021390374331,0.4976494291470786,69.73908483962606
12086006303,Census Tract 63.03; Miami-Dade County; Florida,Miami-Dade,3421.0,23.899001761597184,33644.0,49.72443355786895,26.82180036742192,0.0,0.0,006303,0.8663101604278075,0.9672459893048129,0.9632352941176471,0.9482874412357287,92.22778091027608
12086006304,Census Tract 63.04; Miami-Dade County; Florida,Miami-Dade,2906.0,18.203716448726773,44286.0,33.80281690140845,10.172143974960877,0.0,0.0,006304,0.7513368983957219,0.8495989304812834,0.732620320855615,0.8438549361987912,78.57495968654267
12086006401,Census Tract 64.01; Miami-Dade County; Florida,Miami-Dade,3638.0,16.107751511819682,40477.0,41.91443074691806,22.91515591007977,0.0,0.0,006401,0.6871657754010695,0.9224598930481284,0.9338235294117647,0.8965748824714573,82.54379711466979
12086006402,Census Tract 64.02; Miami-Dade County; Florida,Miami-Dade,3952.0,23.220295107429457,51739.0,18.496732026143793,11.437908496732026,0.0,0.0,006402,0.8582887700534759,0.6136363636363636,0.7754010695187166,0.7528542646071189,77.16938475738301
12086006403,Census Tract 64.03; Miami-Dade County; Florida,Miami-Dade,3228.0,8.307405102675794,34079.0,17.78783958602846,9.573091849935317,0.0,0.0,006403,0.3422459893048128,0.6002673796791443,0.7058823529411765,0.9449294828744124,58.71142388208719
12086006501,Census Tract 65.01; Miami-Dade County; Florida,Miami-Dade,3973.0,5.542957923910305,68632.0,19.3058568329718,5.929139551699205,0.0,0.0,006501,0.1858288770053476,0.6310160427807486,0.536096256684492,0.5332437877770315,41.44027682505935
12086006503,Census Tract 65.03; Miami-Dade County; Florida,Miami-Dade,2147.0,15.632291180587965,85870.0,20.050761421319795,13.578680203045684,0.0,0.0,006503,0.6731283422459893,0.6480614973262032,0.8328877005347594,0.32505036937541976,63.04512503456722
12086006504,Census Tract 65.04; Miami-Dade County; Florida,Miami-Dade,2003.0,15.426859710434348,89922.0,10.87216248506571,7.885304659498208,0.0,0.0,006504,0.6637700534759359,0.4411764705882353,0.641042780748663,0.2941571524513096,54.0783302148016
12086006603,Census Tract 66.03; Miami-Dade County; Florida,Miami-Dade,2605.0,31.70825335892514,33477.0,35.60421735604217,27.656123276561235,0.0,0.0,006603,0.9558823529411765,0.8669786096256684,0.9672459893048129,0.948959032907992,93.89896675441653
12086006604,Census Tract 66.04; Miami-Dade County; Florida,Miami-Dade,1989.0,23.127199597787833,57816.0,24.065040650406505,19.26829268292683,0.0,0.0,006604,0.856951871657754,0.7205882352941176,0.9044117647058824,0.6621893888515782,80.02186264334173
12086006605,Census Tract 66.05; Miami-Dade County; Florida,Miami-Dade,1639.0,9.762050030506408,112039.0,15.112855740922472,12.757605495583906,0.0,0.0,006605,0.40842245989304815,0.5401069518716578,0.8141711229946524,0.15043653458697112,46.43119058478755
12086006606,Census Tract 66.06; Miami-Dade County; Florida,Miami-Dade,1289.0,19.86035686578743,,35.36977491961415,7.07395498392283,0.0,0.0,006606,0.7974598930481284,0.8636363636363636,0.6009358288770054,,76.48729946524064
12086006607,Census Tract 66.07; Miami-Dade County; Florida,Miami-Dade,3871.0,14.389989572471324,78113.0,21.332436069986542,9.01749663526245,0.0,0.0,006607,0.6276737967914439,0.6737967914438503,0.6831550802139037,0.39758226997985224,60.197634704409886
12086006608,Census Tract 66.08; Miami-Dade County; Florida,Miami-Dade,3786.0,4.535809018567639,99191.0,0.4864489228630994,11.8137595552467,0.0,0.0,006608,0.13368983957219252,0.0481283422459893,0.7847593582887701,0.22296843519140364,26.464716297410963
12086006705,Census Tract 67.05; Miami-Dade County; Florida,Miami-Dade,4035.0,10.483271375464684,103889.0,8.735213830755233,5.3230209281164695,0.0,0.0,006705,0.4451871657754011,0.3783422459893048,0.4959893048128342,0.1914036265950302,39.12219017895943
12086006706,Census Tract 67.06; Miami-Dade County; Florida,Miami-Dade,3055.0,1.669394435351882,76414.0,0.4845548152634766,3.3313143549364024,0.0,0.0,006706,0.026737967914438502,0.047459893048128345,0.35294117647058826,0.42175957018132976,17.51273151057847
12086006707,Census Tract 67.07; Miami-Dade County; Florida,Miami-Dade,3962.0,1.16102978293791,142014.0,0.0,10.024570024570025,0.0,0.0,006707,0.01537433155080214,0.02038770053475936,0.7266042780748663,0.06447280053727333,16.844268844970063
12086006709,Census Tract 67.09; Miami-Dade County; Florida,Miami-Dade,1569.0,3.3779477374123643,159219.0,1.3874066168623265,9.6051227321238,0.0,0.0,006709,0.08221925133689839,0.08823529411764706,0.7072192513368984,0.03760913364674278,19.9500436355017
12086006713,Census Tract 67.13; Miami-Dade County; Florida,Miami-Dade,2157.0,8.205841446453407,148068.0,3.2056990204808544,7.034728406055208,0.0,0.0,006713,0.33689839572192515,0.1677807486631016,0.5995989304812834,0.056413700470114174,29.951803421166996
12086006714,Census Tract 67.14; Miami-Dade County; Florida,Miami-Dade,2051.0,6.094588005850805,127298.0,4.8068669527897,10.128755364806867,0.0,0.0,006714,0.21724598930481284,0.24331550802139038,0.7299465240641712,0.09536601746138348,30.06240056313142
12086006715,Census Tract 67.15; Miami-Dade County; Florida,Miami-Dade,3904.0,15.13360739979445,98740.0,1.8161805173362684,1.5960374243258115,0.0,0.0,006715,0.6524064171122995,0.10628342245989304,0.20053475935828877,0.22632639355271994,36.759148191910015
12086006716,Census Tract 67.16; Miami-Dade County; Florida,Miami-Dade,737.0,36.77069199457259,,0.0,28.885400313971743,0.0,0.0,006716,0.9712566844919787,0.02038770053475936,0.9705882352941176,,73.33723262032086
12086006717,Census Tract 67.17; Miami-Dade County; Florida,Miami-Dade,2187.0,20.34750800182899,173112.0,0.0,26.64233576642336,0.0,0.0,006717,0.8088235294117647,0.02038770053475936,0.9625668449197861,0.026192075218267292,52.53587358992684
12086006718,Census Tract 67.18; Miami-Dade County; Florida,Miami-Dade,2341.0,0.6407518154634771,200292.0,8.87035633055345,10.386656557998483,0.0,0.0,006718,0.006016042780748663,0.3830213903743315,0.7399732620320856,0.013431833445265278,22.969171428263596
12086006719,Census Tract 67.19; Miami-Dade County; Florida,Miami-Dade,2028.0,6.804733727810651,102039.0,0.0,16.910785619174433,0.0,0.0,006719,0.25467914438502676,0.02038770053475936,0.8776737967914439,0.20349227669576897,32.21824125584051
12086006720,Census Tract 67.20; Miami-Dade County; Florida,Miami-Dade,2368.0,1.1402027027027026,136406.0,0.0,8.765243902439025,0.0,0.0,006720,0.014037433155080214,0.02038770053475936,0.6751336898395722,0.08059100067159167,16.083745147121675
12086006721,Census Tract 67.21; Miami-Dade County; Florida,Miami-Dade,2657.0,7.640195709446744,114595.0,0.0,1.858736059479554,0.0,0.0,006721,0.303475935828877,0.02038770053475936,0.22259358288770054,0.1343183344526528,19.68502979065734
12086006722,Census Tract 67.22; Miami-Dade County; Florida,Miami-Dade,1777.0,14.96904895891953,93387.0,5.87467362924282,24.804177545691903,0.0,0.0,006722,0.6497326203208557,0.2767379679144385,0.945855614973262,0.26729348556077903,55.787046181803824
12086006801,Census Tract 68.01; Miami-Dade County; Florida,Miami-Dade,2893.0,12.02903560318009,139659.0,2.6336173508907823,7.203718048024788,0.0,0.0,006801,0.5334224598930482,0.13903743315508021,0.608957219251337,0.07051712558764271,37.707133955603126
12086006802,Census Tract 68.02; Miami-Dade County; Florida,Miami-Dade,3661.0,5.532503457814661,181728.0,4.356705241660993,7.6923076923076925,0.0,0.0,006802,0.18449197860962566,0.2212566844919786,0.6323529411764706,0.020147750167897917,24.854826661111968
12086006901,Census Tract 69.01; Miami-Dade County; Florida,Miami-Dade,3201.0,11.397984886649876,78039.0,10.0,9.024390243902438,0.0,0.0,006901,0.49264705882352944,0.41711229946524064,0.6838235294117647,0.3989254533243788,49.70310799696887
12086006902,Census Tract 69.02; Miami-Dade County; Florida,Miami-Dade,2742.0,10.649161196207148,58500.0,8.623417721518987,9.81012658227848,0.0,0.0,006902,0.4552139037433155,0.375,0.7185828877005348,0.6568166554734721,53.216547013212754
12086007003,Census Tract 70.03; Miami-Dade County; Florida,Miami-Dade,4551.0,9.05295539441881,57829.0,15.090909090909092,9.696969696969695,0.0,0.0,007003,0.3803475935828877,0.5394385026737968,0.7132352941176471,0.661517797179315,53.497735622730694
12086007004,Census Tract 70.04; Miami-Dade County; Florida,Miami-Dade,4852.0,8.34735071488646,68516.0,12.590799031477,5.375302663438257,0.0,0.0,007004,0.3449197860962567,0.4852941176470588,0.49933155080213903,0.5352585627938213,44.19447606871066
12086007005,Census Tract 70.05; Miami-Dade County; Florida,Miami-Dade,1804.0,19.688542825361512,43512.0,27.51895991332611,6.717226435536294,0.0,0.0,007005,0.7914438502673797,0.7820855614973262,0.5842245989304813,0.854936198791135,76.08268119507406
12086007006,Census Tract 70.06; Miami-Dade County; Florida,Miami-Dade,3298.0,18.33436917339963,53333.0,9.04836193447738,7.644305772230889,0.0,0.0,007006,0.7560160427807486,0.38636363636363635,0.6310160427807486,0.732706514439221,65.24236558290207
12086007007,Census Tract 70.07; Miami-Dade County; Florida,Miami-Dade,2266.0,26.188340807174885,60291.0,23.534971644612476,11.153119092627598,0.0,0.0,007007,0.9017379679144385,0.7118983957219251,0.7647058823529411,0.6333109469442579,78.26782321696004
12086007101,Census Tract 71.01; Miami-Dade County; Florida,Miami-Dade,2771.0,14.11042944785276,56600.0,32.28782287822878,14.29889298892989,0.0,0.0,007101,0.6136363636363636,0.8268716577540107,0.8475935828877005,0.6796507723304231,71.62777480489724
12086007103,Census Tract 71.03; Miami-Dade County; Florida,Miami-Dade,2079.0,21.83742183742184,108750.0,1.9896193771626296,4.58477508650519,0.0,0.0,007103,0.8382352941176471,0.11564171122994653,0.4405080213903743,0.16722632639355273,47.99693294498336
12086007104,Census Tract 71.04; Miami-Dade County; Florida,Miami-Dade,3163.0,1.5175466329434082,158750.0,8.811188811188812,4.125874125874126,0.0,0.0,007104,0.02072192513368984,0.3803475935828877,0.41711229946524064,0.040295500335795834,17.583984873026075
12086007200,Census Tract 72; Miami-Dade County; Florida,Miami-Dade,2612.0,24.11944869831547,57143.0,21.699819168173597,23.869801084990957,0.0,0.0,007200,0.8723262032085561,0.6844919786096256,0.9391711229946524,0.6689053055742109,80.74441627191203
12086007300,Census Tract 73; Miami-Dade County; Florida,Miami-Dade,4338.0,6.7542646380820655,250001.0,3.28515111695138,0.8541392904073587,0.0,0.0,007300,0.25,0.17179144385026737,0.11564171122994653,0.0030221625251846875,15.809106352107975
12086007401,Census Tract 74.01; Miami-Dade County; Florida,Miami-Dade,1334.0,0.3748125937031484,229375.0,0.0,2.9465930018416207,0.0,0.0,007401,0.0033422459893048127,0.02038770053475936,0.3155080213903743,0.008730691739422432,7.026218112863313
12086007402,Census Tract 74.02; Miami-Dade County; Florida,Miami-Dade,2740.0,4.57733480989295,126518.0,2.9335634167385676,1.553062985332183,0.0,0.0,007402,0.1356951871657754,0.15106951871657753,0.19786096256684493,0.09738079247817327,14.35403296186293
12086007403,Census Tract 74.03; Miami-Dade County; Florida,Miami-Dade,3118.0,18.601667735728032,124773.0,4.680094786729858,1.1255924170616114,0.0,0.0,007403,0.7620320855614974,0.23663101604278075,0.14772727272727273,0.10543989254533244,40.27724704876762
12086007501,Census Tract 75.01; Miami-Dade County; Florida,Miami-Dade,2436.0,2.3399014778325125,220804.0,1.5677491601343785,1.9036954087346023,0.0,0.0,007501,0.04144385026737968,0.09491978609625669,0.22727272727272727,0.010745466756212223,8.316513613199112
12086007503,Census Tract 75.03; Miami-Dade County; Florida,Miami-Dade,766.0,12.010443864229766,72000.0,3.1055900621118013,13.664596273291924,0.0,0.0,007503,0.5327540106951871,0.16377005347593582,0.8342245989304813,0.4768300873069174,50.806655222074184
12086007601,Census Tract 76.01; Miami-Dade County; Florida,Miami-Dade,2497.0,7.465698143664246,112250.0,4.750593824228028,8.551068883610451,0.0,0.0,007601,0.29411764705882354,0.23997326203208555,0.6637700534759359,0.14842175957018133,32.808007383917
12086007603,Census Tract 76.03; Miami-Dade County; Florida,Miami-Dade,3601.0,29.081632653061224,35583.0,20.843989769820972,19.30946291560102,0.0,0.0,007603,0.9364973262032086,0.6637700534759359,0.9050802139037433,0.9348556077904634,87.53401055153121
12086007605,Census Tract 76.05; Miami-Dade County; Florida,Miami-Dade,3225.0,8.868217054263566,77826.0,11.63563829787234,2.925531914893617,0.0,0.0,007605,0.37032085561497324,0.46189839572192515,0.31283422459893045,0.40026863666890533,38.31285936439415
12086007607,Census Tract 76.07; Miami-Dade County; Florida,Miami-Dade,2124.0,7.627118644067797,94500.0,2.754237288135593,1.4830508474576272,0.0,0.0,007607,0.30280748663101603,0.14505347593582887,0.18716577540106952,0.2592343854936199,23.94137220185101
12086007608,Census Tract 76.08; Miami-Dade County; Florida,Miami-Dade,2239.0,5.493523894595802,118015.0,3.0303030303030303,6.4393939393939394,0.0,0.0,007608,0.18114973262032086,0.1570855614973262,0.5668449197860963,0.12357286769644056,24.196056284410098
12086007609,Census Tract 76.09; Miami-Dade County; Florida,Miami-Dade,1557.0,9.762363519588952,69076.0,2.967359050445104,10.979228486646884,0.0,0.0,007609,0.4090909090909091,0.15307486631016043,0.7586898395721925,0.5211551376762928,45.022033234809285
12086007610,Census Tract 76.10; Miami-Dade County; Florida,Miami-Dade,4745.0,10.56739084581312,99296.0,4.872881355932203,6.673728813559323,0.0,0.0,007610,0.4505347593582888,0.2446524064171123,0.5808823529411765,0.22229684351914036,38.97802243188014
12086007704,Census Tract 77.04; Miami-Dade County; Florida,Miami-Dade,5734.0,5.598186257411928,67704.0,6.013119533527697,4.081632653061225,0.0,0.0,007704,0.18716577540106952,0.2807486631016043,0.4137700534759358,0.5439892545332438,32.25679043825846
12086007705,Census Tract 77.05; Miami-Dade County; Florida,Miami-Dade,5120.0,18.33984375,59652.0,2.8583264291632147,6.503728251864126,0.0,0.0,007705,0.7566844919786097,0.14705882352941177,0.571524064171123,0.6433848220282069,57.50673387371923
12086007706,Census Tract 77.06; Miami-Dade County; Florida,Miami-Dade,3065.0,6.916802610114193,140211.0,11.022997620935763,10.15067406819984,0.0,0.0,007706,0.2586898395721925,0.4451871657754011,0.731951871657754,0.06984553391537945,35.28728500985839
12086007707,Census Tract 77.07; Miami-Dade County; Florida,Miami-Dade,3364.0,17.152199762187873,146396.0,10.485651214128035,0.0,0.0,0.0,007707,0.7219251336898396,0.4264705882352941,0.03542780748663102,0.05842847548690396,39.283542771770165
12086007708,Census Tract 77.08; Miami-Dade County; Florida,Miami-Dade,2460.0,10.924713584288051,70750.0,12.260536398467432,1.1494252873563218,0.0,0.0,007708,0.4712566844919786,0.4772727272727273,0.1497326203208556,0.49429147078576224,41.27620374726605
12086007709,Census Tract 77.09; Miami-Dade County; Florida,Miami-Dade,2821.0,5.390931810067833,133060.0,7.44466800804829,3.420523138832998,0.0,0.0,007709,0.17647058823529413,0.3335561497326203,0.35962566844919786,0.08462055070517126,22.61487090715156
12086007801,Census Tract 78.01; Miami-Dade County; Florida,Miami-Dade,682.0,5.865102639296188,250001.0,1.951219512195122,0.0,0.0,0.0,007801,0.20254010695187166,0.11363636363636363,0.03542780748663102,0.0030221625251846875,11.143330951038454
12086007805,Census Tract 78.05; Miami-Dade County; Florida,Miami-Dade,4515.0,4.210992907801418,143088.0,6.4209274673008325,4.875148632580261,0.0,0.0,007805,0.12165775401069519,0.2967914438502674,0.4612299465240642,0.06178643384822028,21.262466644878845
12086007806,Census Tract 78.06; Miami-Dade County; Florida,Miami-Dade,3715.0,13.378196500672948,250001.0,0.0,5.619982158786797,0.0,0.0,007806,0.5915775401069518,0.02038770053475936,0.5106951871657754,0.0030221625251846875,34.34520260879247
12086007807,Census Tract 78.07; Miami-Dade County; Florida,Miami-Dade,5231.0,6.4997132479449435,158984.0,6.797853309481217,5.128205128205128,0.0,0.0,007807,0.23529411764705882,0.3135026737967914,0.47961229946524064,0.038280725319006045,26.039678677503115
12086007808,Census Tract 78.08; Miami-Dade County; Florida,Miami-Dade,4187.0,15.452591354191544,46847.0,17.083333333333332,13.333333333333334,0.0,0.0,007808,0.6644385026737968,0.5862299465240641,0.8248663101604278,0.8045668233713902,70.89080170806953
12086007809,Census Tract 78.09; Miami-Dade County; Florida,Miami-Dade,3649.0,14.947888096544157,78648.0,13.778322106552356,7.287201469687692,0.0,0.0,007809,0.6483957219251337,0.5073529411764706,0.6136363636363636,0.3875083948959033,56.1057828711801
12086007901,Census Tract 79.01; Miami-Dade County; Florida,Miami-Dade,3977.0,13.486590038314176,125306.0,0.0,27.37226277372263,0.0,0.0,007901,0.5955882352941176,0.02038770053475936,0.9652406417112299,0.10141034251175285,45.56430310691956
12086007902,Census Tract 79.02; Miami-Dade County; Florida,Miami-Dade,2984.0,7.363819771351715,179083.0,4.618284637134779,0.7540056550424128,0.0,0.0,007902,0.28609625668449196,0.23462566844919786,0.10561497326203209,0.021490933512424447,18.678481771852766
12086008000,Census Tract 80; Miami-Dade County; Florida,Miami-Dade,4805.0,6.514047866805411,176778.0,0.0,1.740506329113924,0.0,0.0,008000,0.23729946524064172,0.02038770053475936,0.21189839572192512,0.022834116856950974,14.594382871898379
12086008101,Census Tract 81.01; Miami-Dade County; Florida,Miami-Dade,3461.0,4.277456647398844,250001.0,3.033175355450237,0.0,0.0,0.0,008101,0.12433155080213903,0.1590909090909091,0.03542780748663102,0.0030221625251846875,8.924079614140057
12086008102,Census Tract 81.02; Miami-Dade County; Florida,Miami-Dade,4652.0,3.312540331254034,168409.0,4.493670886075949,0.0,0.0,0.0,008102,0.08088235294117647,0.22727272727272727,0.03542780748663102,0.028206850235057087,9.053441817535367
12086008202,Census Tract 82.02; Miami-Dade County; Florida,Miami-Dade,4610.0,8.43817787418655,148125.0,2.1153846153846154,1.858974358974359,0.0,0.0,008202,0.3502673796791444,0.1196524064171123,0.2232620320855615,0.05574210879785091,21.98382613317627
12086008205,Census Tract 82.05; Miami-Dade County; Florida,Miami-Dade,4452.0,1.4851485148514851,185559.0,1.340860973888497,2.470007057163021,0.0,0.0,008205,0.01871657754010695,0.08355614973262032,0.2787433155080214,0.018132975151108125,8.357311909439275
12086008206,Census Tract 82.06; Miami-Dade County; Florida,Miami-Dade,3851.0,2.1552843417294207,97016.0,0.0,1.4056224899598393,0.0,0.0,008206,0.03609625668449198,0.02038770053475936,0.178475935828877,0.2384150436534587,10.189423867721581
12086008207,Census Tract 82.07; Miami-Dade County; Florida,Miami-Dade,4940.0,2.854251012145749,232188.0,0.0,0.5498281786941581,0.0,0.0,008207,0.058823529411764705,0.02038770053475936,0.08957219251336898,0.008059100067159167,4.713321038776338
12086008208,Census Tract 82.08; Miami-Dade County; Florida,Miami-Dade,4708.0,9.217877094972067,76419.0,16.507177033492823,7.4162679425837315,0.0,0.0,008208,0.3877005347593583,0.5721925133689839,0.6196524064171123,0.4210879785090665,47.766679356277585
12086008209,Census Tract 82.09; Miami-Dade County; Florida,Miami-Dade,4033.0,4.339201586908009,174130.0,1.7991004497751124,4.94752623688156,0.0,0.0,008209,0.12633689839572193,0.1036096256684492,0.464572192513369,0.0241773002014775,16.900658303494794
12086008305,Census Tract 83.05; Miami-Dade County; Florida,Miami-Dade,5276.0,1.5791476407914764,107692.0,5.106382978723404,1.9680851063829787,0.0,0.0,008305,0.02339572192513369,0.2479946524064171,0.2339572192513369,0.17192746809939558,14.013415672148339
12086008308,Census Tract 83.08; Miami-Dade County; Florida,Miami-Dade,5639.0,15.598935226264418,71405.0,32.510288065843625,2.2339800117577897,0.0,0.0,008308,0.6711229946524064,0.8302139037433155,0.2586898395721925,0.4842175957018133,58.307346566442696
12086008309,Census Tract 83.09; Miami-Dade County; Florida,Miami-Dade,4958.0,21.715328467153284,43510.0,50.86455331412104,16.210374639769455,0.0,0.0,008309,0.8355614973262032,0.9725935828877005,0.8729946524064172,0.8556077904633983,87.44638040819845
12086008310,Census Tract 83.10; Miami-Dade County; Florida,Miami-Dade,4426.0,6.082614616432138,75353.0,20.050761421319795,6.175972927241963,0.0,0.0,008310,0.21657754010695188,0.6480614973262032,0.5487967914438503,0.4365345869711216,41.33095911910158
12086008311,Census Tract 83.11; Miami-Dade County; Florida,Miami-Dade,4567.0,6.861025865848312,90417.0,25.045871559633028,2.8440366972477067,0.0,0.0,008311,0.25668449197860965,0.7379679144385026,0.3074866310160428,0.29012760241773,36.979022636589896
12086008312,Census Tract 83.12; Miami-Dade County; Florida,Miami-Dade,3821.0,19.63091735758224,62945.0,47.39429695181908,19.862340216322515,0.0,0.0,008312,0.7887700534759359,0.9598930481283422,0.9117647058823529,0.5963734049697784,80.9114253186469
12086008313,Census Tract 83.13; Miami-Dade County; Florida,Miami-Dade,5595.0,10.200296735905043,59246.0,27.798507462686565,9.577114427860696,0.0,0.0,008313,0.4338235294117647,0.7847593582887701,0.7065508021390374,0.6467427803895232,60.11399999281721
12086008314,Census Tract 83.14; Miami-Dade County; Florida,Miami-Dade,2833.0,3.500707213578501,79698.0,11.348464619492656,0.0,0.0,0.0,008314,0.0875668449197861,0.45387700534759357,0.03542780748663102,0.3747481531229013,20.783733115933963
12086008315,Census Tract 83.15; Miami-Dade County; Florida,Miami-Dade,4950.0,14.982790038469329,89688.0,21.057192374350088,7.625649913344887,0.0,0.0,008315,0.6504010695187166,0.6684491978609626,0.6303475935828877,0.2961719274680994,57.91541715898767
12086008409,Census Tract 84.09; Miami-Dade County; Florida,Miami-Dade,5174.0,8.33011209895632,73750.0,3.796203796203796,3.746253746253746,0.0,0.0,008409,0.3442513368983957,0.19919786096256684,0.38636363636363635,0.4519811954331766,34.52090733112343
12086008415,Census Tract 84.15; Miami-Dade County; Florida,Miami-Dade,4695.0,0.2991452991452992,194643.0,0.6839945280437756,0.0,0.0,0.0,008415,0.00267379679144385,0.05548128342245989,0.03542780748663102,0.014775016789791807,2.2206340256354085
12086008416,Census Tract 84.16; Miami-Dade County; Florida,Miami-Dade,3062.0,8.382838283828383,60903.0,16.85483870967742,1.129032258064516,0.0,0.0,008416,0.3462566844919786,0.5788770053475936,0.1483957219251337,0.6272666218938885,40.94105436301146
12086008418,Census Tract 84.18; Miami-Dade County; Florida,Miami-Dade,2854.0,12.648913805185703,82097.0,4.722222222222222,2.5,0.0,0.0,008418,0.5568181818181818,0.23796791443850268,0.2804144385026738,0.3539288112827401,39.71895055720561
12086008419,Census Tract 84.19; Miami-Dade County; Florida,Miami-Dade,5640.0,7.056737588652482,69023.0,20.018492834026816,7.119741100323624,0.0,0.0,008419,0.268048128342246,0.6463903743315508,0.6042780748663101,0.5224983210208194,46.18526053806345
12086008420,Census Tract 84.20; Miami-Dade County; Florida,Miami-Dade,1240.0,0.0,101472.0,10.671256454388985,4.991394148020654,0.0,0.0,008420,0.001336898395721925,0.4338235294117647,0.4672459893048128,0.20953660174613833,22.265598345083195
12086008421,Census Tract 84.21; Miami-Dade County; Florida,Miami-Dade,4593.0,8.546819787985866,160599.0,3.575685339690107,0.9535160905840284,0.0,0.0,008421,0.35628342245989303,0.18516042780748662,0.12901069518716576,0.03425117528542646,21.219782863997303
12086008422,Census Tract 84.22; Miami-Dade County; Florida,Miami-Dade,2421.0,15.407098121085594,113281.0,11.97339246119734,3.2150776053215075,0.0,0.0,008422,0.6631016042780749,0.47192513368983957,0.3429144385026738,0.14237743451981194,45.668404305369506
12086008423,Census Tract 84.23; Miami-Dade County; Florida,Miami-Dade,5011.0,19.018160047894632,95286.0,12.206572769953052,1.1150234741784038,0.0,0.0,008423,0.7740641711229946,0.4752673796791444,0.14572192513368984,0.25386165211551376,48.45958598348675
12086008424,Census Tract 84.24; Miami-Dade County; Florida,Miami-Dade,3374.0,22.940130409010077,32246.0,37.77173913043478,25.380434782608695,0.0,0.0,008424,0.8536096256684492,0.8850267379679144,0.9512032085561497,0.9563465413028879,89.99591478327702
12086008425,Census Tract 84.25; Miami-Dade County; Florida,Miami-Dade,2110.0,22.511848341232227,58393.0,26.421052631578945,10.842105263157894,0.0,0.0,008425,0.8502673796791443,0.7647058823529411,0.7533422459893048,0.6588314304902619,77.54828636381593
12086008426,Census Tract 84.26; Miami-Dade County; Florida,Miami-Dade,3701.0,1.5671440151310456,142108.0,4.12725709372313,2.1496130696474633,0.0,0.0,008426,0.0213903743315508,0.21189839572192512,0.25,0.06380120886501008,11.369607065000736
12086008427,Census Tract 84.27; Miami-Dade County; Florida,Miami-Dade,1864.0,3.648068669527897,104554.0,5.766526019690577,0.0,0.0,0.0,008427,0.09425133689839572,0.27406417112299464,0.03542780748663102,0.18468770987239758,13.653647245576295
12086008428,Census Tract 84.28; Miami-Dade County; Florida,Miami-Dade,2535.0,0.6791849780263683,135278.0,15.631929046563192,2.993348115299334,0.0,0.0,008428,0.007352941176470588,0.554144385026738,0.3201871657754011,0.0819341840161182,19.41943234342397
12086008429,Census Tract 84.29; Miami-Dade County; Florida,Miami-Dade,4485.0,17.246713070378963,152407.0,12.31404958677686,1.322314049586777,0.0,0.0,008429,0.7252673796791443,0.4786096256684492,0.16911764705882354,0.048354600402955,42.93233264977033
12086008430,Census Tract 84.30; Miami-Dade County; Florida,Miami-Dade,5297.0,18.387766660373796,47631.0,16.077322017916078,6.836397925506836,0.0,0.0,008430,0.7580213903743316,0.5635026737967914,0.5909090909090909,0.7918065815983881,69.24522254105867
12086008431,Census Tract 84.31; Miami-Dade County; Florida,Miami-Dade,2411.0,38.78172588832488,46250.0,8.4,10.8,0.0,0.0,008431,0.9792780748663101,0.3663101604278075,0.7513368983957219,0.8119543317662861,77.7631508064487
12086008502,Census Tract 85.02; Miami-Dade County; Florida,Miami-Dade,4252.0,5.677267373380448,116250.0,18.124562631210637,5.388383484954513,0.0,0.0,008502,0.1945187165775401,0.606951871657754,0.5020053475935828,0.13096037609133646,32.579100569955074
12086008503,Census Tract 85.03; Miami-Dade County; Florida,Miami-Dade,3396.0,14.57657125995869,59750.0,31.39963167587477,8.47145488029466,0.0,0.0,008503,0.6370320855614974,0.8161764705882353,0.660427807486631,0.6410342511752855,67.83405400746292
12086008504,Census Tract 85.04; Miami-Dade County; Florida,Miami-Dade,2863.0,7.998602864128536,84817.0,12.98283261802575,9.763948497854075,0.0,0.0,008504,0.32286096256684493,0.49532085561497324,0.7165775401069518,0.33243787777031564,43.801163972518616
12086008601,Census Tract 86.01; Miami-Dade County; Florida,Miami-Dade,4595.0,9.923830250272037,104183.0,22.66112266112266,3.5343035343035343,0.0,0.0,008601,0.4217914438502674,0.7018716577540107,0.37032085561497324,0.18871725990597715,42.08985321950992
12086008603,Census Tract 86.03; Miami-Dade County; Florida,Miami-Dade,4070.0,16.343081838289507,108958.0,6.7164179104477615,0.0,0.0,0.0,008603,0.6985294117647058,0.30815508021390375,0.03542780748663102,0.16655473472128945,38.143928919024724
12086008604,Census Tract 86.04; Miami-Dade County; Florida,Miami-Dade,1292.0,18.70109546165884,102447.0,1.2987012987012987,0.0,0.0,0.0,008604,0.7633689839572193,0.08221925133689839,0.03542780748663102,0.2008059100067159,36.903818734893676
12086008702,Census Tract 87.02; Miami-Dade County; Florida,Miami-Dade,5685.0,8.518127419922562,87750.0,34.269340974212035,1.8338108882521489,0.0,0.0,008702,0.3549465240641711,0.8542780748663101,0.21991978609625668,0.3089321692411014,41.86046156664022
12086008703,Census Tract 87.03; Miami-Dade County; Florida,Miami-Dade,2198.0,20.291173794358507,80417.0,37.08206686930091,4.86322188449848,0.0,0.0,008703,0.8068181818181818,0.8790106951871658,0.4592245989304813,0.36601746138347885,66.35778238274979
12086008704,Census Tract 87.04; Miami-Dade County; Florida,Miami-Dade,2842.0,7.494722026741731,68854.0,16.421291053227634,6.908267270668176,0.0,0.0,008704,0.2967914438502674,0.5681818181818182,0.5929144385026738,0.5258562793821356,45.610708475343245
12086008805,Census Tract 88.05; Miami-Dade County; Florida,Miami-Dade,3836.0,25.320170757737458,41532.0,26.521739130434785,9.130434782608695,0.0,0.0,008805,0.8917112299465241,0.766042780748663,0.6885026737967914,0.880456682337139,82.36849193551284
12086008806,Census Tract 88.06; Miami-Dade County; Florida,Miami-Dade,4520.0,7.263064658990256,80364.0,22.8118538938663,0.6891798759476223,0.0,0.0,008806,0.27807486631016043,0.7045454545454546,0.10227272727272728,0.36803223640026866,34.62000301677543
12086008807,Census Tract 88.07; Miami-Dade County; Florida,Miami-Dade,4363.0,2.4535656959412977,103133.0,13.812858052196052,1.0821133036282622,0.0,0.0,008807,0.045454545454545456,0.5080213903743316,0.142379679144385,0.19879113498992612,18.802025908354675
12086008808,Census Tract 88.08; Miami-Dade County; Florida,Miami-Dade,3350.0,16.92537313432836,67781.0,33.420822397200354,3.2370953630796153,0.0,0.0,008808,0.7159090909090909,0.838903743315508,0.3449197860962567,0.5433176628609805,63.179187481818545
12086008809,Census Tract 88.09; Miami-Dade County; Florida,Miami-Dade,2092.0,0.3824091778202677,102382.0,14.54272863568216,7.796101949025487,0.0,0.0,008809,0.004010695187165776,0.5260695187165776,0.6383689839572193,0.20147750167897918,27.47874789454215
12086008810,Census Tract 88.10; Miami-Dade County; Florida,Miami-Dade,4447.0,3.831330763999093,75109.0,20.5625,7.8125,0.0,0.0,008810,0.09959893048128342,0.6570855614973262,0.6390374331550802,0.44056413700470115,38.71769985239349
12086008904,Census Tract 89.04; Miami-Dade County; Florida,Miami-Dade,3538.0,,,,,0.0,0.0,008904,,,,,
12086008906,Census Tract 89.06; Miami-Dade County; Florida,Miami-Dade,4714.0,8.188375053033518,59615.0,30.890973036342324,6.682297772567409,0.0,0.0,008906,0.33489304812834225,0.8141711229946524,0.5822192513368984,0.6440564137004701,54.204657685774116
12086008907,Census Tract 89.07; Miami-Dade County; Florida,Miami-Dade,4254.0,14.268923366243536,44065.0,26.953125,9.654017857142858,0.0,0.0,008907,0.6243315508021391,0.7727272727272727,0.7112299465240641,0.8462055070517126,71.57651655814655
12086008908,Census Tract 89.08; Miami-Dade County; Florida,Miami-Dade,3512.0,4.043280182232347,81581.0,33.50383631713555,7.41687979539642,0.0,0.0,008908,0.11363636363636363,0.8409090909090909,0.6203208556149733,0.35862995298858297,40.942652535707495
12086008909,Census Tract 89.09; Miami-Dade County; Florida,Miami-Dade,3705.0,12.118758434547908,62330.0,22.5218080888184,11.895321173671688,0.0,0.0,008909,0.5381016042780749,0.6998663101604278,0.7874331550802139,0.603089321692411,63.33183990978405
12086008910,Census Tract 89.10; Miami-Dade County; Florida,Miami-Dade,3080.0,7.337662337662337,63368.0,27.14420358152686,3.581526861451461,0.0,0.0,008910,0.2840909090909091,0.7760695187165776,0.37232620320855614,0.5896574882471457,46.12470056708196
12086008911,Census Tract 89.11; Miami-Dade County; Florida,Miami-Dade,3073.0,5.85746827204686,97906.0,11.743772241992882,5.100830367734282,0.0,0.0,008911,0.20120320855614973,0.46657754010695185,0.4772727272727273,0.23304231027535258,31.58597989534663
12086009010,Census Tract 90.10; Miami-Dade County; Florida,Miami-Dade,7265.0,13.558155540261527,89028.0,7.196562835660581,7.518796992481203,0.0,0.0,009010,0.5989304812834224,0.32954545454545453,0.625,0.3015446608462055,49.0790215591701
12086009014,Census Tract 90.14; Miami-Dade County; Florida,Miami-Dade,4268.0,5.729044376614229,84464.0,19.931506849315067,1.3013698630136987,0.0,0.0,009014,0.19786096256684493,0.643048128342246,0.1677807486631016,0.3371390194761585,30.873796432303923
12086009015,Census Tract 90.15; Miami-Dade County; Florida,Miami-Dade,5520.0,14.72826086956522,47553.0,29.48551664504972,11.11111111111111,0.0,0.0,009015,0.6437165775401069,0.8008021390374331,0.7640374331550802,0.7924781732706514,72.89501801086759
12086009020,Census Tract 90.20; Miami-Dade County; Florida,Miami-Dade,3075.0,19.51219512195122,39635.0,39.21052631578947,7.719298245614035,0.0,0.0,009020,0.7874331550802139,0.9004010695187166,0.6336898395721925,0.9026192075218268,80.23152853546328
12086009021,Census Tract 90.21; Miami-Dade County; Florida,Miami-Dade,4273.0,19.26691729323308,50823.0,31.146359048305698,2.3792357606344625,0.0,0.0,009021,0.7807486631016043,0.8148395721925134,0.2727272727272727,0.7622565480188046,68.22641438283598
12086009022,Census Tract 90.22; Miami-Dade County; Florida,Miami-Dade,2507.0,10.969285999202237,63107.0,35.98862019914652,4.409672830725462,0.0,0.0,009022,0.47593582887700536,0.8716577540106952,0.43315508021390375,0.5936870382807253,57.007430605186705
12086009024,Census Tract 90.24; Miami-Dade County; Florida,Miami-Dade,5404.0,9.733530717986676,78800.0,15.589155370177268,7.090719499478623,0.0,0.0,009024,0.4070855614973262,0.5521390374331551,0.6029411764705882,0.3854936198791135,47.094899135550186
12086009026,Census Tract 90.26; Miami-Dade County; Florida,Miami-Dade,2119.0,8.400188768286927,45900.0,30.138568129330256,10.392609699769054,0.0,0.0,009026,0.34692513368983957,0.8068181818181818,0.740975935828877,0.8173270651443922,61.17942900342261
12086009027,Census Tract 90.27; Miami-Dade County; Florida,Miami-Dade,3834.0,10.90245174752217,61713.0,21.937842778793417,3.839122486288848,0.0,0.0,009027,0.4692513368983957,0.6898395721925134,0.3950534759358289,0.6124916051040967,52.717746540584606
12086009028,Census Tract 90.28; Miami-Dade County; Florida,Miami-Dade,5775.0,13.523809523809524,68893.0,18.65234375,2.099609375,0.0,0.0,009028,0.5982620320855615,0.6176470588235294,0.24598930481283424,0.5245130960376091,51.693470476901915
12086009029,Census Tract 90.29; Miami-Dade County; Florida,Miami-Dade,4234.0,10.915994304698623,71413.0,37.07015130674003,5.502063273727647,0.0,0.0,009029,0.47058823529411764,0.8783422459893048,0.5093582887700535,0.48354600402955006,56.24846018754287
12086009030,Census Tract 90.30; Miami-Dade County; Florida,Miami-Dade,4914.0,13.471713471713471,54075.0,22.003196590303673,2.397442727757059,0.0,0.0,009030,0.5949197860962567,0.6918449197860963,0.27540106951871657,0.7253190060443251,57.64809135083304
12086009031,Census Tract 90.31; Miami-Dade County; Florida,Miami-Dade,4147.0,13.334940921147815,56450.0,24.03151674326986,6.369008535784635,0.0,0.0,009031,0.588903743315508,0.7199197860962567,0.5588235294117647,0.6843519140362659,62.81805432350607
12086009039,Census Tract 90.39; Miami-Dade County; Florida,Miami-Dade,7753.0,14.524404683594264,69911.0,4.015713662156264,5.630728939327804,0.0,0.0,009039,0.6336898395721925,0.20655080213903743,0.5120320855614974,0.5090664875755541,49.90058108840948
12086009040,Census Tract 90.40; Miami-Dade County; Florida,Miami-Dade,7395.0,10.245957331159126,76957.0,10.579576816927323,4.001839926402944,0.0,0.0,009040,0.4358288770053476,0.4298128342245989,0.4090909090909091,0.41571524513096036,42.52553484914328
12086009043,Census Tract 90.43; Miami-Dade County; Florida,Miami-Dade,5001.0,10.357928414317136,92188.0,9.375,1.744186046511628,0.0,0.0,009043,0.44184491978609625,0.3977272727272727,0.21256684491978609,0.27602417730020146,35.40016269038906
12086009044,Census Tract 90.44; Miami-Dade County; Florida,Miami-Dade,3304.0,5.441760929379394,75208.0,6.270996640537514,4.591265397536394,1.0,1.0,009044,0.17914438502673796,0.2887700534759358,0.44184491978609625,0.43955674949630624,30.569209856236284
12086009048,Census Tract 90.48; Miami-Dade County; Florida,Miami-Dade,3161.0,5.631129389433723,119597.0,2.6371308016877637,3.2700421940928273,0.0,0.0,009048,0.19050802139037434,0.13970588235294118,0.3482620320855615,0.11954331766286098,19.77054549764225
12086009049,Census Tract 90.49; Miami-Dade County; Florida,Miami-Dade,4342.0,3.9382772915707047,90123.0,9.557273366127898,0.0,0.0,0.0,009049,0.10628342245989304,0.4070855614973262,0.03542780748663102,0.29147078576225655,18.931019993319996
12086009050,Census Tract 90.50; Miami-Dade County; Florida,Miami-Dade,5762.0,9.857688302672685,76913.0,7.102092580849714,1.014584654407102,0.0,0.0,009050,0.4157754010695187,0.32620320855614976,0.13636363636363635,0.41638683680322364,34.210089677240944
12086009051,Census Tract 90.51; Miami-Dade County; Florida,Miami-Dade,1992.0,9.889558232931726,96400.0,22.20543806646526,10.876132930513595,0.0,0.0,009051,0.4197860962566845,0.696524064171123,0.7546791443850267,0.24378777703156482,50.691263562021675
12086009052,Census Tract 90.52; Miami-Dade County; Florida,Miami-Dade,3708.0,23.711340206185564,38048.0,37.57961783439491,15.222929936305732,0.0,0.0,009052,0.8643048128342246,0.8836898395721925,0.8629679144385026,0.916051040967092,87.82636841292472
12086009053,Census Tract 90.53; Miami-Dade County; Florida,Miami-Dade,4609.0,7.960308710033076,80287.0,16.58653846153846,7.992788461538461,0.0,0.0,009053,0.32085561497326204,0.5741978609625669,0.643048128342246,0.3700470114170584,44.58008461336791
12086009054,Census Tract 90.54; Miami-Dade County; Florida,Miami-Dade,1932.0,2.536231884057971,91364.0,18.634686346863468,7.380073800738007,0.0,0.0,009054,0.04946524064171123,0.6163101604278075,0.6176470588235294,0.28408327736736066,32.3394195580424
12086009055,Census Tract 90.55; Miami-Dade County; Florida,Miami-Dade,2098.0,16.13365155131265,67344.0,20.956399437412095,0.0,0.0,0.0,009055,0.6891711229946524,0.6664438502673797,0.03542780748663102,0.5480188045668234,52.564654166202786
12086009056,Census Tract 90.56; Miami-Dade County; Florida,Miami-Dade,2724.0,6.424375917767988,90724.0,6.244343891402715,24.43438914027149,0.0,0.0,009056,0.22994652406417113,0.2874331550802139,0.9418449197860963,0.28744123572867697,39.5322471744666
12086009057,Census Tract 90.57; Miami-Dade County; Florida,Miami-Dade,6165.0,10.137875101378752,86667.0,6.525911708253358,0.0,0.0,0.0,009057,0.4324866310160428,0.2994652406417112,0.03542780748663102,0.3176628609805238,30.35058342281903
12086009058,Census Tract 90.58; Miami-Dade County; Florida,Miami-Dade,3969.0,16.679264298311917,67674.0,7.891246684350133,3.3156498673740056,0.0,0.0,009058,0.7072192513368984,0.34893048128342247,0.35093582887700536,0.544660846205507,53.17931318079463
12086009059,Census Tract 90.59; Miami-Dade County; Florida,Miami-Dade,2958.0,5.37525354969574,74511.0,12.62683201803833,0.0,0.0,0.0,009059,0.1751336898395722,0.48663101604278075,0.03542780748663102,0.445265278710544,26.351829638382007
12086009060,Census Tract 90.60; Miami-Dade County; Florida,Miami-Dade,4902.0,5.773153814769482,113846.0,15.0,5.7894736842105265,0.0,0.0,009060,0.1998663101604278,0.5367647058823529,0.5267379679144385,0.13834788448623236,32.03166357207759
12086009061,Census Tract 90.61; Miami-Dade County; Florida,Miami-Dade,3312.0,26.268115942028984,46250.0,54.8804780876494,9.46215139442231,0.0,0.0,009061,0.9030748663101604,0.9859625668449198,0.7005347593582888,0.8119543317662861,86.09202781179633
12086009062,Census Tract 90.62; Miami-Dade County; Florida,Miami-Dade,3211.0,13.235752102148862,71541.0,22.30769230769231,1.098901098901099,0.0,0.0,009062,0.5815508021390374,0.6971925133689839,0.14405080213903743,0.48153122901276024,49.71752297597713
12086009063,Census Tract 90.63; Miami-Dade County; Florida,Miami-Dade,2816.0,12.642045454545457,50046.0,34.401508011310085,15.457115928369465,0.0,0.0,009063,0.5561497326203209,0.8556149732620321,0.8656417112299465,0.7683008730691739,72.03714045603589
12086009064,Census Tract 90.64; Miami-Dade County; Florida,Miami-Dade,2672.0,8.570359281437126,63347.0,11.987381703470032,4.100946372239748,0.0,0.0,009064,0.3582887700534759,0.47259358288770054,0.4157754010695187,0.5910006715916722,43.91894391311687
12086009065,Census Tract 90.65; Miami-Dade County; Florida,Miami-Dade,3463.0,17.210511117528153,79278.0,10.5742935278031,5.378304466727438,0.0,0.0,009065,0.7239304812834224,0.42914438502673796,0.5,0.3801208865010074,55.1425246818918
12086009066,Census Tract 90.66; Miami-Dade County; Florida,Miami-Dade,6923.0,16.705269253039955,68562.0,7.786885245901639,5.029806259314456,0.0,0.0,009066,0.7085561497326203,0.34692513368983957,0.4712566844919786,0.5345869711215581,55.39762177537233
12086009101,Census Tract 91.01; Miami-Dade County; Florida,Miami-Dade,3085.0,27.80519907864429,52703.0,36.51960784313725,4.28921568627451,0.0,0.0,009101,0.9224598930481284,0.8736631016042781,0.42713903743315507,0.7353928811282741,77.62229612523927
12086009102,Census Tract 91.02; Miami-Dade County; Florida,Miami-Dade,3443.0,20.818575364029908,41714.0,25.946969696969695,10.132575757575758,0.0,0.0,009102,0.81951871657754,0.7526737967914439,0.7312834224598931,0.8770987239758227,80.0018675276448
12086009200,Census Tract 92; Miami-Dade County; Florida,Miami-Dade,3337.0,15.193287383877736,72241.0,19.214876033057852,8.47107438016529,0.0,0.0,009200,0.6564171122994652,0.6283422459893048,0.6597593582887701,0.4734721289456011,61.48815915645214
12086009305,Census Tract 93.05; Miami-Dade County; Florida,Miami-Dade,5030.0,5.53784860557769,112578.0,12.87598944591029,4.432717678100264,0.0,0.0,009305,0.18516042780748662,0.49064171122994654,0.43516042780748665,0.14640698455339154,28.850599584115965
12086009312,Census Tract 93.12; Miami-Dade County; Florida,Miami-Dade,5434.0,9.348546190651454,74556.0,9.16767189384801,6.433453960595094,0.0,0.0,009312,0.393048128342246,0.3910427807486631,0.5648395721925134,0.4445936870382807,43.731445933278984
12086009314,Census Tract 93.14; Miami-Dade County; Florida,Miami-Dade,3827.0,25.34622419649856,33059.0,61.71266808209484,13.446567586694972,0.0,0.0,009314,0.892379679144385,0.9973262032085561,0.8275401069518716,0.951645399597045,91.22542136092487
12086009315,Census Tract 93.15; Miami-Dade County; Florida,Miami-Dade,3197.0,19.412347309343016,34478.0,49.10858995137764,18.55753646677471,0.0,0.0,009315,0.7847593582887701,0.964572192513369,0.8970588235294118,0.9408999328408327,87.44099330922307
12086009316,Census Tract 93.16; Miami-Dade County; Florida,Miami-Dade,2556.0,8.80281690140845,72647.0,23.246753246753247,0.0,0.0,0.0,009316,0.36564171122994654,0.7092245989304813,0.03542780748663102,0.46877098723975824,38.89413632233527
12086009317,Census Tract 93.17; Miami-Dade County; Florida,Miami-Dade,4671.0,14.47000645022576,54796.0,34.03508771929825,6.4561403508771935,0.0,0.0,009317,0.6316844919786097,0.8516042780748663,0.5675133689839572,0.7145735392881128,67.94120340608312
12086009318,Census Tract 93.18; Miami-Dade County; Florida,Miami-Dade,1788.0,8.221476510067115,54183.0,24.19047619047619,9.904761904761903,0.0,0.0,009318,0.33890374331550804,0.7225935828877005,0.7219251336898396,0.722632639355272,56.899176851276565
12086009319,Census Tract 93.19; Miami-Dade County; Florida,Miami-Dade,4539.0,3.502974223397224,92843.0,10.68289384719405,5.070993914807302,0.0,0.0,009319,0.08823529411764706,0.4344919786096257,0.47459893048128343,0.2740094022834117,27.191417992192303
12086009320,Census Tract 93.20; Miami-Dade County; Florida,Miami-Dade,4562.0,16.768960982025426,51913.0,58.17711700064642,6.464124111182936,0.0,0.0,009320,0.7092245989304813,0.9913101604278075,0.56951871657754,0.7468099395567495,74.5217602884612
12086009321,Census Tract 93.21; Miami-Dade County; Florida,Miami-Dade,2378.0,15.727502102607232,79394.0,21.93211488250653,3.524804177545692,0.0,0.0,009321,0.6764705882352942,0.6891711229946524,0.3696524064171123,0.3794492948287441,55.82428001422194
12086009322,Census Tract 93.22; Miami-Dade County; Florida,Miami-Dade,4266.0,21.425222691045477,29232.0,38.03145020384392,12.754804892253931,0.0,0.0,009322,0.8308823529411765,0.8870320855614974,0.8135026737967914,0.9717931497649429,86.6818523001117
12086009323,Census Tract 93.23; Miami-Dade County; Florida,Miami-Dade,2778.0,7.878568847126852,71250.0,27.55344418052256,1.9002375296912115,0.0,0.0,009323,0.3175133689839572,0.7827540106951871,0.2266042780748663,0.4882471457353929,42.65264344946721
12086009324,Census Tract 93.24; Miami-Dade County; Florida,Miami-Dade,4237.0,12.417061611374407,47148.0,43.00254452926209,16.921119592875318,0.0,0.0,009324,0.5467914438502673,0.93048128342246,0.8783422459893048,0.7991940899932841,74.03201014211169
12086009325,Census Tract 93.25; Miami-Dade County; Florida,Miami-Dade,2433.0,7.480476777640773,64931.0,11.372064276885045,0.6180469715698393,0.0,0.0,009325,0.29612299465240643,0.45454545454545453,0.0962566844919786,0.5721961047683009,34.30488466221094
12086009326,Census Tract 93.26; Miami-Dade County; Florida,Miami-Dade,3021.0,23.04609218436874,25189.0,53.87045813586098,25.434439178515007,0.0,0.0,009326,0.8562834224598931,0.981951871657754,0.9525401069518716,0.9872397582269979,92.68597163512821
12086009327,Census Tract 93.27; Miami-Dade County; Florida,Miami-Dade,3569.0,17.30064806987884,78192.0,40.869565217391305,1.6149068322981366,0.0,0.0,009327,0.7266042780748663,0.9137700534759359,0.20120320855614973,0.3955674949630625,59.27498626289762
12086009401,Census Tract 94.01; Miami-Dade County; Florida,Miami-Dade,2511.0,16.51527663088357,69313.0,27.058823529411764,4.264705882352941,0.0,0.0,009401,0.7012032085561497,0.7754010695187166,0.42312834224598933,0.5171255876427132,62.36122833039437
12086009402,Census Tract 94.02; Miami-Dade County; Florida,Miami-Dade,3423.0,6.959598938366264,66130.0,36.76323676323676,11.38861138861139,0.0,0.0,009402,0.26136363636363635,0.875,0.7740641711229946,0.5601074546675622,54.63797797035659
12086009503,Census Tract 95.03; Miami-Dade County; Florida,Miami-Dade,4967.0,9.206285253827556,79940.0,26.259234385493617,2.887844190732035,0.0,0.0,009503,0.38636363636363635,0.7613636363636364,0.3088235294117647,0.37340496977837473,44.32638816562097
12086009504,Census Tract 95.04; Miami-Dade County; Florida,Miami-Dade,5072.0,8.897218386269481,77230.0,26.593233674272227,2.753737214791503,0.0,0.0,009504,0.37232620320855614,0.768048128342246,0.30280748663101603,0.4116856950973808,44.5438743297551
12086009505,Census Tract 95.05; Miami-Dade County; Florida,Miami-Dade,1229.0,28.39707078925956,56563.0,26.80851063829787,13.829787234042554,0.0,0.0,009505,0.9271390374331551,0.7707219251336899,0.838903743315508,0.6816655473472129,82.91138581325443
12086009506,Census Tract 95.06; Miami-Dade County; Florida,Miami-Dade,4387.0,22.787408759124087,46929.0,41.246498599439775,10.99439775910364,0.0,0.0,009506,0.8529411764705882,0.9184491978609626,0.7600267379679144,0.8032236400268636,83.75163857593834
12086009601,Census Tract 96.01; Miami-Dade County; Florida,Miami-Dade,3437.0,10.275689223057643,72202.0,23.378474697077692,8.2679971489665,0.0,0.0,009601,0.4385026737967914,0.7112299465240641,0.6517379679144385,0.47414372061786436,54.282339652999
12086009602,Census Tract 96.02; Miami-Dade County; Florida,Miami-Dade,3581.0,14.929252093560496,40526.0,24.412433661865048,5.382865807429871,0.0,0.0,009602,0.6477272727272727,0.7259358288770054,0.5006684491978609,0.8952316991269308,68.34581045312686
12086009703,Census Tract 97.03; Miami-Dade County; Florida,Miami-Dade,2755.0,2.0341445695604796,125433.0,4.37956204379562,1.6684045881126173,0.0,0.0,009703,0.03409090909090909,0.2232620320855615,0.2072192513368984,0.10073875083948959,11.988037048875354
12086009704,Census Tract 97.04; Miami-Dade County; Florida,Miami-Dade,5153.0,10.1296111665005,89577.0,8.269794721407624,3.0498533724340176,0.0,0.0,009704,0.4318181818181818,0.3602941176470588,0.3255347593582888,0.2981867024848892,36.95303886253201
12086009705,Census Tract 97.05; Miami-Dade County; Florida,Miami-Dade,4292.0,18.94221808014911,40788.0,12.535748331744518,4.480457578646329,0.0,0.0,009705,0.7720588235294118,0.4839572192513369,0.4364973262032086,0.8918737407656145,67.12891866557968
12086009706,Census Tract 97.06; Miami-Dade County; Florida,Miami-Dade,3542.0,13.2128740824393,49467.0,16.627906976744185,10.232558139534884,0.0,0.0,009706,0.5788770053475936,0.5755347593582888,0.7352941176470589,0.7783747481531229,64.93915271707316
12086009803,Census Tract 98.03; Miami-Dade County; Florida,Miami-Dade,7583.0,6.23923698503113,76711.0,17.63535031847134,2.428343949044586,0.0,0.0,009803,0.22259358288770054,0.5969251336898396,0.2767379679144385,0.41974479516453994,34.77190125088438
12086009804,Census Tract 98.04; Miami-Dade County; Florida,Miami-Dade,3575.0,8.895104895104895,92958.0,12.761276127612762,1.32013201320132,0.0,0.0,009804,0.3716577540106952,0.4893048128342246,0.16844919786096257,0.27266621893888515,33.474714753109254
12086009806,Census Tract 98.06; Miami-Dade County; Florida,Miami-Dade,3537.0,22.05258693808312,40839.0,20.795660036166367,6.389391199517782,0.0,0.0,009806,0.8455882352941176,0.6624331550802139,0.5608288770053476,0.8912021490933513,76.11281303534297
12086009809,Census Tract 98.09; Miami-Dade County; Florida,Miami-Dade,3854.0,10.093409444732746,71970.0,11.66407465007776,2.7993779160186625,0.0,0.0,009809,0.42780748663101603,0.4632352941176471,0.3048128342245989,0.47750167897918067,42.02329561166918
12086009810,Census Tract 98.10; Miami-Dade County; Florida,Miami-Dade,3850.0,4.1558441558441555,72457.0,10.94264996704021,8.96506262359921,0.0,0.0,009810,0.11831550802139038,0.44385026737967914,0.6818181818181818,0.47011417058428473,36.64827271649853
12086009811,Census Tract 98.11; Miami-Dade County; Florida,Miami-Dade,1446.0,23.997233748271093,32783.0,31.470230862697445,32.806804374240585,0.0,0.0,009811,0.8703208556149733,0.8175133689839572,0.983957219251337,0.9529885829415715,89.90201764813625
12086009812,Census Tract 98.12; Miami-Dade County; Florida,Miami-Dade,5577.0,5.6675062972292185,66275.0,6.939590614078882,6.590114827758363,0.0,0.0,009812,0.19385026737967914,0.3201871657754011,0.5755347593582888,0.5580926796507724,36.83030279087641
12086009903,Census Tract 99.03; Miami-Dade County; Florida,Miami-Dade,5342.0,10.627928772258668,66510.0,26.060606060606062,5.185185185185185,0.0,0.0,009903,0.45387700534759357,0.7566844919786097,0.4852941176470588,0.5554063129617193,54.1027786656515
12086009904,Census Tract 99.04; Miami-Dade County; Florida,Miami-Dade,3964.0,27.72853887060015,43344.0,40.46028210838901,11.952487008166296,1.0,1.0,009904,0.9197860962566845,0.9117647058823529,0.7901069518716578,0.857622565480188,87.98132831495136
12086009905,Census Tract 99.05; Miami-Dade County; Florida,Miami-Dade,5664.0,12.953459564678818,70461.0,20.21709633649932,3.0529172320217097,0.0,0.0,009905,0.5688502673796791,0.6524064171122995,0.32620320855614976,0.5003357958361316,52.332919125278785
12086009906,Census Tract 99.06; Miami-Dade County; Florida,Miami-Dade,5729.0,13.22501747030049,68848.0,26.333333333333332,3.8666666666666663,0.0,0.0,009906,0.5802139037433155,0.7627005347593583,0.39906417112299464,0.5268636668905305,56.9811236051903
12086009907,Census Tract 99.07; Miami-Dade County; Florida,Miami-Dade,4120.0,3.9563106796116503,109000.0,29.454545454545457,2.636363636363636,1.0,1.0,009907,0.10762032085561497,0.7994652406417112,0.29211229946524064,0.16554734721289455,29.447310580621533
12086009908,Census Tract 99.08; Miami-Dade County; Florida,Miami-Dade,4557.0,14.549045424621465,44583.0,28.3867341202923,9.668353007307475,1.0,1.0,009908,0.6356951871657754,0.7901069518716578,0.7118983957219251,0.8374748153122902,72.21741074474848
12086009909,Census Tract 99.09; Miami-Dade County; Florida,Miami-Dade,2823.0,14.183637013219007,58488.0,45.79339723109691,5.218317358892439,1.0,1.0,009909,0.6183155080213903,0.9451871657754011,0.48663101604278075,0.6574882471457354,66.51874890013396
12086010010,Census Tract 100.10; Miami-Dade County; Florida,Miami-Dade,3411.0,18.542462533059062,47023.0,31.94328607172644,12.67723102585488,0.0,0.0,010010,0.7600267379679144,0.8221925133689839,0.8094919786096256,0.8012088650100738,79.05893665849025
12086010012,Census Tract 100.12; Miami-Dade County; Florida,Miami-Dade,6646.0,7.282145033516149,69709.0,33.440514469453376,2.197213290460879,0.0,0.0,010012,0.27941176470588236,0.839572192513369,0.2540106951871658,0.5124244459368704,43.2966172609834
12086010013,Census Tract 100.13; Miami-Dade County; Florida,Miami-Dade,4146.0,10.320543953375424,68622.0,22.086956521739133,4.521739130434783,0.0,0.0,010013,0.4405080213903743,0.69451871657754,0.43783422459893045,0.5339153794492948,50.94568726813028
12086010015,Census Tract 100.15; Miami-Dade County; Florida,Miami-Dade,3285.0,21.459627329192543,42063.0,34.024505183788875,2.5447690857681433,0.0,0.0,010015,0.8322192513368984,0.8502673796791443,0.28609625668449196,0.8744123572867697,73.50428992648406
12086010016,Census Tract 100.16; Miami-Dade County; Florida,Miami-Dade,4564.0,10.867659947414548,63071.0,36.798179059180576,1.9726858877086493,0.0,0.0,010016,0.4672459893048128,0.8763368983957219,0.23596256684491979,0.5950302216252519,52.83643330951039
12086010017,Census Tract 100.17; Miami-Dade County; Florida,Miami-Dade,3617.0,7.462269424259363,63967.0,39.408396946564885,2.099236641221374,0.0,0.0,010017,0.29211229946524064,0.9037433155080213,0.24532085561497327,0.5822699798522498,46.31117499811452
12086010018,Census Tract 100.18; Miami-Dade County; Florida,Miami-Dade,2699.0,27.92859799181852,53875.0,34.527687296416936,5.320304017372422,0.0,0.0,010018,0.9244652406417112,0.857620320855615,0.49532085561497324,0.7286769644056413,78.61097244319303
12086010019,Census Tract 100.19; Miami-Dade County; Florida,Miami-Dade,2776.0,15.146051208077893,45921.0,34.550084889643465,21.561969439728355,0.0,0.0,010019,0.6530748663101604,0.8582887700534759,0.9264705882352942,0.816655473472129,78.15129128762439
12086010020,Census Tract 100.20; Miami-Dade County; Florida,Miami-Dade,3905.0,12.573623559539053,54494.0,39.57219251336899,5.347593582887701,0.0,0.0,010020,0.5521390374331551,0.9064171122994652,0.4979946524064171,0.7186030893216924,64.5458585778777
12086010021,Census Tract 100.21; Miami-Dade County; Florida,Miami-Dade,4412.0,14.321379936450295,57044.0,33.773087071240106,4.925241864555849,0.0,0.0,010021,0.6270053475935828,0.8489304812834224,0.4625668449197861,0.6722632639355272,64.75542570651804
12086010022,Census Tract 100.22; Miami-Dade County; Florida,Miami-Dade,3189.0,5.501414649481296,,32.22748815165877,3.080568720379147,0.0,0.0,010022,0.1824866310160428,0.8255347593582888,0.33088235294117646,,38.034759358288774
12086010023,Census Tract 100.23; Miami-Dade County; Florida,Miami-Dade,1989.0,37.917087967644086,34493.0,34.76744186046511,8.255813953488373,0.0,0.0,010023,0.9766042780748663,0.8609625668449198,0.6510695187165776,0.9402283411685695,88.109379657596
12086010024,Census Tract 100.24; Miami-Dade County; Florida,Miami-Dade,4480.0,20.899231812019885,32477.0,39.354066985645936,24.641148325358852,0.0,0.0,010024,0.820855614973262,0.9024064171122995,0.9438502673796791,0.9550033579583613,88.8594254479373
12086010025,Census Tract 100.25; Miami-Dade County; Florida,Miami-Dade,4034.0,17.588687670553213,64617.0,22.148209825145713,1.2489592006661114,1.0,1.0,010025,0.7346256684491979,0.6951871657754011,0.16176470588235295,0.5748824714573539,58.021713600270076
12086010026,Census Tract 100.26; Miami-Dade County; Florida,Miami-Dade,2294.0,39.45074106364429,36322.0,46.06741573033708,3.8523274478330656,1.0,1.0,010026,0.982620320855615,0.9491978609625669,0.39572192513368987,0.931497649429147,84.83316154473269
12086010193,Census Tract 101.93; Miami-Dade County; Florida,Miami-Dade,5191.0,15.5984555984556,110667.0,5.378486055776892,0.9296148738379816,0.0,0.0,010193,0.6704545454545454,0.2627005347593583,0.12633689839572193,0.1584956346541303,37.768843174366026
12086010198,Census Tract 101.98; Miami-Dade County; Florida,Miami-Dade,3995.0,3.9299123904881097,136588.0,10.502692998204669,0.0,0.0,0.0,010198,0.10494652406417113,0.42713903743315507,0.03542780748663102,0.07991940899932841,15.047586040949135
12086010201,Census Tract 102.01; Miami-Dade County; Florida,Miami-Dade,4115.0,7.84841075794621,106364.0,13.080495356037153,3.7925696594427247,0.0,0.0,010201,0.31483957219251335,0.49732620320855614,0.3910427807486631,0.17797179314976494,33.92039842984021
12086010205,Census Tract 102.05; Miami-Dade County; Florida,Miami-Dade,4440.0,10.93050647820966,56581.0,26.11150317572336,4.304869442484121,0.0,0.0,010205,0.47259358288770054,0.7600267379679144,0.42914438502673796,0.6809939556749496,56.30704488890006
12086010207,Census Tract 102.07; Miami-Dade County; Florida,Miami-Dade,4106.0,41.74378957622991,28225.0,34.02537485582468,23.81776239907728,0.0,0.0,010207,0.9886363636363636,0.8509358288770054,0.9378342245989305,0.9758226997985225,94.83730961094372
12086010208,Census Tract 102.08; Miami-Dade County; Florida,Miami-Dade,4548.0,18.85319053993753,54549.0,43.71335504885994,13.420195439739413,0.0,0.0,010208,0.767379679144385,0.9351604278074866,0.8255347593582888,0.7179314976494291,80.2677208620795
12086010209,Census Tract 102.09; Miami-Dade County; Florida,Miami-Dade,6135.0,14.538021259198691,78176.0,28.862793572311496,6.551297898640297,0.0,0.0,010209,0.6350267379679144,0.7947860962566845,0.5735294117647058,0.3962390866353257,60.6921614118509
12086010211,Census Tract 102.11; Miami-Dade County; Florida,Miami-Dade,4169.0,26.60110338210602,63281.0,33.38213762811127,1.0248901903367496,0.0,0.0,010211,0.9064171122994652,0.8375668449197861,0.13703208556149732,0.5916722632639355,67.58210836688298
12086010212,Census Tract 102.12; Miami-Dade County; Florida,Miami-Dade,3115.0,3.4962771123340888,135846.0,5.361596009975062,0.0,0.0,0.0,010212,0.08689839572192513,0.26136363636363635,0.03542780748663102,0.08126259234385494,11.037016552759452
12086010213,Census Tract 102.13; Miami-Dade County; Florida,Miami-Dade,4222.0,28.74762808349146,42176.0,42.05946337926033,13.5605511240029,0.0,0.0,010213,0.9311497326203209,0.9237967914438503,0.8322192513368984,0.8723975822699799,89.81426180582741
12086010214,Census Tract 102.14; Miami-Dade County; Florida,Miami-Dade,1584.0,5.246523388116309,49750.0,18.98928024502297,1.3782542113323124,0.0,0.0,010214,0.17045454545454544,0.6229946524064172,0.17379679144385027,0.77367360644728,38.22748282413277
12086010301,Census Tract 103.01; Miami-Dade County; Florida,Miami-Dade,3073.0,9.752883031301485,97596.0,24.916573971078975,3.5595105672969964,0.0,0.0,010301,0.4077540106951872,0.733957219251337,0.3709893048128342,0.23505708529214236,43.110232614933764
12086010302,Census Tract 103.02; Miami-Dade County; Florida,Miami-Dade,2966.0,9.440323668240056,93772.0,7.535885167464115,0.5980861244019139,0.0,0.0,010302,0.3997326203208556,0.3382352941176471,0.09425133689839572,0.2625923438549362,29.890884310253806
12086010303,Census Tract 103.03; Miami-Dade County; Florida,Miami-Dade,3609.0,19.950124688279303,83579.0,13.311688311688313,0.0,0.0,0.0,010303,0.7994652406417112,0.49933155080213903,0.03542780748663102,0.3398253861652116,49.470304514748086
12086010400,Census Tract 104; Miami-Dade County; Florida,Miami-Dade,5568.0,10.677691892863562,77542.0,36.78634490876986,3.5903472630959388,1.0,1.0,010400,0.4565508021390374,0.8756684491978609,0.37366310160427807,0.40698455339153794,51.38835416943503
12086010501,Census Tract 105.01; Miami-Dade County; Florida,Miami-Dade,5391.0,28.50721108821877,40904.0,55.49071618037136,17.559681697612735,1.0,1.0,010501,0.929144385026738,0.9872994652406417,0.8850267379679144,0.8898589657488247,92.40947878021714
12086010502,Census Tract 105.02; Miami-Dade County; Florida,Miami-Dade,9956.0,6.197806620384345,98056.0,18.703703703703702,0.5555555555555556,1.0,1.0,010502,0.2212566844919786,0.6203208556149733,0.09024064171122995,0.2310275352585628,27.682048031374464
12086010604,Census Tract 106.04; Miami-Dade County; Florida,Miami-Dade,4471.0,12.598248371884123,98819.0,11.399317406143345,1.4334470989761092,0.0,0.0,010604,0.554144385026738,0.45588235294117646,0.1824866310160428,0.2256548018804567,39.44625111782304
12086010608,Census Tract 106.08; Miami-Dade County; Florida,Miami-Dade,5837.0,10.225485055060304,72975.0,19.75975975975976,1.2012012012012012,0.0,0.0,010608,0.43516042780748665,0.6397058823529411,0.1557486631016043,0.4633982538616521,42.583473098623415
12086010609,Census Tract 106.09; Miami-Dade County; Florida,Miami-Dade,5864.0,19.251154043426222,37824.0,37.56665050896753,15.220552593310712,1.0,1.0,010609,0.7800802139037433,0.8823529411764706,0.8622994652406417,0.9173942243116185,84.44414117072435
12086010610,Census Tract 106.10; Miami-Dade County; Florida,Miami-Dade,4261.0,9.385446130110568,89777.0,20.96168294515402,11.269722013523667,0.0,0.0,010610,0.3963903743315508,0.6671122994652406,0.7687165775401069,0.2955003357958361,50.482199229285705
12086010613,Census Tract 106.13; Miami-Dade County; Florida,Miami-Dade,5574.0,10.76923076923077,57250.0,29.073482428115017,6.481058877225012,0.0,0.0,010613,0.46189839572192515,0.7967914438502673,0.5701871657754011,0.6682337139019476,59.180182299429326
12086010618,Census Tract 106.18; Miami-Dade County; Florida,Miami-Dade,4203.0,10.563882940756605,90729.0,30.64894448788116,5.08209538702111,0.0,0.0,010618,0.44986631016042783,0.8114973262032086,0.4752673796791444,0.2867696440564137,49.46533940519245
12086010619,Census Tract 106.19; Miami-Dade County; Florida,Miami-Dade,2458.0,12.008196721311476,74868.0,26.08695652173913,0.0,0.0,0.0,010619,0.5320855614973262,0.7586898395721925,0.03542780748663102,0.4425789120214909,46.01735364149934
12086010620,Census Tract 106.20; Miami-Dade County; Florida,Miami-Dade,2973.0,1.648166834846956,101611.0,5.413687436159346,0.0,0.0,0.0,010620,0.02540106951871658,0.26336898395721925,0.03542780748663102,0.20752182672934855,11.14241514421264
12086010621,Census Tract 106.21; Miami-Dade County; Florida,Miami-Dade,4750.0,13.494736842105262,76845.0,19.96962794229309,0.0,0.0,0.0,010621,0.5969251336898396,0.6437165775401069,0.03542780748663102,0.4177300201477502,45.81449345108335
12086010622,Census Tract 106.22; Miami-Dade County; Florida,Miami-Dade,4432.0,13.301608882846136,62238.0,39.36507936507937,11.825396825396824,0.0,0.0,010622,0.5882352941176471,0.9030748663101604,0.785427807486631,0.6044325050369376,69.38811534138047
12086010623,Census Tract 106.23; Miami-Dade County; Florida,Miami-Dade,3516.0,18.11926605504587,67542.0,25.9727626459144,5.155642023346303,0.0,0.0,010623,0.7486631016042781,0.7533422459893048,0.48262032085561496,0.5466756212222968,65.59928782551546
12086010624,Census Tract 106.24; Miami-Dade County; Florida,Miami-Dade,3056.0,7.904350714048489,77455.0,20.570264765784113,7.841140529531568,0.0,0.0,010624,0.31885026737967914,0.6577540106951871,0.6397058823529411,0.4083277367360645,46.86976329087103
12086010625,Census Tract 106.25; Miami-Dade County; Florida,Miami-Dade,5580.0,8.189964157706093,95066.0,8.876080691642652,0.0,0.0,0.0,010625,0.3355614973262032,0.3836898395721925,0.03542780748663102,0.2558764271323036,26.922341376870673
12086010626,Census Tract 106.26; Miami-Dade County; Florida,Miami-Dade,3924.0,16.615698267074414,62083.0,38.13354786806114,3.700724054706356,0.0,0.0,010626,0.7025401069518716,0.8897058823529411,0.38168449197860965,0.6091336467427804,65.7120846995615
12086010705,Census Tract 107.05; Miami-Dade County; Florida,Miami-Dade,4795.0,15.633536457238916,59936.0,34.86700215672178,4.601006470165349,1.0,1.0,010705,0.6737967914438503,0.8622994652406417,0.4425133689839572,0.6373404969778375,65.79493828180274
12086010706,Census Tract 107.06; Miami-Dade County; Florida,Miami-Dade,3334.0,14.217156568686262,59554.0,33.293269230769226,7.9326923076923075,1.0,1.0,010706,0.6203208556149733,0.8362299465240641,0.642379679144385,0.6447280053727333,67.27958684542259
12086010707,Census Tract 107.07; Miami-Dade County; Florida,Miami-Dade,3912.0,23.9519427402863,56050.0,51.30072840790842,14.464099895941724,1.0,1.0,010707,0.8683155080213903,0.9739304812834224,0.8502673796791443,0.6924110141034251,85.06479782217545
12086010708,Census Tract 107.08; Miami-Dade County; Florida,Miami-Dade,5414.0,16.028974739970284,60975.0,26.95763799743261,15.532734274711167,1.0,1.0,010708,0.6858288770053476,0.7733957219251337,0.8663101604278075,0.6255876427132303,72.73902558153733
12086010709,Census Tract 107.09; Miami-Dade County; Florida,Miami-Dade,5601.0,6.186536291839037,79965.0,12.88196524865189,1.9173157579388855,1.0,1.0,010709,0.22058823529411764,0.4913101604278075,0.22927807486631016,0.37273337810611146,30.68996167976929
12086010710,Census Tract 107.10; Miami-Dade County; Florida,Miami-Dade,6826.0,3.882215060064459,75748.0,33.58473824312333,1.8633540372670807,1.0,1.0,010710,0.10294117647058823,0.8449197860962567,0.22393048128342247,0.42914707857622564,34.077593977941625
12086010803,Census Tract 108.03; Miami-Dade County; Florida,Miami-Dade,3131.0,38.518045352922385,36974.0,49.34823091247672,25.884543761638735,0.0,0.0,010803,0.9779411764705882,0.9659090909090909,0.9552139037433155,0.9267965077233042,96.07603710633774
12086010804,Census Tract 108.04; Miami-Dade County; Florida,Miami-Dade,7232.0,29.88505747126437,55885.0,33.142605633802816,8.40669014084507,0.0,0.0,010804,0.9438502673796791,0.8342245989304813,0.6584224598930482,0.6944257891202149,81.49546765406205
12086010805,Census Tract 108.05; Miami-Dade County; Florida,Miami-Dade,5535.0,27.658802177858437,33799.0,44.372644049542274,8.723747980613894,0.0,0.0,010805,0.9191176470588235,0.9391711229946524,0.6691176470588235,0.9476158495634655,87.88279827469178
12086010806,Census Tract 108.06; Miami-Dade County; Florida,Miami-Dade,4726.0,30.664684646421748,44846.0,34.50920245398773,10.276073619631902,0.0,0.0,010806,0.9512032085561497,0.856951871657754,0.7359625668449198,0.832102081934184,86.54845875098314
12086010900,Census Tract 109; Miami-Dade County; Florida,Miami-Dade,6894.0,25.16681172033653,35525.0,56.273234200743495,3.2527881040892193,0.0,0.0,010900,0.8863636363636364,0.9886363636363636,0.34692513368983957,0.9368703828072532,80.90318305721458
12086011003,Census Tract 110.03; Miami-Dade County; Florida,Miami-Dade,4591.0,10.939202440618873,70313.0,39.14858096828047,9.26544240400668,0.0,0.0,011003,0.4732620320855615,0.8990641711229946,0.69451871657754,0.5030221625251847,60.86258228793685
12086011008,Census Tract 110.08; Miami-Dade County; Florida,Miami-Dade,4802.0,9.41274468971262,79417.0,24.96413199426112,0.7890961262553802,0.0,0.0,011008,0.3983957219251337,0.7346256684491979,0.11096256684491979,0.37877770315648085,40.42314764601732
12086011009,Census Tract 110.09; Miami-Dade County; Florida,Miami-Dade,6932.0,12.997691863819966,71875.0,20.05219660722053,7.43801652892562,0.0,0.0,011009,0.570855614973262,0.6497326203208557,0.6209893048128342,0.4788448623237072,57.82556034807842
12086011010,Census Tract 110.10; Miami-Dade County; Florida,Miami-Dade,5228.0,16.641104294478527,37235.0,53.80977404098791,25.380977404098793,0.0,0.0,011010,0.7052139037433155,0.9806149732620321,0.9518716577540107,0.9234385493619879,85.32705975729324
12086011011,Census Tract 110.11; Miami-Dade County; Florida,Miami-Dade,4059.0,26.5089923626509,45189.0,37.758346581876,1.5898251192368835,0.0,0.0,011011,0.9050802139037433,0.8843582887700535,0.1998663101604278,0.8280725319006045,74.44915117277145
12086011012,Census Tract 110.12; Miami-Dade County; Florida,Miami-Dade,2268.0,28.26278659611993,50417.0,44.53125,3.90625,0.0,0.0,011012,0.9258021390374331,0.9398395721925134,0.4037433155080214,0.7652787105439892,79.20931752638782
12086011013,Census Tract 110.13; Miami-Dade County; Florida,Miami-Dade,3716.0,13.240043057050594,66597.0,24.310520939734424,1.7364657814096014,0.0,0.0,011013,0.5822192513368984,0.7245989304812834,0.21122994652406418,0.5540631296171927,53.086610185926745
12086011014,Census Tract 110.14; Miami-Dade County; Florida,Miami-Dade,4569.0,12.782780584230178,87917.0,15.333333333333332,4.866666666666666,0.0,0.0,011014,0.5621657754010695,0.5474598930481284,0.45989304812834225,0.3082605775688381,48.798901390948956
12086011015,Census Tract 110.15; Miami-Dade County; Florida,Miami-Dade,10301.0,2.099737532808399,100556.0,10.365853658536585,0.0,0.0,0.0,011015,0.034759358288770054,0.42379679144385024,0.03542780748663102,0.216252518468771,14.899916679535846
12086011103,Census Tract 111.03; Miami-Dade County; Florida,Miami-Dade,3106.0,17.25692208628461,39347.0,35.850773430391264,1.637852593266606,0.0,0.0,011103,0.7259358288770054,0.8703208556149733,0.2038770053475936,0.9039623908663532,68.60063819165862
12086011104,Census Tract 111.04; Miami-Dade County; Florida,Miami-Dade,5483.0,40.692561377794064,24700.0,51.7561298873426,26.24254473161034,0.0,0.0,011104,0.9859625668449198,0.9745989304812834,0.9598930481283422,0.9892545332437878,97.91343291086507
12086011105,Census Tract 111.05; Miami-Dade County; Florida,Miami-Dade,4116.0,7.537077558959397,138750.0,13.333333333333334,3.063063063063063,0.0,0.0,011105,0.29879679144385024,0.5006684491978609,0.3282085561497326,0.07387508394895903,30.00691344368506
12086011106,Census Tract 111.06; Miami-Dade County; Florida,Miami-Dade,4194.0,24.31785543322164,76846.0,32.49243188698285,2.5227043390514634,0.0,0.0,011106,0.8756684491978609,0.8288770053475936,0.28342245989304815,0.4170584284754869,65.61389584223701
12086011203,Census Tract 112.03; Miami-Dade County; Florida,Miami-Dade,7174.0,51.28569399062367,30462.0,38.10096153846153,14.302884615384617,0.0,0.0,011203,0.9979946524064172,0.8883689839572193,0.8482620320855615,0.9670920080591001,93.99424657829431
12086011204,Census Tract 112.04; Miami-Dade County; Florida,Miami-Dade,1984.0,5.751765893037336,94107.0,8.024691358024691,1.3888888888888888,0.0,0.0,011204,0.19919786096256684,0.3549465240641711,0.17580213903743316,0.2619207521826729,23.821302744188216
12086011205,Census Tract 112.05; Miami-Dade County; Florida,Miami-Dade,3882.0,28.37027379400261,49637.0,23.88451443569554,7.174103237095363,1.0,1.0,011205,0.9264705882352942,0.7172459893048129,0.607620320855615,0.7756883814640698,79.06991736190172
12086011206,Census Tract 112.06; Miami-Dade County; Florida,Miami-Dade,3150.0,4.944178628389154,96295.0,11.477411477411476,1.098901098901099,1.0,1.0,011206,0.15641711229946523,0.4585561497326203,0.14405080213903743,0.2458025520483546,23.22487457037886
12086011301,Census Tract 113.01; Miami-Dade County; Florida,Miami-Dade,4005.0,45.81772784019975,19583.0,68.25885978428352,11.710323574730356,0.0,0.0,011301,0.9939839572192514,0.9993315508021391,0.7827540106951871,0.9973136333109469,95.34734218493553
12086011302,Census Tract 113.02; Miami-Dade County; Florida,Miami-Dade,6696.0,44.24352019288728,27877.0,45.642458100558656,28.60335195530726,0.0,0.0,011302,0.9919786096256684,0.9438502673796791,0.9699197860962567,0.9764942914707858,97.48443128396117
12086011405,Census Tract 114.05; Miami-Dade County; Florida,Miami-Dade,3585.0,27.33612273361227,48168.0,59.600347523892275,10.512597741094702,1.0,1.0,011405,0.9151069518716578,0.9933155080213903,0.7433155080213903,0.7864338482202821,87.06557536012757
12086011406,Census Tract 114.06; Miami-Dade County; Florida,Miami-Dade,3063.0,23.464052287581698,51699.0,25.195094760312152,3.455964325529543,1.0,1.0,011406,0.8602941176470589,0.7419786096256684,0.3622994652406417,0.7535258562793822,71.56784332879622
12086011407,Census Tract 114.07; Miami-Dade County; Florida,Miami-Dade,3944.0,22.3630831643002,51369.0,35.56531284302964,1.427003293084523,0.0,0.0,011407,0.8482620320855615,0.8663101604278075,0.18181818181818182,0.7568838146406984,70.03072442115624
12086011408,Census Tract 114.08; Miami-Dade County; Florida,Miami-Dade,5405.0,29.817671809256662,36034.0,42.48927038626609,3.862660944206009,0.0,0.0,011408,0.9425133689839572,0.9251336898395722,0.3977272727272727,0.9335124244459369,82.82800249961393
12086011409,Census Tract 114.09; Miami-Dade County; Florida,Miami-Dade,6187.0,23.592360882449785,52530.0,26.582278481012654,6.108970831040176,0.0,0.0,011409,0.8629679144385026,0.767379679144385,0.5441176470588235,0.7387508394895903,75.52367989139609
12086011410,Census Tract 114.10; Miami-Dade County; Florida,Miami-Dade,3881.0,8.554496263849524,87248.0,6.620477290223249,0.6158583525789069,0.0,0.0,011410,0.356951871657754,0.30414438502673796,0.09558823529411764,0.31296171927468097,28.531961658220894
12086011411,Census Tract 114.11; Miami-Dade County; Florida,Miami-Dade,2530.0,2.139261744966443,66330.0,13.067400275103164,0.0,0.0,0.0,011411,0.03542780748663102,0.4959893048128342,0.03542780748663102,0.5574210879785091,23.193876305024727
12086011412,Census Tract 114.12; Miami-Dade County; Florida,Miami-Dade,7618.0,10.173273825150956,61290.0,19.66417910447761,0.7462686567164178,0.0,0.0,011412,0.43315508021390375,0.6383689839572193,0.10427807486631016,0.6192075218267293,44.56329482156133
12086011500,Census Tract 115; Miami-Dade County; Florida,Miami-Dade,5644.0,7.8671639140472385,101452.0,15.0519978106185,1.477832512315271,0.0,0.0,011500,0.31684491978609625,0.5381016042780749,0.1858288770053476,0.2102081934184016,31.356570285480334
12086011601,Census Tract 116.01; Miami-Dade County; Florida,Miami-Dade,3734.0,13.176218532404926,93221.0,18.51851851851852,5.943152454780361,0.0,0.0,011601,0.5768716577540107,0.6143048128342246,0.5387700534759359,0.2706514439220954,51.54939251480555
12086011602,Census Tract 116.02; Miami-Dade County; Florida,Miami-Dade,4022.0,6.48746446110106,83092.0,21.526822558459425,2.33837689133425,0.0,0.0,011602,0.23462566844919786,0.6798128342245989,0.26537433155080214,0.34519811954331764,35.19273244434229
12086011701,Census Tract 117.01; Miami-Dade County; Florida,Miami-Dade,1781.0,4.828747894441325,80667.0,12.605042016806722,0.0,0.0,0.0,011701,0.14906417112299467,0.4859625668449198,0.03542780748663102,0.36400268636668903,23.670428058884585
12086011702,Census Tract 117.02; Miami-Dade County; Florida,Miami-Dade,4645.0,10.424538786396976,43763.0,30.681818181818183,15.367965367965366,0.0,0.0,011702,0.4431818181818182,0.8121657754010695,0.8643048128342246,0.8515782404298187,68.28824930057499
12086011800,Census Tract 118; Miami-Dade County; Florida,Miami-Dade,3521.0,6.253553155201819,81587.0,38.986175115207374,0.0,0.0,0.0,011800,0.22393048128342247,0.8963903743315508,0.03542780748663102,0.3579583613163197,34.75275011402693
12086011900,Census Tract 119; Miami-Dade County; Florida,Miami-Dade,5785.0,9.507346585998272,82147.0,16.998468606431853,2.7054619703930576,0.0,0.0,011900,0.4017379679144385,0.5828877005347594,0.29812834224598933,0.35325721961047685,40.75498396440205
12086012001,Census Tract 120.01; Miami-Dade County; Florida,Miami-Dade,3074.0,28.952504879635654,44101.0,10.476878612716762,3.4682080924855487,0.0,0.0,012001,0.9338235294117647,0.42513368983957217,0.3643048128342246,0.8455339153794493,70.0523895375355
12086012002,Census Tract 120.02; Miami-Dade County; Florida,Miami-Dade,5660.0,17.685512367491167,42540.0,39.80206540447504,7.74526678141136,0.0,0.0,012002,0.7386363636363636,0.9077540106951871,0.6350267379679144,0.867696440564137,77.75499832999931
12086012101,Census Tract 121.01; Miami-Dade County; Florida,Miami-Dade,2987.0,19.65182457315032,71181.0,20.943245403677057,3.1974420463629096,0.0,0.0,012101,0.7894385026737968,0.6657754010695187,0.34157754010695185,0.4895903290799194,61.516405512079686
12086012102,Census Tract 121.02; Miami-Dade County; Florida,Miami-Dade,4986.0,14.420377055756116,67917.0,19.5971692977681,8.111050626020685,0.0,0.0,012102,0.6290106951871658,0.6363636363636364,0.6477272727272727,0.5426460711887172,61.695167413079155
12086012103,Census Tract 121.03; Miami-Dade County; Florida,Miami-Dade,3602.0,5.7190449750138805,75687.0,5.6067588325652835,0.0,0.0,0.0,012103,0.196524064171123,0.2713903743315508,0.03542780748663102,0.4304902619207522,22.607131441623597
12086012104,Census Tract 121.04; Miami-Dade County; Florida,Miami-Dade,2331.0,24.41012441012441,45636.0,37.142857142857146,0.8928571428571428,0.0,0.0,012104,0.8776737967914439,0.8796791443850267,0.12032085561497326,0.8213566151779718,71.53408417521719
12086012105,Census Tract 121.05; Miami-Dade County; Florida,Miami-Dade,3059.0,20.169990192873488,72259.0,19.978969505783382,2.7339642481598316,0.0,0.0,012105,0.804144385026738,0.6443850267379679,0.30013368983957217,0.4728005372733378,60.51216047808708
12086012200,Census Tract 122; Miami-Dade County; Florida,Miami-Dade,5303.0,9.827357237715804,92714.0,16.51376146788991,2.0314547837483614,0.0,0.0,012200,0.4137700534759358,0.5735294117647058,0.23863636363636365,0.27468099395567497,38.28773752617232
12086012301,Census Tract 123.01; Miami-Dade County; Florida,Miami-Dade,2608.0,15.759202453987731,68673.0,11.229946524064172,2.941176470588235,0.0,0.0,012301,0.6778074866310161,0.44986631016042783,0.3141711229946524,0.5298858294157153,52.99076471665656
12086012302,Census Tract 123.02; Miami-Dade County; Florida,Miami-Dade,4256.0,11.257965541656832,79694.0,25.07836990595611,6.269592476489027,0.0,0.0,012302,0.4859625668449198,0.7399732620320856,0.5528074866310161,0.37541974479516454,52.80251254296212
12086012401,Census Tract 124.01; Miami-Dade County; Florida,Miami-Dade,5375.0,5.635130041462495,93340.0,25.018234865062,0.0,0.0,0.0,012401,0.1925133689839572,0.7366310160427807,0.03542780748663102,0.26930826057756885,28.527876441497902
12086012402,Census Tract 124.02; Miami-Dade County; Florida,Miami-Dade,3475.0,0.8345323741007195,152548.0,7.32484076433121,1.167728237791932,0.0,0.0,012402,0.0106951871657754,0.3315508021390374,0.15240641711229946,0.04768300873069174,11.06061204627159
12086012403,Census Tract 124.03; Miami-Dade County; Florida,Miami-Dade,1725.0,19.081272084805654,120811.0,14.022140221402212,10.70110701107011,0.0,0.0,012403,0.7774064171122995,0.516042780748663,0.7486631016042781,0.11417058428475486,58.67378601724591
12086012501,Census Tract 125.01; Miami-Dade County; Florida,Miami-Dade,1851.0,7.13128038897893,115919.0,18.047882136279927,0.0,0.0,0.0,012501,0.2747326203208556,0.6029411764705882,0.03542780748663102,0.132303559435863,26.402755680695865
12086012502,Census Tract 125.02; Miami-Dade County; Florida,Miami-Dade,4602.0,15.932128691053329,74154.0,36.808846761453395,1.895734597156398,0.0,0.0,012502,0.6818181818181818,0.8770053475935828,0.22593582887700533,0.44728005372733376,58.27715187668571
12086012601,Census Tract 126.01; Miami-Dade County; Florida,Miami-Dade,3102.0,13.185041908446165,68101.0,25.235404896421848,0.4708097928436911,0.0,0.0,012601,0.5775401069518716,0.7426470588235294,0.08155080213903744,0.5406312961719275,50.39818742076475
12086012602,Census Tract 126.02; Miami-Dade County; Florida,Miami-Dade,3828.0,10.109717868338558,95353.0,40.67632850241546,3.768115942028986,0.0,0.0,012602,0.4298128342245989,0.9131016042780749,0.3897058823529412,0.2531900604432505,48.31246431046929
12086012701,Census Tract 127.01; Miami-Dade County; Florida,Miami-Dade,11186.0,4.684426962274271,121250.0,8.92226148409894,5.771495877502945,0.0,0.0,012701,0.142379679144385,0.38435828877005346,0.5240641711229946,0.11215580926796508,26.106752548995665
12086012702,Census Tract 127.02; Miami-Dade County; Florida,Miami-Dade,4164.0,4.058597502401537,107644.0,6.3957863054928525,0.0,0.0,0.0,012702,0.1143048128342246,0.29545454545454547,0.03542780748663102,0.17259905977165882,14.64182076762569
12086012801,Census Tract 128.01; Miami-Dade County; Florida,Miami-Dade,4067.0,3.958691910499139,84333.0,20.66115702479339,1.8031555221637865,0.0,0.0,012801,0.1089572192513369,0.6597593582887701,0.2179144385026738,0.33781061114842176,28.66797692885079
12086012802,Census Tract 128.02; Miami-Dade County; Florida,Miami-Dade,3321.0,1.7464619090635352,101563.0,6.5810593900481535,1.9261637239165328,0.0,0.0,012802,0.029411764705882353,0.30213903743315507,0.22994652406417113,0.20852921423774345,15.988766102936685
12086012900,Census Tract 129; Miami-Dade County; Florida,Miami-Dade,4208.0,13.284220532319392,58313.0,38.11074918566775,0.9120521172638436,0.0,0.0,012900,0.5862299465240641,0.8890374331550802,0.12232620320855615,0.6595030221625252,56.8665310314858
12086013000,Census Tract 130; Miami-Dade County; Florida,Miami-Dade,4348.0,15.478380864765407,66063.0,33.4968465311843,4.7652417659425375,0.0,0.0,013000,0.6657754010695187,0.8402406417112299,0.45254010695187163,0.5614506380120886,63.71564377628456
12086013100,Census Tract 131; Miami-Dade County; Florida,Miami-Dade,5346.0,17.21480924638226,57068.0,43.02653867871259,5.702992659514399,0.0,0.0,013100,0.7245989304812834,0.9311497326203209,0.5167112299465241,0.6709200805910007,71.35957808240826
12086013201,Census Tract 132.01; Miami-Dade County; Florida,Miami-Dade,2362.0,11.346316680779,77121.0,31.88202247191011,2.387640449438202,0.0,0.0,013201,0.4913101604278075,0.821524064171123,0.2733957219251337,0.4143720617864338,49.83824337476611
12086013202,Census Tract 132.02; Miami-Dade County; Florida,Miami-Dade,3499.0,7.459274078308089,99583.0,34.64249748237664,4.531722054380665,0.0,0.0,013202,0.2907754010695187,0.8596256684491979,0.4385026737967914,0.22095366017461385,42.01265609119281
12086013301,Census Tract 133.01; Miami-Dade County; Florida,Miami-Dade,2754.0,16.199490353112488,63938.0,24.24557752341311,4.0582726326742975,0.0,0.0,013301,0.6911764705882353,0.7232620320855615,0.4117647058823529,0.5829415715245131,62.006425013377964
12086013302,Census Tract 133.02; Miami-Dade County; Florida,Miami-Dade,3166.0,14.213518635502211,61979.0,34.66533466533466,5.4945054945054945,0.0,0.0,013302,0.6196524064171123,0.8602941176470589,0.5086898395721925,0.6111484217595702,64.38874383626093
12086013400,Census Tract 134; Miami-Dade County; Florida,Miami-Dade,5032.0,24.006359300476948,38367.0,44.35294117647059,8.411764705882353,0.0,0.0,013400,0.8709893048128342,0.9378342245989305,0.6590909090909091,0.9126930826057756,85.03193651842568
12086013500,Census Tract 135; Miami-Dade County; Florida,Miami-Dade,5434.0,23.75093214019389,39831.0,48.99942824471126,10.005717552887363,0.0,0.0,013500,0.8649732620320856,0.963903743315508,0.7252673796791443,0.900604432505037,86.39444159127721
12086013600,Census Tract 136; Miami-Dade County; Florida,Miami-Dade,5857.0,10.602697626771384,44688.0,45.89756340129289,7.110890104425659,0.0,0.0,013600,0.45187165775401067,0.946524064171123,0.6036096256684492,0.8347884486232371,65.77330907941662
12086013700,Census Tract 137; Miami-Dade County; Florida,Miami-Dade,6199.0,18.285906718302744,41081.0,47.08258527827648,9.560143626570916,0.0,0.0,013700,0.7540106951871658,0.9578877005347594,0.7045454545454546,0.8858294157152451,81.12567922339582
12086013801,Census Tract 138.01; Miami-Dade County; Florida,Miami-Dade,2096.0,14.265267175572518,49483.0,48.78419452887538,10.030395136778116,0.0,0.0,013801,0.6236631016042781,0.9625668449197861,0.7272727272727273,0.7777031564808596,74.29737863763859
12086013802,Census Tract 138.02; Miami-Dade County; Florida,Miami-Dade,4961.0,21.991533964926425,,65.70771001150749,10.817031070195627,0.0,0.0,013802,0.8442513368983957,0.9986631016042781,0.7520053475935828,,85.9792780748663
12086013900,Census Tract 139; Miami-Dade County; Florida,Miami-Dade,4278.0,10.682561944834037,60066.0,20.76813655761024,0.0,0.0,0.0,013900,0.4572192513368984,0.661096256684492,0.03542780748663102,0.6353257219610476,44.925765776119356
12086014100,Census Tract 141; Miami-Dade County; Florida,Miami-Dade,1876.0,17.741935483870968,160333.0,0.0,0.0,0.0,0.0,014100,0.7399732620320856,0.02038770053475936,0.03542780748663102,0.03492276695768973,31.41369598086503
12086014200,Census Tract 142; Miami-Dade County; Florida,Miami-Dade,4521.0,2.2340190223401906,116591.0,18.333333333333332,0.6,0.0,0.0,014200,0.038101604278074866,0.6109625668449198,0.09491978609625669,0.12827400940228342,18.207191417992192
12086014300,Census Tract 143; Miami-Dade County; Florida,Miami-Dade,3289.0,11.662606577344702,88750.0,10.85409252669039,1.1565836298932384,0.0,0.0,014300,0.5127005347593583,0.4405080213903743,0.1517379679144385,0.3035594358629953,38.424129893730495
12086014400,Census Tract 144; Miami-Dade County; Florida,Miami-Dade,4873.0,15.383014154870942,77276.0,11.46325016857721,0.8091706001348618,0.0,0.0,014400,0.661096256684492,0.4572192513368984,0.11229946524064172,0.4110141034251175,46.05450666743283
12086014500,Census Tract 145; Miami-Dade County; Florida,Miami-Dade,4350.0,6.5883436996083855,90293.0,17.358490566037734,2.037735849056604,0.0,0.0,014500,0.24197860962566844,0.5915775401069518,0.2393048128342246,0.2907991940899933,32.112775325650134
12086014601,Census Tract 146.01; Miami-Dade County; Florida,Miami-Dade,3136.0,21.21309370988447,41646.0,19.37590711175617,2.39477503628447,0.0,0.0,014601,0.8288770053475936,0.6336898395721925,0.2747326203208556,0.8784419073203492,68.89236755817169
12086014602,Census Tract 146.02; Miami-Dade County; Florida,Miami-Dade,4143.0,6.323919864832248,49970.0,17.222963951935917,0.8678237650200267,0.0,0.0,014602,0.2266042780748663,0.5882352941176471,0.11697860962566844,0.7696440564137005,38.56133032613498
12086014701,Census Tract 147.01; Miami-Dade County; Florida,Miami-Dade,2092.0,17.919921875,54940.0,15.621156211562116,23.24723247232472,0.0,0.0,014701,0.7439839572192514,0.553475935828877,0.9351604278074866,0.7098723975822699,73.72953351314273
12086014702,Census Tract 147.02; Miami-Dade County; Florida,Miami-Dade,3907.0,9.393396467878167,70423.0,10.782241014799157,0.0,0.0,0.0,014702,0.39705882352941174,0.43783422459893045,0.03542780748663102,0.5016789791806582,35.381173166500865
12086014800,Census Tract 148; Miami-Dade County; Florida,Miami-Dade,5867.0,26.16328617692177,45930.0,46.04430379746836,5.748945147679325,0.0,0.0,014800,0.9004010695187166,0.9485294117647058,0.5200534759358288,0.8159838817998657,81.70737817075666
12086014900,Census Tract 149; Miami-Dade County; Florida,Miami-Dade,5386.0,12.071535022354697,81389.0,26.35933806146572,1.950354609929078,0.0,0.0,014900,0.5367647058823529,0.7633689839572193,0.23195187165775402,0.36064472800537273,48.58989990770104
12086015001,Census Tract 150.01; Miami-Dade County; Florida,Miami-Dade,5002.0,4.607371794871796,72313.0,23.082054703135423,3.735823882588393,0.0,0.0,015001,0.13636363636363635,0.7072192513368984,0.3850267379679144,0.4714573539288113,36.72861231921794
12086015002,Census Tract 150.02; Miami-Dade County; Florida,Miami-Dade,4922.0,13.490451036164162,96953.0,18.354430379746837,1.4240506329113924,0.0,0.0,015002,0.5962566844919787,0.6116310160427807,0.18114973262032086,0.23908663532572197,44.48761505945562
12086015101,Census Tract 151.01; Miami-Dade County; Florida,Miami-Dade,4619.0,4.93613336219961,126213.0,6.566738044254104,0.0,0.0,0.0,015101,0.15441176470588236,0.30080213903743314,0.03542780748663102,0.0987239758226998,14.875549035170572
12086015102,Census Tract 151.02; Miami-Dade County; Florida,Miami-Dade,2940.0,3.877551020408163,104647.0,21.320973348783316,0.0,0.0,0.0,015102,0.10227272727272728,0.6724598930481284,0.03542780748663102,0.18401611820013433,21.928985465606964
12086015103,Census Tract 151.03; Miami-Dade County; Florida,Miami-Dade,3790.0,14.626391096979331,166250.0,15.838509316770184,0.0,0.0,0.0,015103,0.6383689839572193,0.5608288770053476,0.03542780748663102,0.02921423774345198,38.04417780299739
12086015201,Census Tract 152.01; Miami-Dade County; Florida,Miami-Dade,3121.0,1.1534764498558154,103846.0,15.65126050420168,0.0,0.0,0.0,015201,0.014705882352941176,0.55548128342246,0.03542780748663102,0.19207521826729348,16.24792147764534
12086015202,Census Tract 152.02; Miami-Dade County; Florida,Miami-Dade,4201.0,10.810162991371044,85625.0,24.71451876019576,1.223491027732463,0.0,0.0,015202,0.464572192513369,0.7312834224598931,0.16109625668449198,0.3277367360644728,42.98521600471192
12086015300,Census Tract 153; Miami-Dade County; Florida,Miami-Dade,6643.0,7.273001054058124,110500.0,14.130434782608695,2.122153209109731,0.0,0.0,015300,0.2787433155080214,0.5187165775401069,0.24866310160427807,0.15983881799865682,29.694102563181694
12086015400,Census Tract 154; Miami-Dade County; Florida,Miami-Dade,5666.0,9.865866572537946,84697.0,17.779056386651323,5.69620253164557,0.0,0.0,015400,0.4164438502673797,0.5995989304812834,0.5153743315508021,0.3337810611148422,45.63284047363375
12086015501,Census Tract 155.01; Miami-Dade County; Florida,Miami-Dade,2684.0,12.853949329359166,46964.0,20.167189132706373,11.180773249738769,0.0,0.0,015501,0.5661764705882353,0.6510695187165776,0.766042780748663,0.8018804566823371,67.02691394648097
12086015502,Census Tract 155.02; Miami-Dade County; Florida,Miami-Dade,2937.0,7.286346612189309,86250.0,16.19348054679285,7.255520504731862,0.0,0.0,015502,0.2800802139037433,0.5648395721925134,0.6109625668449198,0.319341840161182,41.10608814012204
12086015600,Census Tract 156; Miami-Dade County; Florida,Miami-Dade,4624.0,9.796712802768166,77596.0,15.323076923076922,1.9692307692307691,0.0,0.0,015600,0.4117647058823529,0.5467914438502673,0.23462566844919786,0.4056413700470114,40.21175788222365
12086015700,Census Tract 157; Miami-Dade County; Florida,Miami-Dade,2221.0,13.906678865507777,114191.0,7.153502235469449,1.4903129657228018,0.0,0.0,015700,0.6102941176470589,0.32754010695187163,0.18850267379679145,0.13700470114170585,37.47271434368973
12086015800,Census Tract 158; Miami-Dade County; Florida,Miami-Dade,4896.0,2.5122549019607843,62634.0,21.649484536082475,1.2734990903577923,1.0,1.0,015800,0.0481283422459893,0.6824866310160428,0.16443850267379678,0.5990597716588314,30.844831796812993
12086015900,Census Tract 159; Miami-Dade County; Florida,Miami-Dade,3153.0,8.165869218500797,68207.0,18.886861313868614,1.7335766423357664,0.0,0.0,015900,0.3322192513368984,0.6216577540106952,0.21056149732620322,0.5386165211551377,40.705485503316666
12086016000,Census Tract 160; Miami-Dade County; Florida,Miami-Dade,4331.0,10.96368715083799,70508.0,18.994413407821227,0.4345127250155183,0.0,0.0,016000,0.47459893048128343,0.625,0.07954545454545454,0.4989926124916051,43.05471855999253
12086016100,Census Tract 161; Miami-Dade County; Florida,Miami-Dade,4245.0,4.617196702002356,96786.0,19.063324538258573,5.145118733509235,0.0,0.0,016100,0.13770053475935828,0.6256684491978609,0.48128342245989303,0.24177300201477503,32.482518863824914
12086016200,Census Tract 162; Miami-Dade County; Florida,Miami-Dade,3012.0,7.3041168658698545,80966.0,16.829919857524487,5.8771148708815675,0.0,0.0,016200,0.2820855614973262,0.5782085561497327,0.5334224598930482,0.36265950302216254,40.769232841191915
12086016300,Census Tract 163; Miami-Dade County; Florida,Miami-Dade,4622.0,13.805808409189424,97566.0,17.44107744107744,0.404040404040404,0.0,0.0,016300,0.6042780748663101,0.5929144385026738,0.0768716577540107,0.23572867696440564,42.28141845907421
12086016401,Census Tract 164.01; Miami-Dade County; Florida,Miami-Dade,4652.0,7.588134135855546,145938.0,6.736111111111111,0.0,0.0,0.0,016401,0.30080213903743314,0.3108288770053476,0.03542780748663102,0.05910006715916723,20.139220594520243
12086016402,Census Tract 164.02; Miami-Dade County; Florida,Miami-Dade,2390.0,9.97067448680352,96375.0,12.67175572519084,1.068702290076336,0.0,0.0,016402,0.42245989304812837,0.4872994652406417,0.14037433155080214,0.24445936870382806,34.34105903183058
12086016501,Census Tract 165.01; Miami-Dade County; Florida,Miami-Dade,3522.0,29.78421351504827,104229.0,11.821086261980833,9.371671991480298,0.0,0.0,016501,0.9411764705882353,0.46858288770053474,0.6971925133689839,0.18737407656145064,64.7100483761488
12086016502,Census Tract 165.02; Miami-Dade County; Florida,Miami-Dade,5417.0,6.239616023629315,137917.0,4.061251664447404,0.0,0.0,0.0,016502,0.2232620320855615,0.20855614973262032,0.03542780748663102,0.07521826729348556,15.3145257736772
12086016600,Census Tract 166; Miami-Dade County; Florida,Miami-Dade,3652.0,8.817086527929902,69290.0,9.578270192994996,2.8591851322373123,0.0,0.0,016600,0.3663101604278075,0.4077540106951872,0.30815508021390375,0.5177971793149765,39.326531821593655
12086016700,Census Tract 167; Miami-Dade County; Florida,Miami-Dade,4539.0,8.996463306808135,90083.0,9.30576070901034,0.0,0.0,0.0,016700,0.3783422459893048,0.39572192513368987,0.03542780748663102,0.2921423774345198,29.599532040669008
12086016800,Census Tract 168; Miami-Dade County; Florida,Miami-Dade,3796.0,13.250790305584824,56304.0,26.033057851239672,0.9917355371900828,0.0,0.0,016800,0.5835561497326203,0.7553475935828877,0.1323529411764706,0.687038280725319,54.83702229899836
12086016900,Census Tract 169; Miami-Dade County; Florida,Miami-Dade,4558.0,11.693725318121984,60114.0,24.625623960066555,3.383250138657792,0.0,0.0,016900,0.517379679144385,0.7279411764705882,0.3582887700534759,0.6346541302887844,55.11286870203237
12086017000,Census Tract 170; Miami-Dade County; Florida,Miami-Dade,4768.0,14.141201264488936,56865.0,15.384615384615383,2.1668472372697725,0.0,0.0,017000,0.6163101604278075,0.5487967914438503,0.25066844919786097,0.6756212222968435,54.15413567588341
12086017101,Census Tract 171.01; Miami-Dade County; Florida,Miami-Dade,3747.0,16.840138777688818,53325.0,11.395819285232635,0.0,1.0,1.0,017101,0.7112299465240641,0.4552139037433155,0.03542780748663102,0.7333781061114842,52.92959420779118
12086017102,Census Tract 171.02; Miami-Dade County; Florida,Miami-Dade,2799.0,8.717399071096821,98155.0,12.91759465478842,1.33630289532294,1.0,1.0,017102,0.3629679144385027,0.49264705882352944,0.17045454545454544,0.22968435191403627,32.37443570138233
12086017200,Census Tract 172; Miami-Dade County; Florida,Miami-Dade,3732.0,13.156484458735262,78828.0,12.461538461538462,1.153846153846154,0.0,0.0,017200,0.5748663101604278,0.48128342245989303,0.15040106951871657,0.38415043653458697,43.31135097668104
12086017300,Census Tract 173; Miami-Dade County; Florida,Miami-Dade,4014.0,12.900801603206414,41078.0,17.26044226044226,3.746928746928747,0.0,0.0,017300,0.5675133689839572,0.589572192513369,0.3870320855614973,0.8865010073875084,59.96264046860579
12086017401,Census Tract 174.01; Miami-Dade County; Florida,Miami-Dade,1510.0,3.2471835652750163,63783.0,5.298013245033113,1.3245033112582782,0.0,0.0,017401,0.07553475935828877,0.25935828877005346,0.1697860962566845,0.5842847548690396,23.289973172247105
12086017402,Census Tract 174.02; Miami-Dade County; Florida,Miami-Dade,4891.0,16.96994479656512,78413.0,22.972972972972975,0.8316008316008316,0.0,0.0,017402,0.7185828877005348,0.7058823529411765,0.11296791443850267,0.3928811282740094,52.97794342109516
12086017500,Census Tract 175; Miami-Dade County; Florida,Miami-Dade,3592.0,17.42761692650334,40481.0,40.45189504373178,19.825072886297377,0.0,0.0,017500,0.7279411764705882,0.911096256684492,0.911096256684492,0.8959032907991941,83.4795631421871
12086017600,Census Tract 176; Miami-Dade County; Florida,Miami-Dade,6789.0,15.998803827751196,55262.0,22.72904483430799,3.898635477582846,0.0,0.0,017600,0.6838235294117647,0.7032085561497327,0.40307486631016043,0.7044996642041639,63.568602909751725
12086017700,Census Tract 177; Miami-Dade County; Florida,Miami-Dade,4602.0,14.273262148616256,64571.0,26.625,6.25,0.0,0.0,017700,0.625,0.7687165775401069,0.5508021390374331,0.5755540631296172,62.90145559414315
12086017800,Census Tract 178; Miami-Dade County; Florida,Miami-Dade,5907.0,21.860149355057708,53992.0,31.74896169820028,4.291647438855561,0.0,0.0,017800,0.839572192513369,0.8201871657754011,0.42780748663101603,0.7273337810611148,73.0894563698854
12086017901,Census Tract 179.01; Miami-Dade County; Florida,Miami-Dade,3958.0,4.04244567963618,103750.0,14.974619289340104,3.6379018612521152,0.0,0.0,017901,0.11296791443850267,0.536096256684492,0.37633689839572193,0.1930826057756884,26.629031794658157
12086017902,Census Tract 179.02; Miami-Dade County; Florida,Miami-Dade,4669.0,9.05960834947278,116651.0,5.852231163130943,0.0,0.0,0.0,017902,0.38168449197860965,0.27606951871657753,0.03542780748663102,0.12760241773002015,24.04937455780896
12086018001,Census Tract 180.01; Miami-Dade County; Florida,Miami-Dade,1529.0,1.962066710268149,112345.0,18.3206106870229,0.0,0.0,0.0,018001,0.032754010695187165,0.6102941176470589,0.03542780748663102,0.1470785762256548,17.16617045499438
12086018002,Census Tract 180.02; Miami-Dade County; Florida,Miami-Dade,2602.0,9.877017678708686,109412.0,7.960199004975125,0.0,0.0,0.0,018002,0.4177807486631016,0.3516042780748663,0.03542780748663102,0.1618535930154466,27.688943518062942
12086018003,Census Tract 180.03; Miami-Dade County; Florida,Miami-Dade,8306.0,19.471269917914057,86869.0,13.822456424807458,0.526955816781516,0.0,0.0,018003,0.786096256684492,0.5086898395721925,0.08689839572192513,0.31564808596373406,49.66857669253672
12086018100,Census Tract 181; Miami-Dade County; Florida,Miami-Dade,4814.0,13.086830078936435,51917.0,19.208715596330276,2.5802752293577984,0.0,0.0,018100,0.5728609625668449,0.6276737967914439,0.29010695187165775,0.7458025520483546,56.18610451690292
12086018200,Census Tract 182; Miami-Dade County; Florida,Miami-Dade,2815.0,10.060433700675436,81471.0,25.83732057416268,3.349282296650718,0.0,0.0,018200,0.42513368983957217,0.7506684491978609,0.35427807486631013,0.3593015446608462,46.29030896808324
12086018300,Census Tract 183; Miami-Dade County; Florida,Miami-Dade,4367.0,6.274330203801237,72857.0,15.828402366863903,2.2928994082840237,0.0,0.0,018300,0.22459893048128343,0.5594919786096256,0.2627005347593583,0.46474143720617866,34.72263623075459
12086018400,Census Tract 184; Miami-Dade County; Florida,Miami-Dade,3754.0,11.74746936600959,57118.0,20.038910505836576,5.058365758754864,0.0,0.0,018400,0.518048128342246,0.6470588235294118,0.47393048128342247,0.6695768972464742,56.53324917487601
12086018500,Census Tract 185; Miami-Dade County; Florida,Miami-Dade,4824.0,11.592700124429696,71458.0,9.505280711506392,6.614785992217899,0.0,0.0,018500,0.5066844919786097,0.4037433155080214,0.5775401069518716,0.4828744123572868,49.55053637548798
12086018601,Census Tract 186.01; Miami-Dade County; Florida,Miami-Dade,4418.0,20.84653689452241,76250.0,6.893819334389857,0.3961965134706814,0.0,0.0,018601,0.8201871657754011,0.3175133689839572,0.07620320855614973,0.4244459368703828,49.170736919225845
12086018602,Census Tract 186.02; Miami-Dade County; Florida,Miami-Dade,3864.0,4.7446201711174485,77597.0,20.33613445378151,4.873949579831933,0.0,0.0,018602,0.14371657754010694,0.6537433155080213,0.4605614973262032,0.4049697783747482,36.13415492578373
12086018700,Census Tract 187; Miami-Dade County; Florida,Miami-Dade,4391.0,10.261707988980715,80338.0,6.885758998435055,0.7824726134585289,0.0,0.0,018700,0.43783422459893045,0.3165106951871658,0.10962566844919786,0.3687038280725319,33.41017281813513
12086018801,Census Tract 188.01; Miami-Dade County; Florida,Miami-Dade,2729.0,7.079970652971386,118750.0,9.125475285171104,0.0,0.0,0.0,018801,0.2700534759358289,0.3890374331550802,0.03542780748663102,0.12222968435191403,21.736037537305663
12086018802,Census Tract 188.02; Miami-Dade County; Florida,Miami-Dade,2654.0,12.34809878479028,61653.0,8.678881388621022,0.8678881388621021,0.0,0.0,018802,0.5447860962566845,0.3770053475935829,0.11764705882352941,0.61316319677636,43.947755914136835
12086018803,Census Tract 188.03; Miami-Dade County; Florida,Miami-Dade,3654.0,19.685690653432587,78929.0,6.715210355987054,2.5080906148867315,0.0,0.0,018803,0.7907754010695187,0.3074866310160428,0.2827540106951872,0.3834788448623237,51.105405774251835
12086018901,Census Tract 189.01; Miami-Dade County; Florida,Miami-Dade,3091.0,2.3940472339048853,100142.0,13.992537313432834,3.3582089552238807,0.0,0.0,018901,0.0427807486631016,0.5140374331550802,0.3559491978609626,0.22028206850235058,23.516603936891933
12086018902,Census Tract 189.02; Miami-Dade County; Florida,Miami-Dade,3357.0,6.001791579575992,93229.0,2.127659574468085,0.0,0.0,0.0,018902,0.21189839572192512,0.12098930481283422,0.03542780748663102,0.2699798522498321,17.003875119862954
12086019000,Census Tract 190; Miami-Dade County; Florida,Miami-Dade,5686.0,10.970017636684304,78585.0,8.421559191530317,0.5774783445620789,0.0,0.0,019000,0.4766042780748663,0.3669786096256685,0.09224598930481283,0.3895231699126931,36.03912649985814
12086019100,Census Tract 191; Miami-Dade County; Florida,Miami-Dade,5364.0,12.97539149888143,61382.0,9.889624724061813,7.505518763796909,0.0,0.0,019100,0.5701871657754011,0.41310160427807485,0.6236631016042781,0.6171927468099395,55.88663568486189
12086019200,Census Tract 192; Miami-Dade County; Florida,Miami-Dade,5210.0,12.613307618129218,82361.0,9.50413223140496,3.659976387249114,0.0,0.0,019200,0.55548128342246,0.40307486631016043,0.3770053475935829,0.35124244459368703,44.845704506847014
12086019301,Census Tract 193.01; Miami-Dade County; Florida,Miami-Dade,2955.0,16.785109983079526,79448.0,8.013937282229964,2.0905923344947737,0.0,0.0,019301,0.7105614973262032,0.35427807486631013,0.24398395721925134,0.3781061114842176,47.94982276444372
12086019302,Census Tract 193.02; Miami-Dade County; Florida,Miami-Dade,5024.0,7.809371245494594,79766.0,7.6923076923076925,0.4142011834319526,0.0,0.0,019302,0.3135026737967914,0.34358288770053474,0.07820855614973261,0.374076561450638,28.45746705788976
12086019401,Census Tract 194.01; Miami-Dade County; Florida,Miami-Dade,2693.0,0.6312662458225028,108074.0,5.274971941638609,0.0,0.0,0.0,019401,0.004679144385026738,0.25735294117647056,0.03542780748663102,0.1699126930826058,9.441034610315217
12086019402,Census Tract 194.02; Miami-Dade County; Florida,Miami-Dade,5924.0,19.55713319810683,85476.0,5.56844547563805,0.7540603248259861,0.0,0.0,019402,0.7881016042780749,0.2700534759358289,0.10628342245989304,0.32907991940899933,45.63240052721742
12086019501,Census Tract 195.01; Miami-Dade County; Florida,Miami-Dade,3769.0,12.045635447068188,91442.0,15.654205607476634,3.894080996884735,0.0,0.0,019501,0.535427807486631,0.5561497326203209,0.40240641711229946,0.2813969106783076,46.216173507683806
12086019502,Census Tract 195.02; Miami-Dade County; Florida,Miami-Dade,4526.0,5.104972375690608,91383.0,17.233560090702948,8.843537414965986,0.0,0.0,019502,0.16377005347593582,0.588903743315508,0.6771390374331551,0.2827400940228341,37.52645963446738
12086019600,Census Tract 196; Miami-Dade County; Florida,Miami-Dade,6530.0,4.931087289433385,126688.0,9.09601347557552,0.0,0.0,0.0,019600,0.1537433155080214,0.38836898395721925,0.03542780748663102,0.09603760913364674,16.5464206318708
12086019700,Census Tract 197; Miami-Dade County; Florida,Miami-Dade,4060.0,11.67487684729064,91382.0,9.17516218721038,2.5023169601482853,0.0,0.0,019700,0.5140374331550802,0.3917112299465241,0.28141711229946526,0.2834116856950974,39.69229788502495
12086019801,Census Tract 198.01; Miami-Dade County; Florida,Miami-Dade,5450.0,3.461040162872478,104338.0,24.63054187192118,0.0,0.0,0.0,019801,0.08489304812834225,0.7286096256684492,0.03542780748663102,0.18670248488918736,22.410520286019043
12086019802,Census Tract 198.02; Miami-Dade County; Florida,Miami-Dade,5021.0,5.235811350919264,139400.0,13.691194209891435,1.2665862484921593,0.0,0.0,019802,0.1697860962566845,0.5046791443850267,0.16310160427807488,0.0725319006044325,21.597696835618063
12086019901,Census Tract 199.01; Miami-Dade County; Florida,Miami-Dade,4093.0,29.391644270706085,57467.0,23.57790601813685,0.0,0.0,0.0,019901,0.9378342245989305,0.7132352941176471,0.03542780748663102,0.664204163868368,65.77071429341015
12086019902,Census Tract 199.02; Miami-Dade County; Florida,Miami-Dade,7053.0,2.7545080221496523,73760.0,24.14759458197104,2.8958430639887904,0.0,0.0,019902,0.05481283422459893,0.7212566844919787,0.3094919786096257,0.4513096037609134,31.833678706234313
12086020001,Census Tract 200.01; Miami-Dade County; Florida,Miami-Dade,2320.0,8.408796895213454,74397.0,32.508250825082506,1.4851485148514851,0.0,0.0,020001,0.34759358288770054,0.8295454545454546,0.18783422459893048,0.44660846205507054,43.18350613949713
12086020002,Census Tract 200.02; Miami-Dade County; Florida,Miami-Dade,5269.0,16.321882710191687,112188.0,14.385474860335195,5.726256983240224,0.0,0.0,020002,0.696524064171123,0.5227272727272727,0.518048128342246,0.1490933512424446,51.65833761308419
12086020100,Census Tract 201; Miami-Dade County; Florida,Miami-Dade,4465.0,16.77491601343785,77788.0,24.15026833631485,0.8944543828264758,0.0,0.0,020100,0.7098930481283422,0.7219251336898396,0.12098930481283422,0.40094022834116855,53.27281526201053
12086020200,Census Tract 202; Miami-Dade County; Florida,Miami-Dade,5754.0,23.410526315789472,54883.0,33.537832310838446,1.3633265167007498,1.0,1.0,020200,0.8596256684491979,0.8422459893048129,0.17245989304812834,0.7118871725990598,68.91688783700795
12086020300,Census Tract 203; Miami-Dade County; Florida,Miami-Dade,3331.0,10.7239411234605,80458.0,25.68627450980392,3.725490196078431,1.0,1.0,020300,0.4612299465240642,0.7493315508021391,0.3836898395721925,0.3653458697112156,48.416543062673504
12086490100,Census Tract 4901; Miami-Dade County; Florida,Miami-Dade,1373.0,10.693215339233038,63889.0,19.4331983805668,7.894736842105263,0.0,0.0,490100,0.4585561497326203,0.6343582887700535,0.6417112299465241,0.5836131631967764,55.535899627571894
12011010102,Census Tract 101.02; Broward County; Florida,Broward,2842.0,5.0316678395496135,100833.0,8.114374034003092,0.927357032457496,0.0,0.0,010102,0.16109625668449198,0.356951871657754,0.125,0.21356615177971794,20.35421073612912
12011010103,Census Tract 101.03; Broward County; Florida,Broward,3416.0,5.525846702317291,79574.0,3.4360189573459716,4.62085308056872,0.0,0.0,010103,0.18382352941176472,0.17914438502673796,0.4431818181818182,0.3760913364674278,27.32129196999027
12011010104,Census Tract 101.04; Broward County; Florida,Broward,2096.0,12.5,56509.0,3.5569927243330643,2.9102667744543247,0.0,0.0,010104,0.5514705882352942,0.18382352941176472,0.3108288770053476,0.6823371390194761,45.598614438143535
12011010201,Census Tract 102.01; Broward County; Florida,Broward,3074.0,8.26284970722186,72776.0,3.878326996197719,27.984790874524716,0.0,0.0,010201,0.339572192513369,0.1998663101604278,0.9685828877005348,0.46608462055070515,46.27356406876812
12011010202,Census Tract 102.02; Broward County; Florida,Broward,3581.0,18.880135059088353,54107.0,19.87435750999429,5.768132495716733,0.0,0.0,010202,0.7693850267379679,0.6417112299465241,0.5233957219251337,0.7246474143720618,68.57048839439312
12011010304,Census Tract 103.04; Broward County; Florida,Broward,3931.0,14.92343628341552,38750.0,31.76,11.04,0.0,0.0,010304,0.6470588235294118,0.820855614973262,0.7620320855614974,0.9093351242444594,75.72680943676085
12011010305,Census Tract 103.05; Broward County; Florida,Broward,5893.0,38.24240331491713,33887.0,28.686327077747993,13.749521256223668,1.0,1.0,010305,0.9772727272727273,0.7934491978609626,0.8355614973262032,0.9462726662189389,90.59657631903119
12011010306,Census Tract 103.06; Broward County; Florida,Broward,2671.0,17.633845001871958,48235.0,25.943396226415093,19.528301886792455,0.0,0.0,010306,0.7359625668449198,0.7520053475935828,0.9064171122994652,0.7844190732034922,78.29533333572759
12011010307,Census Tract 103.07; Broward County; Florida,Broward,5460.0,29.950115118956255,45407.0,24.865394028389623,7.391091532060695,0.0,0.0,010307,0.94451871657754,0.7332887700534759,0.6189839572192514,0.8260577568838147,81.34735834623244
12011010308,Census Tract 103.08; Broward County; Florida,Broward,5050.0,14.285714285714285,73188.0,11.92504258943782,6.814310051107325,0.0,0.0,010308,0.6256684491978609,0.4699197860962567,0.589572192513369,0.4600402955003358,55.41738345011367
12011010401,Census Tract 104.01; Broward County; Florida,Broward,5358.0,0.636584909193035,100825.0,6.153023006955592,3.156768325307651,0.0,0.0,010401,0.0053475935828877,0.2840909090909091,0.3362299465240642,0.21423774345198118,16.9050757246546
12011010402,Census Tract 104.02; Broward County; Florida,Broward,3957.0,9.476876421531465,51131.0,14.704421261798313,11.574764033780427,0.0,0.0,010402,0.40106951871657753,0.5320855614973262,0.7787433155080213,0.7588985896574882,57.437330081919825
12011010403,Census Tract 104.03; Broward County; Florida,Broward,4607.0,19.79596266550901,29063.0,15.087719298245611,25.146198830409354,0.0,0.0,010403,0.7934491978609626,0.5387700534759359,0.9485294117647058,0.9724647414372062,80.93325204799547
12011010405,Census Tract 104.05; Broward County; Florida,Broward,8585.0,18.27956989247312,61162.0,15.40454938093867,7.457529513389001,1.0,1.0,010405,0.7533422459893048,0.5494652406417112,0.6216577540106952,0.6205507051712559,65.96716383604544
12011010406,Census Tract 104.06; Broward County; Florida,Broward,4951.0,8.967885275701878,79525.0,4.376108811354229,0.5322294500295683,0.0,0.0,010406,0.375,0.22259358288770054,0.08823529411764706,0.3767629281396911,28.751836102900775
12011010407,Census Tract 104.07; Broward County; Florida,Broward,5898.0,16.59516045992792,45442.0,6.556814280810161,16.203226913834534,0.0,0.0,010407,0.7018716577540107,0.30013368983957217,0.8723262032085561,0.8247145735392881,68.01835564190876
12011010502,Census Tract 105.02; Broward County; Florida,Broward,2954.0,3.6656389174374784,101136.0,5.169491525423728,5.2542372881355925,0.0,0.0,010502,0.09491978609625669,0.2520053475935829,0.48863636363636365,0.21087978509066488,22.827221370262496
12011010503,Census Tract 105.03; Broward County; Florida,Broward,23706.0,4.80890913692736,217909.0,0.0,1.3412589544276787,0.0,0.0,010503,0.14705882352941177,0.02038770053475936,0.1711229946524064,0.011417058428475487,9.940908013489297
12011010504,Census Tract 105.04; Broward County; Florida,Broward,5141.0,2.664576802507837,116271.0,1.1804384485666104,2.360876897133221,0.0,0.0,010504,0.051470588235294115,0.07620320855614973,0.26938502673796794,0.1302887844190732,11.576363923675585
12011010601,Census Tract 106.01; Broward County; Florida,Broward,8288.0,2.7357462776903523,142264.0,5.449041372351161,11.67171207534477,0.0,0.0,010601,0.053475935828877004,0.2647058823529412,0.7800802139037433,0.0631296171927468,24.297351702143704
12011010603,Census Tract 106.03; Broward County; Florida,Broward,5397.0,3.1498980915323327,129013.0,4.171494785631518,2.8968713789107765,0.0,0.0,010603,0.07085561497326204,0.21323529411764705,0.31016042780748665,0.08999328408327736,15.102004719098705
12011010604,Census Tract 106.04; Broward County; Florida,Broward,4086.0,1.4067127344521224,88854.0,7.612712490761271,1.8477457501847747,0.0,0.0,010604,0.01804812834224599,0.33890374331550804,0.22192513368983957,0.3022162525184688,17.982827724166167
12011010605,Census Tract 106.05; Broward County; Florida,Broward,7601.0,4.512564136297856,158527.0,5.282005371530887,0.0,0.0,0.0,010605,0.13168449197860962,0.2580213903743315,0.03542780748663102,0.0409670920080591,11.955705476524818
12011010606,Census Tract 106.06; Broward County; Florida,Broward,7954.0,16.02967060598441,101767.0,8.297872340425531,4.858156028368795,0.0,0.0,010606,0.6864973262032086,0.3609625668449198,0.4585561497326203,0.20483546004029551,47.94697658048506
12011010609,Census Tract 106.09; Broward County; Florida,Broward,4852.0,8.98598516075845,95491.0,4.555084745762712,0.0,0.0,0.0,010609,0.37633689839572193,0.2306149732620321,0.03542780748663102,0.2525184687709872,25.42470092622188
12011010610,Census Tract 106.10; Broward County; Florida,Broward,7046.0,9.521061742642816,61100.0,11.246730601569311,7.367044463818657,0.0,0.0,010610,0.40307486631016043,0.45120320855614976,0.6163101604278075,0.6218938885157824,49.911139802401216
12011010611,Census Tract 106.11; Broward County; Florida,Broward,3771.0,2.4396711747547073,146775.0,1.4801110083256246,0.0,0.0,0.0,010611,0.04344919786096257,0.09157754010695188,0.03542780748663102,0.05708529214237743,5.41978070915771
12011010612,Census Tract 106.12; Broward County; Florida,Broward,6815.0,1.1350235849056602,120526.0,5.459770114942529,0.9099616858237548,0.0,0.0,010612,0.013368983957219251,0.2660427807486631,0.12165775401069519,0.11618535930154467,10.61247723950683
12011010613,Census Tract 106.13; Broward County; Florida,Broward,2950.0,2.169491525423729,98978.0,3.5977859778597785,2.029520295202952,0.0,0.0,010613,0.03676470588235294,0.18783422459893048,0.23796791443850268,0.22431161853593015,14.472863386761386
12011010614,Census Tract 106.14; Broward County; Florida,Broward,2734.0,6.558013193636011,86840.0,1.7758046614872365,7.880133185349611,0.0,0.0,010614,0.2393048128342246,0.10294117647058823,0.6403743315508021,0.31631967763599733,30.764896226516736
12011010615,Census Tract 106.15; Broward County; Florida,Broward,4732.0,2.962009014810045,113292.0,16.77762982689747,4.993342210386151,0.0,0.0,010615,0.06216577540106952,0.5775401069518716,0.4679144385026738,0.1417058428475487,26.229838782084663
12011010701,Census Tract 107.01; Broward County; Florida,Broward,5437.0,14.438898132741723,56041.0,16.25066383430696,8.8688263409453,0.0,0.0,010701,0.6303475935828877,0.5661764705882353,0.679144385026738,0.6930826057756884,63.98197297112874
12011010702,Census Tract 107.02; Broward County; Florida,Broward,10616.0,11.118909163825949,56211.0,18.6428821266177,8.744316194473592,0.0,0.0,010702,0.48262032085561496,0.6169786096256684,0.6717914438502673,0.6890530557421088,58.86127501858549
12011010800,Census Tract 108; Broward County; Florida,Broward,8751.0,13.03145523677843,73214.0,22.006802721088437,3.4693877551020407,0.0,0.0,010800,0.571524064171123,0.6925133689839572,0.3649732620320856,0.4586971121558093,53.18463743028197
12011010901,Census Tract 109.01; Broward County; Florida,Broward,2142.0,11.57796451914099,80372.0,8.317757009345794,7.757009345794392,0.0,0.0,010901,0.5046791443850267,0.3629679144385027,0.6370320855614974,0.3673606447280054,47.53437866996117
12011010902,Census Tract 109.02; Broward County; Florida,Broward,3487.0,6.56638704078681,76753.0,2.4520255863539444,3.3582089552238807,0.0,0.0,010902,0.24131016042780748,0.13302139037433156,0.3559491978609626,0.41907320349227667,27.81328225166372
12011011000,Census Tract 110; Broward County; Florida,Broward,2225.0,6.067415730337078,86250.0,0.0,3.456402199528672,0.0,0.0,011000,0.2159090909090909,0.02038770053475936,0.3629679144385027,0.319341840161182,22.690312739052516
12011020101,Census Tract 201.01; Broward County; Florida,Broward,8120.0,13.288177339901477,59683.0,9.062170706006324,0.869336143308746,0.0,0.0,020101,0.5868983957219251,0.3870320855614973,0.11831550802139038,0.6427132303559436,46.43715230765364
12011020103,Census Tract 201.03; Broward County; Florida,Broward,5478.0,11.44177449168207,53538.0,21.80579216354344,14.437819420783644,0.0,0.0,020103,0.49866310160427807,0.6871657754010695,0.8495989304812834,0.7306917394224312,65.2956529702668
12011020104,Census Tract 201.04; Broward County; Florida,Broward,2739.0,8.981380065717415,54909.0,9.345106696100071,16.703458425312732,0.0,0.0,020104,0.37566844919786097,0.39705882352941174,0.8763368983957219,0.7112155809267965,54.718964024953046
12011020204,Census Tract 202.04; Broward County; Florida,Broward,6369.0,10.080075365049458,68750.0,20.463187003110956,5.841686830279986,0.0,0.0,020204,0.4264705882352941,0.6544117647058824,0.5300802139037433,0.5278710543989255,51.30608418958279
12011020205,Census Tract 202.05; Broward County; Florida,Broward,6485.0,11.905130987443806,69167.0,9.793447293447294,0.5341880341880342,0.0,0.0,020205,0.5233957219251337,0.4124331550802139,0.08890374331550802,0.5198119543317663,41.35880593155512
12011020206,Census Tract 202.06; Broward County; Florida,Broward,4791.0,11.688582759340427,69417.0,14.546561168594035,1.278149726110773,0.0,0.0,020206,0.5153743315508021,0.5267379679144385,0.16510695187165775,0.5157824042981867,44.76751974371775
12011020209,Census Tract 202.09; Broward County; Florida,Broward,2321.0,15.325842696629213,49760.0,12.124352331606218,17.616580310880828,0.0,0.0,020209,0.6590909090909091,0.4732620320855615,0.8870320855614974,0.7730020147750168,69.02955901207788
12011020210,Census Tract 202.10; Broward County; Florida,Broward,5630.0,10.053571428571429,65603.0,7.277089164334266,7.077169132347061,0.0,0.0,020210,0.4244652406417112,0.3302139037433155,0.6022727272727273,0.5668233713901948,46.964809673793205
12011020211,Census Tract 202.11; Broward County; Florida,Broward,3082.0,19.46787800129786,,11.676646706586826,12.649700598802395,0.0,0.0,020211,0.785427807486631,0.46524064171123,0.8074866310160428,,71.08957219251339
12011020212,Census Tract 202.12; Broward County; Florida,Broward,3948.0,11.398176291793312,48055.0,24.989690721649485,12.164948453608249,0.0,0.0,020212,0.49331550802139035,0.7359625668449198,0.7934491978609626,0.7871054398925453,66.06296441282417
12011020213,Census Tract 202.13; Broward County; Florida,Broward,3946.0,14.419665484034466,48929.0,9.923356192012909,6.9382815651472365,0.0,0.0,020213,0.6283422459893048,0.4144385026737968,0.5962566844919787,0.7803895231699127,60.95538404628596
12011020214,Census Tract 202.14; Broward County; Florida,Broward,2683.0,8.460678345136042,89375.0,3.0542986425339365,0.0,0.0,0.0,020214,0.35093582887700536,0.15975935828877005,0.03542780748663102,0.2995298858294157,23.93177418717655
12011020302,Census Tract 203.02; Broward County; Florida,Broward,9445.0,12.80350839661996,59935.0,18.6337395766517,11.353431686978832,0.0,0.0,020302,0.5641711229946524,0.6156417112299465,0.7713903743315508,0.6380120886501007,63.06772840401806
12011020308,Census Tract 203.08; Broward County; Florida,Broward,6344.0,33.41800285759645,55586.0,16.86046511627907,8.591731266149871,0.0,0.0,020308,0.9612299465240641,0.5795454545454546,0.6651069518716578,0.7011417058428475,77.36508010616177
12011020309,Census Tract 203.09; Broward County; Florida,Broward,6118.0,1.6508662961752203,92946.0,6.81265206812652,0.0,0.0,0.0,020309,0.02606951871657754,0.3141711229946524,0.03542780748663102,0.2733378106111484,13.50151557051174
12011020311,Census Tract 203.11; Broward County; Florida,Broward,3416.0,11.478770131771595,60938.0,16.104553119730188,7.166947723440136,0.0,0.0,020311,0.49933155080213903,0.5641711229946524,0.606951871657754,0.6265950302216252,55.9276225295662
12011020312,Census Tract 203.12; Broward County; Florida,Broward,5126.0,10.312747426761678,85143.0,12.694300518134716,6.670984455958549,0.0,0.0,020312,0.43983957219251335,0.4879679144385027,0.5802139037433155,0.3304231027535259,45.56568130640742
12011020313,Census Tract 203.13; Broward County; Florida,Broward,6209.0,7.790716745940626,59872.0,8.340767172167707,3.6128456735057983,0.0,0.0,020313,0.31216577540106955,0.36363636363636365,0.37433155080213903,0.638683680322364,40.01966291126012
12011020314,Census Tract 203.14; Broward County; Florida,Broward,5853.0,13.21730139582974,55125.0,29.6259842519685,25.688976377952756,0.0,0.0,020314,0.5795454545454546,0.8021390374331551,0.9532085561497327,0.7085292142377434,72.45935433823082
12011020315,Census Tract 203.15; Broward County; Florida,Broward,5584.0,5.712750716332378,97049.0,4.2962125494629735,1.7524024872809498,0.0,0.0,020315,0.19585561497326204,0.2192513368983957,0.21390374331550802,0.23774345198119542,21.252195242832467
12011020316,Census Tract 203.16; Broward County; Florida,Broward,4300.0,16.348837209302324,73029.0,7.881773399014779,1.293103448275862,0.0,0.0,020316,0.6991978609625669,0.3482620320855615,0.1657754010695187,0.46272666218938885,47.503196345392055
12011020317,Census Tract 203.17; Broward County; Florida,Broward,3260.0,11.57279162819329,108472.0,4.7713717693836974,0.5964214711729622,0.0,0.0,020317,0.5040106951871658,0.24131016042780748,0.0929144385026738,0.16856950973807924,30.21630998085784
12011020318,Census Tract 203.18; Broward County; Florida,Broward,9760.0,1.4919230373495216,139006.0,6.852035749751738,3.475670307845084,0.0,0.0,020318,0.019385026737967916,0.3155080213903743,0.36564171122994654,0.07320349227669577,15.86246556745905
12011020319,Census Tract 203.19; Broward County; Florida,Broward,5730.0,6.560252587265392,93009.0,6.340579710144928,2.083333333333333,0.0,0.0,020319,0.24064171122994651,0.2934491978609626,0.2429812834224599,0.2719946272666219,25.79417062019875
12011020320,Census Tract 203.20; Broward County; Florida,Broward,4820.0,9.54951214448827,73787.0,11.093073593073594,0.8658008658008658,0.0,0.0,020320,0.4037433155080214,0.44719251336898397,0.1163101604278075,0.44996642041638685,36.41911450458443
12011020321,Census Tract 203.21; Broward County; Florida,Broward,2248.0,16.845397676496873,103676.0,0.949367088607595,0.949367088607595,0.0,0.0,020321,0.7118983957219251,0.06951871657754011,0.12834224598930483,0.19408999328408327,36.31495494589558
12011020322,Census Tract 203.22; Broward County; Florida,Broward,3975.0,3.647798742138365,109018.0,7.627829002514669,1.9279128248113997,0.0,0.0,020322,0.09358288770053476,0.3409090909090909,0.2306149732620321,0.16453995970449967,18.464595985533844
12011020323,Census Tract 203.23; Broward County; Florida,Broward,3826.0,13.408259278619967,54750.0,4.790026246719161,1.7716535433070866,0.0,0.0,020323,0.5942513368983957,0.2426470588235294,0.21524064171122995,0.7159167226326394,47.2461419392838
12011020324,Census Tract 203.24; Broward County; Florida,Broward,7405.0,9.053833605220229,58915.0,14.095371669004209,5.46984572230014,0.0,0.0,020324,0.3810160427807487,0.518048128342246,0.5080213903743316,0.652451309603761,48.81105827763672
12011020325,Census Tract 203.25; Broward County; Florida,Broward,3887.0,11.564274651522974,77690.0,10.375275938189846,3.164091243561442,0.0,0.0,020325,0.5033422459893048,0.4244652406417112,0.3375668449197861,0.4022834116856951,43.419999784516044
12011020326,Census Tract 203.26; Broward County; Florida,Broward,6073.0,10.111036339165546,80383.0,18.681917211328976,1.252723311546841,0.0,0.0,020326,0.4304812834224599,0.6183155080213903,0.16243315508021391,0.3666890530557421,40.168005660045324
12011020404,Census Tract 204.04; Broward County; Florida,Broward,8629.0,17.004752521154515,75234.0,21.252947120242503,3.637588413607275,0.0,0.0,020404,0.7192513368983957,0.6711229946524064,0.37566844919786097,0.43854936198791133,58.47686959269941
12011020405,Census Tract 204.05; Broward County; Florida,Broward,4902.0,22.66421868625051,45594.0,26.513815402704292,2.9982363315696645,0.0,0.0,020405,0.8509358288770054,0.7653743315508021,0.32085561497326204,0.822028206850235,72.2025962225662
12011020406,Census Tract 204.06; Broward County; Florida,Broward,6784.0,6.6029279952196,72728.0,8.455034588777863,4.41967717140661,0.0,0.0,020406,0.24331550802139038,0.36831550802139035,0.4344919786096257,0.4674278038952317,35.137326131380576
12011020407,Census Tract 204.07; Broward County; Florida,Broward,8820.0,16.213151927437643,61500.0,25.394846217788864,1.205320033250208,0.0,0.0,020407,0.6925133689839572,0.7453208556149733,0.15641711229946523,0.615849563465413,58.052285386955326
12011020412,Census Tract 204.12; Broward County; Florida,Broward,3269.0,30.19271948608137,36638.0,22.040072859744992,10.018214936247723,0.0,0.0,020412,0.9478609625668449,0.6931818181818182,0.7259358288770054,0.9281396910678308,84.85958526520689
12011020414,Census Tract 204.14; Broward County; Florida,Broward,4803.0,8.994708994708994,59243.0,3.0624744793793384,9.105757452021232,0.0,0.0,020414,0.37767379679144386,0.16042780748663102,0.6878342245989305,0.6474143720617864,45.02047995460472
12011020415,Census Tract 204.15; Broward County; Florida,Broward,3547.0,6.991824076684522,73808.0,9.269841269841269,4.571428571428571,0.0,0.0,020415,0.2640374331550802,0.39438502673796794,0.43983957219251335,0.4492948287441236,36.231885879695305
12011020416,Census Tract 204.16; Broward County; Florida,Broward,3809.0,25.544762404830664,75482.0,4.114365411436541,9.483960948396094,0.0,0.0,020416,0.893048128342246,0.21056149732620322,0.7018716577540107,0.4338482202820685,62.6475526409355
12011020417,Census Tract 204.17; Broward County; Florida,Broward,5527.0,20.58983173511851,43060.0,7.515387107223842,20.05183025591189,0.0,0.0,020417,0.8135026737967914,0.33689839572192515,0.9144385026737968,0.8582941571524513,74.73272806283514
12011020418,Census Tract 204.18; Broward County; Florida,Broward,3187.0,3.200502039535613,86447.0,6.33445945945946,3.125,0.0,0.0,020418,0.07419786096256685,0.29211229946524064,0.3342245989304813,0.3183344526527871,21.861341459472854
12011020419,Census Tract 204.19; Broward County; Florida,Broward,3896.0,14.476386036960989,93750.0,7.192737430167598,5.097765363128492,0.0,0.0,020419,0.6323529411764706,0.32887700534759357,0.4766042780748663,0.2635997313633311,46.675737942774646
12011020420,Census Tract 204.20; Broward County; Florida,Broward,3265.0,3.093415007656968,95750.0,15.74740207833733,0.0,0.0,0.0,020420,0.06818181818181818,0.5581550802139037,0.03542780748663102,0.2491605104096709,19.58214068947684
12011020421,Census Tract 204.21; Broward County; Florida,Broward,4572.0,9.383202099737533,70119.0,7.977207977207977,8.945868945868945,0.0,0.0,020421,0.39572192513368987,0.35294117647058826,0.6811497326203209,0.5070517125587642,46.651729438341064
12011020501,Census Tract 205.01; Broward County; Florida,Broward,5243.0,7.991607858096509,51875.0,21.74163783160323,6.747404844290658,0.0,0.0,020501,0.321524064171123,0.6851604278074866,0.5875668449197861,0.7491605104096709,53.2987182295838
12011020502,Census Tract 205.02; Broward County; Florida,Broward,8360.0,10.698454534563316,47826.0,25.58620689655172,9.758620689655173,0.0,0.0,020502,0.4592245989304813,0.7466577540106952,0.7159090909090909,0.7904633982538617,63.4295888206922
12011030100,Census Tract 301; Broward County; Florida,Broward,3899.0,5.206463195691203,91615.0,4.438502673796791,1.5508021390374331,0.0,0.0,030100,0.16844919786096257,0.2252673796791444,0.196524064171123,0.2793821356615178,20.761439504674208
12011030201,Census Tract 302.01; Broward County; Florida,Broward,3926.0,18.008150789607743,53497.0,14.153132250580049,7.269914926527456,0.0,0.0,030201,0.7473262032085561,0.5200534759358288,0.6116310160427807,0.7313633310946944,67.15400458980832
12011030202,Census Tract 302.02; Broward County; Florida,Broward,1540.0,19.97291807718348,58750.0,21.55797101449275,6.340579710144928,0.0,0.0,030202,0.8001336898395722,0.6811497326203209,0.5561497326203209,0.6554734721289456,69.86080634097463
12011030203,Census Tract 302.03; Broward County; Florida,Broward,4365.0,9.309791332263243,67065.0,17.063020214030917,3.507728894173603,0.0,0.0,030203,0.3910427807486631,0.5855614973262032,0.36831550802139035,0.5520483546004029,45.760218428906455
12011030301,Census Tract 303.01; Broward County; Florida,Broward,3308.0,26.058041112454656,41705.0,27.99079754601227,14.340490797546012,0.0,0.0,030301,0.8983957219251337,0.7867647058823529,0.8489304812834224,0.8777703156480859,86.20513893328258
12011030302,Census Tract 303.02; Broward County; Florida,Broward,7225.0,13.250661836421903,58821.0,20.862745098039216,6.745098039215685,0.0,0.0,030302,0.5828877005347594,0.6644385026737968,0.5868983957219251,0.6544660846205507,61.431567681715826
12011030401,Census Tract 304.01; Broward County; Florida,Broward,3316.0,6.99023199023199,74792.0,30.37716615698267,7.135575942915392,1.0,1.0,030401,0.26336898395721925,0.8101604278074866,0.6049465240641712,0.4432505036937542,47.701908469597015
12011030402,Census Tract 304.02; Broward County; Florida,Broward,4963.0,45.53697360467459,27250.0,39.544392523364486,25.0,0.0,0.0,030402,0.9926470588235294,0.9057486631016043,0.946524064171123,0.9825386165211552,96.40210922881883
12011030500,Census Tract 305; Broward County; Florida,Broward,6645.0,21.74175079102004,48184.0,33.38599262769879,5.16061084781464,0.0,0.0,030500,0.8368983957219251,0.8382352941176471,0.4832887700534759,0.7857622565480188,75.62166224325985
12011030601,Census Tract 306.01; Broward County; Florida,Broward,4421.0,29.81418918918919,41737.0,54.5045045045045,13.963963963963964,1.0,1.0,030601,0.9418449197860963,0.9846256684491979,0.8409090909090909,0.8764271323035594,91.71303462468082
12011030602,Census Tract 306.02; Broward County; Florida,Broward,3923.0,12.111880934051834,65708.0,17.188540972684876,2.2651565622918057,1.0,1.0,030602,0.5374331550802139,0.5868983957219251,0.26136363636363635,0.5661517797179315,49.78560243927842
12011030702,Census Tract 307.02; Broward County; Florida,Broward,3501.0,9.239598278335723,96103.0,13.87645478961504,5.282005371530887,0.0,0.0,030702,0.38836898395721925,0.5106951871657754,0.49264705882352944,0.24714573539288112,40.54451898593249
12011030703,Census Tract 307.03; Broward County; Florida,Broward,4828.0,19.821872410936205,47307.0,4.397039616891598,8.532868959512408,1.0,1.0,030703,0.7954545454545454,0.22459893048128343,0.6631016042780749,0.7968435191403627,65.50906289617625
12011030704,Census Tract 307.04; Broward County; Florida,Broward,4581.0,9.870585654748847,61309.0,6.406124093473006,10.999194198227237,0.0,0.0,030704,0.41711229946524064,0.29612299465240643,0.7606951871657754,0.6185359301544661,50.1915742180626
12011030705,Census Tract 307.05; Broward County; Florida,Broward,3406.0,14.122137404580156,44250.0,2.694136291600634,19.611727416798733,0.0,0.0,030705,0.6143048128342246,0.142379679144385,0.9077540106951871,0.8448623237071861,62.472112784304144
12011030803,Census Tract 308.03; Broward County; Florida,Broward,5485.0,24.564362001124227,38900.0,28.249999999999996,15.6,0.0,0.0,030803,0.8823529411764706,0.7887700534759359,0.8669786096256684,0.9079919408999328,86.56892972708957
12011030804,Census Tract 308.04; Broward County; Florida,Broward,3110.0,34.07279029462738,38531.0,41.483803552769075,20.480668756530825,0.0,0.0,030804,0.964572192513369,0.9204545454545454,0.9177807486631016,0.9113498992612492,93.5745915681127
12011030805,Census Tract 308.05; Broward County; Florida,Broward,2155.0,15.220417633410674,56875.0,19.29967426710098,8.387622149837133,0.0,0.0,030805,0.6570855614973262,0.6303475935828877,0.6550802139037433,0.6749496306245802,65.49097122211727
12011030806,Census Tract 308.06; Broward County; Florida,Broward,4182.0,11.671219269927986,56494.0,1.375332741792369,9.804791481810115,0.0,0.0,030806,0.5133689839572193,0.08689839572192513,0.7172459893048129,0.6836803223640027,50.29125350610359
12011030902,Census Tract 309.02; Broward County; Florida,Broward,3495.0,5.92274678111588,81042.0,2.5168815224063845,5.402087170042972,0.0,0.0,030902,0.2072192513368984,0.1356951871657754,0.5033422459893048,0.36198791134989927,28.309276943575522
12011030903,Census Tract 309.03; Broward County; Florida,Broward,4052.0,21.61826756018863,64500.0,14.04736275565124,3.229278794402583,0.0,0.0,030903,0.8342245989304813,0.517379679144385,0.3442513368983957,0.5768972464741438,62.13954920755776
12011030904,Census Tract 309.04; Broward County; Florida,Broward,3993.0,7.287753568745304,87614.0,3.919597989949749,2.562814070351759,0.0,0.0,030904,0.2807486631016043,0.20287433155080214,0.2887700534759358,0.31027535258562794,27.268341276311492
12011031001,Census Tract 310.01; Broward County; Florida,Broward,2596.0,21.939393939393938,55146.0,10.642040457343889,8.795074758135444,0.0,0.0,031001,0.8429144385026738,0.4324866310160428,0.6764705882352942,0.707186030893217,70.03944254299803
12011031002,Census Tract 310.02; Broward County; Florida,Broward,5122.0,10.90765898798976,70165.0,8.675078864353312,5.007886435331231,0.0,0.0,031002,0.4699197860962567,0.37633689839572193,0.4699197860962567,0.5050369375419744,45.82266388452933
12011031101,Census Tract 311.01; Broward County; Florida,Broward,2167.0,5.728924080111784,78523.0,8.773584905660377,1.981132075471698,0.0,0.0,031101,0.19719251336898397,0.3790106951871658,0.23663101604278075,0.39086635325721963,28.01786182450268
12011031102,Census Tract 311.02; Broward County; Florida,Broward,3803.0,18.3013410465422,62161.0,15.140086206896552,12.877155172413794,0.0,0.0,031102,0.7546791443850267,0.5414438502673797,0.8155080213903744,0.6064472800537274,69.4551488096307
12011031203,Census Tract 312.03; Broward County; Florida,Broward,1310.0,7.862595419847327,75911.0,0.0,2.6410564225690276,0.0,0.0,031203,0.3161764705882353,0.02038770053475936,0.2934491978609626,0.42847548690396237,27.4933065295231
12011031204,Census Tract 312.04; Broward County; Florida,Broward,2899.0,10.665737190658769,62218.0,2.702702702702702,6.84301322599195,1.0,1.0,031204,0.45588235294117646,0.14304812834224598,0.5915775401069518,0.6057756883814641,45.043321254260306
12011031205,Census Tract 312.05; Broward County; Florida,Broward,1538.0,12.4101894186806,76065.0,0.0,13.136094674556212,0.0,0.0,031205,0.5461229946524064,0.02038770053475936,0.821524064171123,0.4264607118871726,47.21236931795736
12011031206,Census Tract 312.06; Broward County; Florida,Broward,2836.0,8.180535966149506,94967.0,1.989683124539425,5.453205600589536,0.0,0.0,031206,0.3342245989304813,0.1163101604278075,0.5060160427807486,0.25654801880456685,30.946468397481713
12011031207,Census Tract 312.07; Broward County; Florida,Broward,3700.0,5.453043238777196,103644.0,1.1920529801324504,19.91169977924945,0.0,0.0,031207,0.17981283422459893,0.0768716577540107,0.9124331550802139,0.19476158495634655,30.873841324795382
12011040101,Census Tract 401.01; Broward County; Florida,Broward,1288.0,11.319281811085087,59318.0,11.60220994475138,11.187845303867404,0.0,0.0,040101,0.4893048128342246,0.4605614973262032,0.767379679144385,0.6460711887172599,57.05243981712594
12011040102,Census Tract 401.02; Broward County; Florida,Broward,2536.0,3.509463722397476,81875.0,2.5454545454545454,10.181818181818182,0.0,0.0,040102,0.08957219251336898,0.13703208556149732,0.733957219251337,0.3572867696440564,28.148409189672574
12011040203,Census Tract 402.03; Broward County; Florida,Broward,1587.0,5.8601134215500945,75550.0,0.7001166861143524,8.051341890315053,0.0,0.0,040203,0.2018716577540107,0.05614973262032086,0.6450534759358288,0.432505036937542,30.74903122003426
12011040204,Census Tract 402.04; Broward County; Florida,Broward,3197.0,2.6900218955270567,67027.0,2.9280397022332507,10.521091811414392,0.0,0.0,040204,0.052807486631016046,0.15040106951871657,0.7439839572192514,0.5533915379449295,31.06783075889859
12011040205,Census Tract 402.05; Broward County; Florida,Broward,5279.0,6.34589884447812,82964.0,8.170731707317074,8.495934959349594,0.0,0.0,040205,0.22727272727272727,0.35762032085561496,0.661096256684492,0.3478844862323707,36.42293036635865
12011040206,Census Tract 402.06; Broward County; Florida,Broward,3462.0,7.029216083309228,87149.0,4.732041049030787,6.100342075256556,0.0,0.0,040206,0.26737967914438504,0.23863636363636365,0.5427807486631016,0.31363331094694424,32.5961956307036
12011040300,Census Tract 403; Broward County; Florida,Broward,4509.0,22.71468144044321,51111.0,15.154536390827516,4.935194416749751,0.0,0.0,040300,0.8516042780748663,0.5427807486631016,0.46390374331550804,0.7595701813297515,69.38926458916188
12011040401,Census Tract 404.01; Broward County; Florida,Broward,2372.0,7.347287483981205,78618.0,3.2665181885671863,6.384558277654046,0.0,0.0,040401,0.285427807486631,0.1711229946524064,0.5601604278074866,0.38817998656816655,33.806380480026434
12011040402,Census Tract 404.02; Broward County; Florida,Broward,2948.0,7.225237449118047,120995.0,5.133333333333334,4.133333333333333,0.0,0.0,040402,0.27740641711229946,0.24933155080213903,0.4177807486631016,0.11282740094022835,26.695050692601356
12011040502,Census Tract 405.02; Broward County; Florida,Broward,3970.0,10.554156171284635,85500.0,0.8506616257088847,0.0,0.0,0.0,040502,0.44919786096256686,0.06350267379679145,0.03542780748663102,0.32840832773673606,26.514690618905846
12011040503,Census Tract 405.03; Broward County; Florida,Broward,1432.0,10.68435754189944,65125.0,1.3888888888888888,19.675925925925927,0.0,0.0,040503,0.45788770053475936,0.08890374331550802,0.9084224598930482,0.570181329751511,49.665658680591726
12011040505,Census Tract 405.05; Broward County; Florida,Broward,1212.0,8.91089108910891,98473.0,2.083333333333333,15.441176470588236,0.0,0.0,040505,0.37366310160427807,0.11831550802139038,0.8649732620320856,0.2269979852249832,39.15225916974031
12011040506,Census Tract 405.06; Broward County; Florida,Broward,2108.0,7.400379506641366,93375.0,1.288855193328279,9.628506444275969,0.0,0.0,040506,0.28810160427807485,0.08155080213903744,0.7092245989304813,0.2679650772330423,32.69887373717422
12011040601,Census Tract 406.01; Broward County; Florida,Broward,3392.0,4.540094339622641,106728.0,3.654485049833887,4.318936877076411,0.0,0.0,040601,0.13435828877005349,0.19184491978609625,0.4304812834224599,0.17730020147750167,21.3668596445233
12011040602,Census Tract 406.02; Broward County; Florida,Broward,3061.0,8.461287161058477,91186.0,1.653486700215672,4.097771387491013,0.0,0.0,040602,0.3516042780748663,0.09759358288770054,0.41510695187165775,0.28542646071188715,30.026711032419566
12011040701,Census Tract 407.01; Broward County; Florida,Broward,2738.0,1.9722425127830532,104388.0,1.349527665317139,3.3063427800269904,0.0,0.0,040701,0.03342245989304813,0.08422459893048129,0.3502673796791444,0.18603089321692412,13.747355832252921
12011040702,Census Tract 407.02; Broward County; Florida,Broward,3960.0,17.7020202020202,83047.0,11.116803278688526,4.764344262295082,0.0,0.0,040702,0.7393048128342246,0.44786096256684493,0.45187165775401067,0.3458697112155809,54.48423914409772
12011040801,Census Tract 408.01; Broward County; Florida,Broward,4909.0,24.52791461412151,64390.0,18.362573099415204,5.263157894736842,0.0,0.0,040801,0.8816844919786097,0.6122994652406417,0.4899732620320856,0.5789120214909335,68.89107465441762
12011040802,Census Tract 408.02; Broward County; Florida,Broward,4611.0,15.181088700932552,68659.0,9.39885496183206,3.769083969465649,0.0,0.0,040802,0.6550802139037433,0.39906417112299464,0.39037433155080214,0.5312290127602418,52.61655886483051
12011040901,Census Tract 409.01; Broward County; Florida,Broward,4491.0,23.94524236983842,45423.0,46.3855421686747,16.532797858099062,0.0,0.0,040901,0.8676470588235294,0.9505347593582888,0.875,0.8253861652115514,87.72430084433799
12011040902,Census Tract 409.02; Broward County; Florida,Broward,4860.0,15.256356815339725,57067.0,46.83988764044944,4.283707865168539,0.0,0.0,040902,0.6577540106951871,0.9552139037433155,0.42580213903743314,0.6715916722632639,67.36231472868775
12011041000,Census Tract 410; Broward County; Florida,Broward,2915.0,18.22880771881461,51500.0,32.27722772277228,10.990099009900993,1.0,1.0,041000,0.7520053475935828,0.8262032085561497,0.7593582887700535,0.7548690396239086,76.88882464274556
12011041100,Census Tract 411; Broward County; Florida,Broward,5306.0,17.169811320754715,44785.0,32.97204791785511,10.89560752994866,0.0,0.0,041100,0.7225935828877005,0.8322192513368984,0.7553475935828877,0.8334452652787105,77.32398551947796
12011041200,Census Tract 412; Broward County; Florida,Broward,5278.0,32.5215723873442,41771.0,33.28795098706603,8.10074880871341,0.0,0.0,041200,0.9572192513368984,0.8355614973262032,0.6463903743315508,0.8757555406312961,85.44291829925695
12011041300,Census Tract 413; Broward County; Florida,Broward,8609.0,27.61871508379888,54981.0,42.81767955801105,5.018416206261509,0.0,0.0,041300,0.9184491978609626,0.9278074866310161,0.47058823529411764,0.7092008059100067,78.88989847114132
12011041400,Census Tract 414; Broward County; Florida,Broward,4258.0,36.90731474862997,41149.0,54.34599156118144,24.72573839662447,0.0,0.0,041400,0.9719251336898396,0.983957219251337,0.9451871657754011,0.8851578240429818,95.16304952898798
12011041500,Census Tract 415; Broward County; Florida,Broward,4825.0,47.95150501672241,23807.0,55.45053560176434,28.92249527410208,0.0,0.0,041500,0.9953208556149733,0.9866310160427807,0.9712566844919787,0.9919408999328408,98.80940623395095
12011041601,Census Tract 416.01; Broward County; Florida,Broward,3067.0,38.93055102706228,43678.0,42.64591439688716,23.96887159533074,0.0,0.0,041601,0.9799465240641712,0.9258021390374331,0.9398395721925134,0.8529214237743452,93.56912366265269
12011041602,Census Tract 416.02; Broward County; Florida,Broward,4297.0,28.464942930351732,46566.0,38.197424892703864,6.266094420600858,0.0,0.0,041602,0.928475935828877,0.8903743315508021,0.5521390374331551,0.8072531900604433,82.13436861404311
12011041700,Census Tract 417; Broward County; Florida,Broward,4307.0,27.21741165457524,44528.0,29.719317556411667,20.03302146395157,0.0,0.0,041700,0.9131016042780749,0.803475935828877,0.9137700534759359,0.8394895903290799,87.65877576380085
12011041801,Census Tract 418.01; Broward County; Florida,Broward,1779.0,3.822372119168072,133375.0,0.9153318077803204,4.3478260869565215,0.0,0.0,041801,0.09893048128342247,0.0661764705882353,0.4318181818181818,0.08394895903290799,15.596091480123404
12011041802,Census Tract 418.02; Broward County; Florida,Broward,3532.0,11.041189931350116,75580.0,10.287891617273496,13.420829805249786,0.0,0.0,041802,0.4786096256684492,0.4217914438502674,0.8262032085561497,0.4318334452652787,52.740946980171884
12011041900,Census Tract 419; Broward County; Florida,Broward,3338.0,1.348112642300779,120486.0,5.796439981743496,3.8795070743952538,0.0,0.0,041900,0.017379679144385027,0.2747326203208556,0.4017379679144385,0.11685695097380792,16.561737949957443
12011042000,Census Tract 420; Broward County; Florida,Broward,2831.0,3.037795831861533,132000.0,0.0,6.971830985915493,0.0,0.0,042000,0.0661764705882353,0.02038770053475936,0.5975935828877005,0.08596373404969779,16.725959172972566
12011042100,Census Tract 421; Broward County; Florida,Broward,2580.0,6.899224806201551,101023.0,0.8419689119170984,8.743523316062177,0.0,0.0,042100,0.2580213903743315,0.06149732620320856,0.6711229946524064,0.2122229684351914,29.217721400789394
12011042200,Census Tract 422; Broward County; Florida,Broward,2479.0,3.751512706736587,122015.0,0.0,3.316510454217736,0.0,0.0,042200,0.0982620320855615,0.02038770053475936,0.3516042780748663,0.11014103425117529,13.573141540638478
12011042301,Census Tract 423.01; Broward County; Florida,Broward,3954.0,11.755607115235886,86750.0,5.0737207285342585,4.163052905464007,0.0,0.0,042301,0.5193850267379679,0.24732620320855614,0.4184491978609626,0.3169912693082606,40.4307344770743
12011042302,Census Tract 423.02; Broward County; Florida,Broward,1494.0,15.5893536121673,83462.0,5.322128851540616,17.507002801120446,0.0,0.0,042302,0.6697860962566845,0.2606951871657754,0.8843582887700535,0.34184016118200133,56.52931659262399
12011042400,Census Tract 424; Broward County; Florida,Broward,1482.0,4.251012145748987,250001.0,0.0,0.0,0.0,0.0,042400,0.12299465240641712,0.02038770053475936,0.03542780748663102,0.0030221625251846875,6.0965395071881865
12011042501,Census Tract 425.01; Broward County; Florida,Broward,4375.0,8.161865569272976,93424.0,8.095740936290039,5.843013023583246,0.0,0.0,042501,0.3315508021390374,0.35628342245989303,0.5307486631016043,0.26662189388851576,36.33511167456176
12011042502,Census Tract 425.02; Broward County; Florida,Broward,5815.0,16.22503057480636,122758.0,3.614876607577337,6.986444212721585,0.0,0.0,042502,0.6931818181818182,0.1891711229946524,0.5982620320855615,0.10946944257891202,45.66532468045525
12011042601,Census Tract 426.01; Broward County; Florida,Broward,2995.0,12.454090150250416,92161.0,10.647307924984876,5.928614640048397,0.0,0.0,042601,0.5501336898395722,0.43315508021390375,0.535427807486631,0.27669576897246473,46.91092072704288
12011042602,Census Tract 426.02; Broward County; Florida,Broward,2352.0,8.198158702323543,83440.0,25.362937660119556,9.564474807856532,0.0,0.0,042602,0.3362299465240642,0.7446524064171123,0.7052139037433155,0.3425117528542646,49.296759121256414
12011042700,Census Tract 427; Broward County; Florida,Broward,5460.0,27.34648718421538,62794.0,17.015706806282722,10.951134380453752,1.0,1.0,042700,0.9157754010695187,0.5842245989304813,0.7566844919786097,0.5977165883143049,75.40352962724867
12011042801,Census Tract 428.01; Broward County; Florida,Broward,4515.0,23.765227021040975,44322.0,43.713872832369944,8.38150289017341,0.0,0.0,042801,0.8656417112299465,0.9358288770053476,0.6544117647058824,0.8415043653458697,83.26056859033986
12011042802,Census Tract 428.02; Broward County; Florida,Broward,2216.0,30.58823529411765,51864.0,24.281150159744406,5.9105431309904155,0.0,0.0,042802,0.9498663101604278,0.7239304812834224,0.5347593582887701,0.7501678979180658,78.17180715622227
12011042900,Census Tract 429; Broward County; Florida,Broward,8802.0,14.627172918572736,74107.0,21.331636980491943,4.495335029686174,0.0,0.0,042900,0.6390374331550802,0.6731283422459893,0.43716577540106955,0.44795164539959703,56.72641258713633
12011043001,Census Tract 430.01; Broward County; Florida,Broward,1798.0,4.616240266963293,141596.0,1.0443864229765014,0.6527415143603132,0.0,0.0,043001,0.13703208556149732,0.07352941176470588,0.10026737967914438,0.06581598388179986,10.273538928972895
12011043002,Census Tract 430.02; Broward County; Florida,Broward,7059.0,4.646550502904094,66241.0,14.733127481252756,14.909572121746804,0.0,0.0,043002,0.13970588235294118,0.5327540106951871,0.8582887700534759,0.5587642713230356,44.584376335551624
12011043100,Census Tract 431; Broward County; Florida,Broward,5266.0,6.9502468666919865,96932.0,3.2097399003873823,1.0514665190924184,0.0,0.0,043100,0.2600267379679144,0.16911764705882354,0.13903743315508021,0.2397582269979852,21.359335662954354
12011043301,Census Tract 433.01; Broward County; Florida,Broward,4892.0,1.5739983646770237,109000.0,1.5865820489573892,2.7651858567543064,0.0,0.0,043301,0.022058823529411766,0.0962566844919786,0.303475935828877,0.16554734721289455,12.187952291851476
12011043302,Census Tract 433.02; Broward County; Florida,Broward,2086.0,11.986466892218465,62469.0,17.900552486187845,14.806629834254142,0.0,0.0,043302,0.5314171122994652,0.6016042780748663,0.856951871657754,0.6017461383478845,62.4627302535887
12011050100,Census Tract 501; Broward County; Florida,Broward,4381.0,19.995434832230085,56830.0,17.192530585962654,3.7990985189954927,1.0,1.0,050100,0.8008021390374331,0.5875668449197861,0.393048128342246,0.6762928139691068,65.1702413061201
12011050204,Census Tract 502.04; Broward County; Florida,Broward,5402.0,8.319436724105984,58937.0,8.811475409836065,3.8524590163934422,0.0,0.0,050204,0.3429144385026738,0.3810160427807487,0.3963903743315508,0.6514439220953661,42.293584324260266
12011050205,Census Tract 502.05; Broward County; Florida,Broward,2712.0,1.5855457227138643,78125.0,6.906906906906906,1.5015015015015014,0.0,0.0,050205,0.02406417112299465,0.31885026737967914,0.18983957219251338,0.39691067830758897,19.074577202515417
12011050206,Census Tract 502.06; Broward County; Florida,Broward,4817.0,8.152627189324436,73500.0,5.184108527131783,21.26937984496124,0.0,0.0,050206,0.33088235294117646,0.2533422459893048,0.9224598930481284,0.45332437877770315,45.817824473949784
12011050207,Census Tract 502.07; Broward County; Florida,Broward,6685.0,9.51734539969834,58451.0,15.352697095435683,5.08298755186722,1.0,1.0,050207,0.40240641711229946,0.5481283422459893,0.47593582887700536,0.6581598388179987,49.740736883311854
12011050208,Census Tract 502.08; Broward County; Florida,Broward,4127.0,21.94874397361076,62361.0,20.730897009966775,25.116279069767444,0.0,0.0,050208,0.8435828877005348,0.660427807486631,0.9478609625668449,0.6024177300201478,77.95744550949387
12011050301,Census Tract 503.01; Broward County; Florida,Broward,8547.0,20.592020592020592,70652.0,29.367290091524072,10.86350974930362,0.0,0.0,050301,0.8141711229946524,0.7987967914438503,0.7540106951871658,0.4956346541302888,73.53568773501219
12011050306,Census Tract 503.06; Broward County; Florida,Broward,6100.0,12.74074074074074,56591.0,41.52439024390244,16.28048780487805,0.0,0.0,050306,0.5608288770053476,0.9217914438502673,0.8736631016042781,0.6803223640026864,71.94869326935856
12011050308,Census Tract 503.08; Broward County; Florida,Broward,3459.0,35.44376987568661,44298.0,37.2507869884575,17.628541448058762,0.0,0.0,050308,0.9685828877005348,0.8803475935828877,0.8883689839572193,0.8428475486903962,90.97459803263146
12011050309,Census Tract 503.09; Broward County; Florida,Broward,3069.0,27.728901922450312,34375.0,44.15094339622642,11.69811320754717,0.0,0.0,050309,0.9204545454545454,0.9371657754010695,0.7820855614973262,0.9422431161853593,90.04807087985694
12011050311,Census Tract 503.11; Broward County; Florida,Broward,3783.0,21.820175438596493,33090.0,28.665568369028005,12.740252608456892,0.0,0.0,050311,0.8375668449197861,0.7927807486631016,0.8128342245989305,0.9509738079247817,84.63444942052773
12011050312,Census Tract 503.12; Broward County; Florida,Broward,2636.0,29.693486590038315,29531.0,28.273092369477908,11.726907630522089,0.0,0.0,050312,0.9405080213903744,0.7894385026737968,0.7834224598930482,0.9711215580926796,88.49997126880548
12011050313,Census Tract 503.13; Broward County; Florida,Broward,4199.0,37.303833290455366,27471.0,26.535782140595316,7.6630778974034195,0.0,0.0,050313,0.9725935828877005,0.7667112299465241,0.6316844919786097,0.9798522498321021,86.46870275065274
12011050314,Census Tract 503.14; Broward County; Florida,Broward,3787.0,27.858463163453923,29754.0,35.74193548387097,18.193548387096776,0.0,0.0,050314,0.9237967914438503,0.8683155080213903,0.8917112299465241,0.9704499664204164,91.56140574552063
12011050315,Census Tract 503.15; Broward County; Florida,Broward,2260.0,17.743362831858406,41932.0,8.992805755395683,13.309352517985612,0.0,0.0,050315,0.7406417112299465,0.3856951871657754,0.8241978609625669,0.8750839489590329,71.32520839094538
12011050316,Census Tract 503.16; Broward County; Florida,Broward,1980.0,8.585858585858585,50854.0,22.799295774647888,9.419014084507042,0.0,0.0,050316,0.3589572192513369,0.7038770053475936,0.6991978609625669,0.7615849563465413,57.651485223187514
12011050401,Census Tract 504.01; Broward County; Florida,Broward,4179.0,12.045290291496023,67301.0,17.42141715503463,0.3729355354288758,0.0,0.0,050401,0.5347593582887701,0.5922459893048129,0.07419786096256685,0.5486903962390867,45.69305926168013
12011050402,Census Tract 504.02; Broward County; Florida,Broward,4520.0,11.969026548672566,78796.0,10.722100656455142,2.735229759299781,0.0,0.0,050402,0.5287433155080213,0.43516042780748665,0.30080213903743314,0.3861652115513768,43.59228818824678
12011050501,Census Tract 505.01; Broward County; Florida,Broward,3023.0,12.202480724103252,63056.0,14.006259780907667,7.746478873239436,0.0,0.0,050501,0.5421122994652406,0.5147058823529411,0.6363636363636364,0.5957018132975151,56.61991861889148
12011050502,Census Tract 505.02; Broward County; Florida,Broward,5251.0,10.607503332698537,63405.0,15.863562533838657,6.930157011369789,0.0,0.0,050502,0.45254010695187163,0.5614973262032086,0.5949197860962567,0.5883143049026192,52.99623262211656
12011050601,Census Tract 506.01; Broward County; Florida,Broward,3207.0,8.107265357031494,93571.0,12.925170068027212,9.047619047619047,0.0,0.0,050601,0.32887700534759357,0.49331550802139035,0.6851604278074866,0.26527871054398927,42.030173141361075
12011050602,Census Tract 506.02; Broward County; Florida,Broward,3528.0,17.50354609929078,61359.0,12.3149792776791,5.387803433984606,0.0,0.0,050602,0.7306149732620321,0.47927807486631013,0.5013368983957219,0.6178643384822028,61.19418516536598
12011050701,Census Tract 507.01; Broward County; Florida,Broward,3685.0,15.80530489472245,69205.0,23.77326565143824,9.475465313028764,0.0,0.0,050701,0.678475935828877,0.7159090909090909,0.7012032085561497,0.5184687709872398,65.8506588422047
12011050702,Census Tract 507.02; Broward County; Florida,Broward,7714.0,19.103896103896105,58850.0,22.603506154419993,9.06378217083178,0.0,0.0,050702,0.7787433155080213,0.7005347593582888,0.6864973262032086,0.6534586971121558,71.95954827379393
12011050800,Census Tract 508; Broward County; Florida,Broward,5518.0,25.286728563626433,54241.0,33.33333333333333,8.708189158016149,1.0,1.0,050800,0.8903743315508021,0.8368983957219251,0.6684491978609626,0.7219610476830087,80.16114608735
12011050900,Census Tract 509; Broward County; Florida,Broward,5155.0,4.447574964781646,85871.0,4.543747653022907,3.1167855801727375,0.0,0.0,050900,0.12834224598930483,0.22927807486631016,0.3335561497326203,0.3243787777031565,22.877949885613933
12011051001,Census Tract 510.01; Broward County; Florida,Broward,3717.0,11.407048695184288,71332.0,5.819861431870669,5.866050808314087,0.0,0.0,051001,0.4939839572192513,0.27540106951871657,0.5314171122994652,0.4862323707186031,45.62036933950575
12011051002,Census Tract 510.02; Broward County; Florida,Broward,2722.0,5.634953042057983,81888.0,1.3605442176870748,7.142857142857142,0.0,0.0,051002,0.19184491978609625,0.0855614973262032,0.6056149732620321,0.35661517797179315,28.62962976264442
12011060105,Census Tract 601.05; Broward County; Florida,Broward,6874.0,11.864159743477629,54939.0,16.48757555406313,3.727333781061115,0.0,0.0,060105,0.5227272727272727,0.570855614973262,0.38435828877005346,0.7105439892545332,54.22424876904789
12011060107,Census Tract 601.07; Broward County; Florida,Broward,4821.0,4.2522298278365485,50226.0,23.67149758454106,8.319914117015566,1.0,1.0,060107,0.12366310160427807,0.713903743315508,0.6530748663101604,0.7669576897246474,47.625250051177446
12011060109,Census Tract 601.09; Broward County; Florida,Broward,3973.0,4.85779008306066,98429.0,6.7177371832645845,3.4177961107837356,0.0,0.0,060109,0.15040106951871657,0.3088235294117647,0.3589572192513369,0.22766957689724648,23.925049291955624
12011060111,Census Tract 601.11; Broward County; Florida,Broward,6880.0,17.8446261682243,57421.0,15.312916111850866,4.960053262316911,0.0,0.0,060111,0.7419786096256684,0.5461229946524064,0.46524064171123,0.6648757555406313,63.203932223112105
12011060113,Census Tract 601.13; Broward County; Florida,Broward,6884.0,6.50653694131955,72361.0,11.67381974248927,10.042918454935622,0.0,0.0,060113,0.23596256684491979,0.464572192513369,0.7279411764705882,0.470785762256548,42.7044852986069
12011060114,Census Tract 601.14; Broward County; Florida,Broward,6399.0,5.141428348179403,90071.0,12.782258064516128,2.338709677419355,0.0,0.0,060114,0.16644385026737968,0.4899732620320856,0.2660427807486631,0.2928139691067831,27.634354248445824
12011060115,Census Tract 601.15; Broward County; Florida,Broward,7328.0,15.54524361948956,59471.0,19.142534787514105,9.176382098533283,0.0,0.0,060115,0.6684491978609626,0.6263368983957219,0.6898395721925134,0.6453995970449966,65.96948926710314
12011060116,Census Tract 601.16; Broward County; Florida,Broward,6976.0,7.997585634525427,75411.0,18.207395498392284,8.40032154340836,0.0,0.0,060116,0.32219251336898397,0.6082887700534759,0.6577540106951871,0.43519140362659503,46.91238422226452
12011060117,Census Tract 601.17; Broward County; Florida,Broward,6738.0,13.769441903019214,48281.0,14.69465648854962,5.877862595419847,0.0,0.0,060117,0.6036096256684492,0.5307486631016043,0.5340909090909091,0.783747481531229,61.11612610121282
12011060118,Census Tract 601.18; Broward County; Florida,Broward,4951.0,3.272066249242577,96359.0,6.36978579481398,4.284103720405862,0.0,0.0,060118,0.0768716577540107,0.2947860962566845,0.4264705882352941,0.24513096037609133,22.402619207521827
12011060119,Census Tract 601.19; Broward County; Florida,Broward,7241.0,9.20794850265883,107083.0,6.520146520146521,1.1355311355311355,0.0,0.0,060119,0.3870320855614973,0.29879679144385024,0.14906417112299467,0.17461383478844864,27.930779369565762
12011060120,Census Tract 601.20; Broward County; Florida,Broward,7501.0,3.0129316091187843,117810.0,7.047095221725678,5.328291509109659,0.0,0.0,060120,0.06417112299465241,0.3235294117647059,0.4966577540106952,0.12424445936870383,21.455477422668196
12011060121,Census Tract 601.21; Broward County; Florida,Broward,5076.0,4.352987732489118,128967.0,2.860478692352598,0.7589025102159953,0.0,0.0,060121,0.1270053475935829,0.14772727272727273,0.10828877005347594,0.09066487575554064,12.013832274469102
12011060122,Census Tract 601.22; Broward County; Florida,Broward,6404.0,11.196127420362274,78500.0,9.889643463497451,2.7164685908319184,0.0,0.0,060122,0.4832887700534759,0.4137700534759358,0.29879679144385024,0.39153794492948285,41.41364659912442
12011060123,Census Tract 601.23; Broward County; Florida,Broward,3568.0,3.054932735426009,69781.0,9.202453987730062,5.153374233128835,0.0,0.0,060123,0.06751336898395723,0.393048128342246,0.481951871657754,0.5104096709200806,30.408728177759905
12011060124,Census Tract 601.24; Broward County; Florida,Broward,6272.0,11.589511168662998,44061.0,27.01208981001727,22.797927461139896,0.0,0.0,060124,0.5060160427807486,0.7740641711229946,0.9324866310160428,0.8468770987239759,71.30919972849021
12011060125,Census Tract 601.25; Broward County; Florida,Broward,2232.0,13.59964093357271,81282.0,14.304123711340203,5.798969072164948,0.0,0.0,060125,0.6009358288770054,0.5213903743315508,0.5274064171122995,0.361316319677636,52.239695377509946
12011060126,Census Tract 601.26; Broward County; Florida,Broward,5469.0,3.301540719002201,113027.0,6.427423674343867,5.623995715050883,0.0,0.0,060126,0.07887700534759358,0.29745989304812837,0.5113636363636364,0.14439220953660176,22.219394992871074
12011060127,Census Tract 601.27; Broward County; Florida,Broward,3190.0,12.789968652037617,60580.0,19.891378139850644,5.295315682281059,0.0,0.0,060127,0.5628342245989305,0.642379679144385,0.49331550802139035,0.6312961719274681,57.8531961658221
12011060128,Census Tract 601.28; Broward County; Florida,Broward,7046.0,24.2690888447346,45446.0,25.863392171910977,7.252494244052188,0.0,0.0,060128,0.8743315508021391,0.7513368983957219,0.6102941176470589,0.8240429818670248,78.68674199028167
12011060129,Census Tract 601.29; Broward County; Florida,Broward,2188.0,6.032368808239333,51308.0,7.422680412371134,12.989690721649486,0.0,0.0,060129,0.21524064171122995,0.33288770053475936,0.8181818181818182,0.7575554063129617,46.78212416903998
12011060130,Census Tract 601.30; Broward County; Florida,Broward,5456.0,5.920087976539589,45664.0,9.550321199143468,8.736616702355459,0.0,0.0,060130,0.20655080213903743,0.4057486631016043,0.6697860962566845,0.8206850235057085,46.18642774284144
12011060203,Census Tract 602.03; Broward County; Florida,Broward,6671.0,26.39472105578885,51756.0,39.91031390134529,10.961634280019933,0.0,0.0,060203,0.9037433155080213,0.9090909090909091,0.7573529411764706,0.7521826729348556,84.52226308436556
12011060206,Census Tract 602.06; Broward County; Florida,Broward,4943.0,13.229018492176388,42903.0,14.93411420204978,10.63933626159102,0.0,0.0,060206,0.5808823529411765,0.535427807486631,0.7473262032085561,0.8596373404969778,66.08312114149037
12011060207,Census Tract 602.07; Broward County; Florida,Broward,4949.0,16.858702243784112,44716.0,13.75515818431912,5.0435580009170105,0.0,0.0,060207,0.7132352941176471,0.5066844919786097,0.47192513368983957,0.8341168569509738,64.78394141709435
12011060208,Census Tract 602.08; Broward County; Florida,Broward,6040.0,16.85430463576159,49928.0,20.277920741121974,4.632012352032939,0.0,0.0,060208,0.7125668449197861,0.6530748663101604,0.44385026737967914,0.7703156480859638,65.84748943230751
12011060209,Census Tract 602.09; Broward County; Florida,Broward,2543.0,12.687155240346728,69643.0,20.052083333333336,1.953125,0.0,0.0,060209,0.5594919786096256,0.6490641711229946,0.232620320855615,0.5144392209536601,50.302153403030424
12011060210,Census Tract 602.10; Broward County; Florida,Broward,3172.0,4.202211690363349,103500.0,10.297029702970296,3.762376237623762,0.0,0.0,060210,0.12032085561497326,0.42312834224598933,0.3890374331550802,0.19610476830087306,24.97824509863778
12011060211,Census Tract 602.11; Broward County; Florida,Broward,4659.0,10.774844387207557,40604.0,8.94454382826476,8.050089445438283,0.0,0.0,060211,0.4625668449197861,0.3850267379679144,0.6443850267379679,0.8945601074546675,56.98211124000245
12011060212,Census Tract 602.12; Broward County; Florida,Broward,3430.0,5.866823115283074,105577.0,17.729083665338646,0.0,0.0,0.0,060212,0.20320855614973263,0.5982620320855615,0.03542780748663102,0.180658159838818,24.41530223420952
12011060214,Census Tract 602.14; Broward County; Florida,Broward,2852.0,7.713884992987377,28666.0,9.455228553537884,12.210394489668127,0.0,0.0,060214,0.30614973262032086,0.40106951871657753,0.7974598930481284,0.9738079247817327,55.69273603574161
12011060215,Census Tract 602.15; Broward County; Florida,Broward,2429.0,21.07863318237958,28612.0,12.380344607530311,9.444798978940652,0.0,0.0,060215,0.8248663101604278,0.48061497326203206,0.6998663101604278,0.974479516453996,76.09386840394623
12011060302,Census Tract 603.02; Broward County; Florida,Broward,7888.0,25.845564773452455,42715.0,33.64403018197958,8.610741233910343,0.0,0.0,060302,0.8963903743315508,0.8469251336898396,0.6657754010695187,0.8609805238415044,83.3292361452793
12011060303,Census Tract 603.03; Broward County; Florida,Broward,6883.0,33.16272768327563,38319.0,45.646661031276416,18.427726120033817,0.0,0.0,060303,0.9605614973262032,0.94451871657754,0.8957219251336899,0.9140362659503022,93.50799804627879
12011060304,Census Tract 603.04; Broward County; Florida,Broward,3408.0,15.727699530516432,49875.0,42.02020202020202,10.202020202020202,0.0,0.0,060304,0.6771390374331551,0.9231283422459893,0.7346256684491979,0.7716588314304903,75.67381833983976
12011060305,Census Tract 603.05; Broward County; Florida,Broward,1911.0,26.687598116169543,51875.0,15.643105446118192,21.320973348783316,0.0,0.0,060305,0.9077540106951871,0.5548128342245989,0.9231283422459893,0.7491605104096709,80.85219416541267
12011060306,Census Tract 603.06; Broward County; Florida,Broward,2197.0,16.2949476558944,42838.0,17.512690355329948,5.752961082910321,0.0,0.0,060306,0.695855614973262,0.5955882352941176,0.5213903743315508,0.8603089321692411,67.37997543482868
12011060401,Census Tract 604.01; Broward County; Florida,Broward,4986.0,15.050301810865191,42702.0,25.61117578579744,14.260768335273577,0.0,0.0,060401,0.6510695187165776,0.7473262032085561,0.8455882352941176,0.8616521155137676,75.13411182899195
12011060402,Census Tract 604.02; Broward County; Florida,Broward,6826.0,21.87225314972165,42459.0,27.331327889987104,20.19767941555651,0.0,0.0,060402,0.8402406417112299,0.7800802139037433,0.9157754010695187,0.8690396239086635,84.9075304460877
12011060404,Census Tract 604.04; Broward County; Florida,Broward,1573.0,17.101080737444374,27257.0,26.85069008782936,19.196988707653706,0.0,0.0,060404,0.7199197860962567,0.7713903743315508,0.9037433155080213,0.9811954331766286,81.92337390417428
12011060405,Census Tract 604.05; Broward County; Florida,Broward,3165.0,13.902053712480251,35612.0,46.40400250156348,19.69981238273921,0.0,0.0,060405,0.608957219251337,0.9512032085561497,0.9090909090909091,0.9341840161182001,80.24785144535866
12011060501,Census Tract 605.01; Broward County; Florida,Broward,6485.0,18.915450024065457,54250.0,15.269578905942543,10.35025580480126,0.0,0.0,060501,0.7713903743315508,0.5454545454545454,0.7379679144385026,0.7212894560107455,70.94985329133789
12011060503,Census Tract 605.03; Broward County; Florida,Broward,4379.0,5.640557204841288,104209.0,7.6175040518638575,1.6207455429497568,0.0,0.0,060503,0.19318181818181818,0.339572192513369,0.2018716577540107,0.1880456682337139,22.3170630972946
12011060504,Census Tract 605.04; Broward County; Florida,Broward,4368.0,3.2280219780219785,110774.0,2.336182336182336,2.564102564102564,0.0,0.0,060504,0.0748663101604278,0.1303475935828877,0.2894385026737968,0.15715245130960376,14.533423357742878
12011060505,Census Tract 605.05; Broward County; Florida,Broward,4408.0,14.67242948134668,55824.0,9.076620825147348,15.166994106090373,0.0,0.0,060505,0.6417112299465241,0.3877005347593583,0.8616310160427807,0.6964405641370047,64.58389149664384
12011060603,Census Tract 606.03; Broward County; Florida,Broward,5132.0,11.418550272798129,85298.0,13.423575860124084,0.3948110547095319,0.0,0.0,060603,0.4966577540106952,0.5013368983957219,0.07553475935828877,0.3297515110812626,37.99877353713328
12011060605,Census Tract 606.05; Broward County; Florida,Broward,4659.0,14.573942906203047,81947.0,7.4877916440586,0.6511123168746609,0.0,0.0,060605,0.6363636363636364,0.33489304812834225,0.09959893048128342,0.35460040295500334,41.23639308583804
12011060606,Census Tract 606.06; Broward County; Florida,Broward,5217.0,14.64039408866995,49926.0,13.28976034858388,7.2331154684095855,0.0,0.0,060606,0.6397058823529411,0.49866310160427807,0.6096256684491979,0.770987239758227,63.17375549035171
12011060607,Census Tract 606.07; Broward County; Florida,Broward,2930.0,4.9878766886040875,118269.0,3.9149888143176734,2.348993288590604,0.0,0.0,060607,0.15975935828877005,0.2018716577540107,0.26737967914438504,0.1229012760241773,18.233426590002267
12011060608,Census Tract 606.08; Broward County; Florida,Broward,7407.0,11.054054054054054,68404.0,7.142857142857142,2.942979767014102,0.0,0.0,060608,0.48128342245989303,0.32687165775401067,0.31483957219251335,0.5366017461383479,42.81759642009316
12011060609,Census Tract 606.09; Broward County; Florida,Broward,3917.0,5.973959663007403,93185.0,8.316008316008316,1.4553014553014554,0.0,0.0,060609,0.2092245989304813,0.3622994652406417,0.18315508021390375,0.2713230355943586,24.704535578197333
12011060700,Census Tract 607; Broward County; Florida,Broward,3074.0,7.839947950553025,100489.0,11.26126126126126,5.045045045045045,0.0,0.0,060700,0.3141711229946524,0.45254010695187163,0.47259358288770054,0.21692411014103424,35.40800091939823
12011060801,Census Tract 608.01; Broward County; Florida,Broward,1424.0,8.717221828490432,63438.0,8.495575221238937,3.7168141592920354,0.0,0.0,060801,0.3622994652406417,0.3716577540106952,0.3830213903743315,0.587642713230356,41.33841576193332
12011060802,Census Tract 608.02; Broward County; Florida,Broward,7219.0,17.998306041784303,63641.0,17.509402423735896,7.354784788967823,0.0,0.0,060802,0.7466577540106952,0.5949197860962567,0.6149732620320856,0.5856279382135662,65.776729887266
12011060900,Census Tract 609; Broward County; Florida,Broward,4146.0,8.321273516642547,107396.0,4.3963712491277045,2.2330774598743894,0.0,0.0,060900,0.34358288770053474,0.22393048128342247,0.25735294117647056,0.1732706514439221,26.834396986097698
12011061001,Census Tract 610.01; Broward County; Florida,Broward,6358.0,3.727587291601132,137105.0,3.374777975133215,1.1545293072824157,0.0,0.0,061001,0.09759358288770054,0.1751336898395722,0.15106951871657753,0.07790463398253862,11.98590016628179
12011061003,Census Tract 610.03; Broward County; Florida,Broward,2950.0,11.774861878453038,113897.0,5.233644859813085,1.9626168224299063,0.0,0.0,061003,0.5207219251336899,0.2540106951871658,0.23328877005347592,0.13767629281396912,33.32839216643981
12011061004,Census Tract 610.04; Broward County; Florida,Broward,6909.0,8.51063829787234,83288.0,5.37557849768601,7.475970096119615,0.0,0.0,061004,0.35427807486631013,0.2620320855614973,0.6229946524064172,0.34385493619879115,38.74875647798652
12011061100,Census Tract 611; Broward County; Florida,Broward,7592.0,18.85970700805068,61067.0,20.811778750497417,0.0,1.0,1.0,061100,0.7687165775401069,0.6631016042780749,0.03542780748663102,0.6225654801880457,57.17056094065931
12011070102,Census Tract 701.02; Broward County; Florida,Broward,1520.0,10.723684210526317,69048.0,14.015151515151514,1.7045454545454544,0.0,0.0,070102,0.4605614973262032,0.5153743315508021,0.20855614973262032,0.5218267293485561,43.33760410568771
12011070103,Census Tract 701.03; Broward County; Florida,Broward,5452.0,16.929567131327953,87561.0,6.9306930693069315,1.3775290572535517,1.0,1.0,070103,0.7165775401069518,0.3195187165775401,0.1731283422459893,0.3109469442578912,44.73498166590649
12011070104,Census Tract 701.04; Broward County; Florida,Broward,5814.0,18.617575547064952,48650.0,28.50024912805182,3.089187842551071,1.0,1.0,070104,0.7627005347593583,0.7914438502673797,0.3322192513368984,0.7817327065144393,68.61593755274869
12011070204,Census Tract 702.04; Broward County; Florida,Broward,6468.0,23.3192855709412,51484.0,10.084477296726504,4.223864836325237,0.0,0.0,070204,0.858957219251337,0.41911764705882354,0.42112299465240643,0.7555406312961719,66.27391423020153
12011070205,Census Tract 702.05; Broward County; Florida,Broward,5975.0,5.738396624472574,95688.0,6.273764258555133,0.3326996197718631,0.0,0.0,070205,0.19852941176470587,0.2894385026737968,0.07286096256684492,0.24983210208193418,20.18380781703975
12011070208,Census Tract 702.08; Broward County; Florida,Broward,7404.0,4.6191247974068075,121821.0,3.987112364075715,4.269029399919452,0.0,0.0,070208,0.13836898395721925,0.2052139037433155,0.42379679144385024,0.11081262592343855,20.331225780500855
12011070209,Census Tract 702.09; Broward County; Florida,Broward,4922.0,5.343356359203575,150221.0,1.1778563015312131,1.1778563015312131,0.0,0.0,070209,0.17446524064171123,0.07553475935828877,0.1537433155080214,0.05305574210879785,12.62528596517061
12011070210,Census Tract 702.10; Broward County; Florida,Broward,3713.0,14.462698626447615,60588.0,7.638072855464159,3.8777908343125738,0.0,0.0,070210,0.6310160427807486,0.34157754010695185,0.40106951871657753,0.6306245802552048,52.706074492804625
12011070211,Census Tract 702.11; Broward County; Florida,Broward,5787.0,12.823696346222064,107096.0,1.9441069258809232,4.657756176589713,0.0,0.0,070211,0.5655080213903744,0.11296791443850267,0.4451871657754011,0.17394224311618536,37.26226732221676
12011070212,Census Tract 702.12; Broward County; Florida,Broward,3728.0,15.906652360515022,69200.0,4.691358024691358,5.7407407407407405,0.0,0.0,070212,0.6811497326203209,0.23729946524064172,0.5187165775401069,0.519140362659503,52.749117413617874
12011070213,Census Tract 702.13; Broward County; Florida,Broward,3368.0,16.330166270783845,61108.0,10.601503759398495,8.345864661654137,0.0,0.0,070213,0.6978609625668449,0.43114973262032086,0.6537433155080213,0.6212222968435192,62.03674540211102
12011070304,Census Tract 703.04; Broward County; Florida,Broward,8380.0,6.120009562514942,109169.0,5.044404973357016,3.9431616341030193,0.0,0.0,070304,0.2179144385026738,0.24665775401069517,0.40641711229946526,0.16319677635997312,25.042010393509624
12011070306,Census Tract 703.06; Broward County; Florida,Broward,7627.0,3.855232100708104,137237.0,1.6,0.5052631578947369,0.0,0.0,070306,0.10093582887700535,0.09692513368983957,0.08489304812834225,0.07656145063801209,9.205025804204093
12011070310,Census Tract 703.10; Broward County; Florida,Broward,4429.0,7.789568751411154,111012.0,4.098360655737705,0.0,0.0,0.0,070310,0.3114973262032086,0.20989304812834225,0.03542780748663102,0.15648085963734049,20.49592735317462
12011070311,Census Tract 703.11; Broward County; Florida,Broward,5565.0,11.69275049469329,123162.0,2.6572668112798263,2.1149674620390453,0.0,0.0,070311,0.5167112299465241,0.14037433155080214,0.24732620320855614,0.1081262592343855,30.584985077735837
12011070312,Census Tract 703.12; Broward County; Florida,Broward,6763.0,8.857016117107792,157532.0,8.085106382978724,0.4728132387706856,0.0,0.0,070312,0.3696524064171123,0.35561497326203206,0.08221925133689839,0.04365345869711216,24.415849922605346
12011070314,Census Tract 703.14; Broward County; Florida,Broward,5590.0,5.707598127475693,158807.0,7.719298245614035,0.0,0.0,0.0,070314,0.19518716577540107,0.3449197860962567,0.03542780748663102,0.039623908663532575,16.20691667594445
12011070315,Census Tract 703.15; Broward County; Florida,Broward,4979.0,3.8840813040853286,158906.0,2.6632847178186427,0.0,0.0,0.0,070315,0.1036096256684492,0.14171122994652408,0.03542780748663102,0.03895231699126931,8.466212115226455
12011070316,Census Tract 703.16; Broward County; Florida,Broward,5534.0,3.151032234697573,130801.0,3.3532934131736525,2.694610778443114,0.0,0.0,070316,0.07152406417112299,0.17446524064171123,0.2967914438502674,0.08865010073875083,14.059098271459508
12011070318,Census Tract 703.18; Broward County; Florida,Broward,6556.0,4.2098840756558875,173750.0,0.0,0.8482563619227144,0.0,0.0,070318,0.12098930481283422,0.02038770053475936,0.11497326203208556,0.024848891873740765,8.043769281325083
12011070319,Census Tract 703.19; Broward County; Florida,Broward,3930.0,1.5776081424936386,163352.0,2.471169686985173,2.3887973640856672,0.0,0.0,070319,0.022727272727272728,0.13435828877005349,0.27406417112299464,0.0315648085963734,9.70883627887934
12011070320,Census Tract 703.20; Broward County; Florida,Broward,8176.0,4.892367906066536,148605.0,2.7210884353741496,2.0408163265306123,0.0,0.0,070320,0.1517379679144385,0.14371657754010694,0.23997326203208555,0.055070517125587644,14.844725850533145
12011070321,Census Tract 703.21; Broward County; Florida,Broward,3166.0,5.9380922299431464,86902.0,3.970223325062035,3.0603804797353185,0.0,0.0,070321,0.20788770053475936,0.20454545454545456,0.32754010695187163,0.3149764942914708,25.256749137166313
12011070323,Census Tract 703.23; Broward County; Florida,Broward,3298.0,1.6979987871437234,67258.0,8.34990059642147,0.9940357852882704,0.0,0.0,070323,0.02807486631016043,0.3643048128342246,0.13302139037433156,0.5493619879113499,22.05675847480454
12011070324,Census Tract 703.24; Broward County; Florida,Broward,5603.0,24.183473139389612,53750.0,31.330977620730273,2.3557126030624262,0.0,0.0,070324,0.8736631016042781,0.8155080213903744,0.268048128342246,0.7296843519140362,71.21133409710426
12011070325,Census Tract 703.25; Broward County; Florida,Broward,5069.0,2.4462418623002566,101691.0,2.662037037037037,0.9259259259259258,0.0,0.0,070325,0.04411764705882353,0.1410427807486631,0.12433155080213903,0.20617864338482203,11.195765381065426
12011070326,Census Tract 703.26; Broward County; Florida,Broward,6288.0,1.8606870229007633,192059.0,0.0,0.0,0.0,0.0,070326,0.03141711229946524,0.02038770053475936,0.03542780748663102,0.01544660846205507,2.6819268216475187
12011070327,Census Tract 703.27; Broward County; Florida,Broward,5641.0,8.93874643874644,70370.0,13.714551371455135,0.697350069735007,0.0,0.0,070327,0.37433155080213903,0.5053475935828877,0.10294117647058823,0.5023505708529215,37.18604885021352
12011070328,Census Tract 703.28; Broward County; Florida,Broward,1039.0,5.101058710298364,95536.0,16.890080428954423,3.753351206434316,0.0,0.0,070328,0.16310160427807488,0.5802139037433155,0.38836898395721925,0.2511752854264607,30.919227633662906
12011070329,Census Tract 703.29; Broward County; Florida,Broward,3454.0,4.140127388535031,221222.0,0.0,8.503767491926803,0.0,0.0,070329,0.11764705882352941,0.02038770053475936,0.6624331550802139,0.010073875083948958,18.563776966919622
12011070330,Census Tract 703.30; Broward County; Florida,Broward,3700.0,6.918918918918919,177279.0,1.691542288557214,1.2935323383084576,0.0,0.0,070330,0.25935828877005346,0.09959893048128342,0.16644385026737968,0.02216252518468771,16.138437669469155
12011070331,Census Tract 703.31; Broward County; Florida,Broward,8793.0,6.664392130103492,153214.0,5.908289241622574,0.0,0.0,0.0,070331,0.24665775401069517,0.27740641711229946,0.03542780748663102,0.04566823371390195,17.036359326684455
12011070401,Census Tract 704.01; Broward County; Florida,Broward,5793.0,7.740152038700761,117366.0,0.9970089730807578,0.7976071784646062,0.0,0.0,070401,0.30815508021390375,0.07152406417112299,0.11163101604278075,0.1262592343854936,18.514489500544098
12011070402,Census Tract 704.02; Broward County; Florida,Broward,3865.0,3.053040103492885,150107.0,3.7574722459436374,0.4269854824935952,0.0,0.0,070402,0.06684491978609626,0.196524064171123,0.07887700534759358,0.053727333781061114,9.256364857439404
12011070403,Census Tract 704.03; Broward County; Florida,Broward,5520.0,7.590339567822771,107000.0,4.746494066882416,3.02049622437972,0.0,0.0,070403,0.3014705882352941,0.2393048128342246,0.32219251336898397,0.17528542646071188,26.794478582690175
12011070404,Census Tract 704.04; Broward County; Florida,Broward,3655.0,3.255813953488372,137208.0,2.6149684400360687,0.0,0.0,0.0,070404,0.07620320855614973,0.13836898395721925,0.03542780748663102,0.07723304231027535,8.068725017328502
12011070405,Census Tract 704.05; Broward County; Florida,Broward,5039.0,6.770833333333333,116064.0,4.513322457857531,3.4257748776508974,0.0,0.0,070405,0.25066844919786097,0.2286096256684492,0.3602941176470588,0.13163196776359973,24.437452189496597
12011070501,Census Tract 705.01; Broward County; Florida,Broward,5715.0,2.622777679985918,112321.0,3.794762159273115,3.741314804917156,0.0,0.0,070501,0.05013368983957219,0.19852941176470587,0.3856951871657754,0.14775016789791806,16.644842930150876
12011070503,Census Tract 705.03; Broward County; Florida,Broward,6534.0,3.1833486378940923,86080.0,7.701915070774355,3.621981681931723,0.0,0.0,070503,0.07286096256684492,0.3442513368983957,0.375,0.32236400268636667,23.746745294369045
12011070504,Census Tract 705.04; Broward County; Florida,Broward,4958.0,20.774505849132716,37333.0,31.94905869324474,16.943521594684384,0.0,0.0,070504,0.8175133689839572,0.8228609625668449,0.8790106951871658,0.9220953660174613,85.17987523478773
12011070601,Census Tract 706.01; Broward County; Florida,Broward,4986.0,16.506217408744483,55917.0,18.6830835117773,11.884368308351178,1.0,1.0,070601,0.7005347593582888,0.6189839572192514,0.786096256684492,0.6937541974479516,69.99807860136545
12011070602,Census Tract 706.02; Broward County; Florida,Broward,7513.0,9.15549597855228,91926.0,9.179885251434357,1.0124873439082012,0.0,0.0,070602,0.38435828877005346,0.39237967914438504,0.1356951871657754,0.277367360644728,31.48317608989991
12011080102,Census Tract 801.02; Broward County; Florida,Broward,4404.0,19.325011558021263,42472.0,26.061877294179343,10.17304667016256,0.0,0.0,080102,0.7820855614973262,0.7573529411764706,0.7332887700534759,0.8683680322364002,78.46361732921999
12011080103,Census Tract 801.03; Broward County; Florida,Broward,1465.0,13.378839590443686,64474.0,14.142857142857142,6.714285714285714,0.0,0.0,080103,0.5922459893048129,0.5193850267379679,0.5835561497326203,0.577568838146407,57.30003986453242
12011080104,Census Tract 801.04; Broward County; Florida,Broward,2406.0,13.375,71062.0,10.766721044045676,1.0603588907014685,0.0,0.0,080104,0.5909090909090909,0.4364973262032086,0.13970588235294118,0.4916051040967092,44.99252988942082
12011080105,Census Tract 801.05; Broward County; Florida,Broward,3115.0,21.28410914927769,42574.0,11.80371352785146,11.73740053050398,0.0,0.0,080105,0.8295454545454546,0.4679144385026738,0.7840909090909091,0.8656816655473473,75.53555844463679
12011080200,Census Tract 802; Broward County; Florida,Broward,1321.0,7.427677873338546,77851.0,3.4482758620689653,4.21455938697318,0.0,0.0,080200,0.2894385026737968,0.1804812834224599,0.42045454545454547,0.39959704499664206,31.588197584424826
12011080402,Census Tract 804.02; Broward County; Florida,Broward,3221.0,4.936355169202111,44917.0,8.200290275761974,13.788098693759071,0.0,0.0,080402,0.15508021390374332,0.3582887700534759,0.8382352941176471,0.8314304902619207,46.76229964481061
12011080403,Census Tract 804.03; Broward County; Florida,Broward,6189.0,24.69195849546044,47925.0,27.472035794183448,6.308724832214765,0.0,0.0,080403,0.8836898395721925,0.7814171122994652,0.5548128342245989,0.7891202149093351,77.8545968115557
12011080405,Census Tract 804.05; Broward County; Florida,Broward,3023.0,8.151093439363818,54269.0,11.52860802732707,10.58923996584116,0.0,0.0,080405,0.3302139037433155,0.45989304812834225,0.7453208556149733,0.7206178643384822,51.725191511368585
12011080406,Census Tract 804.06; Broward County; Florida,Broward,5991.0,12.201635787013853,77672.0,9.543193125282675,0.1356852103120759,0.0,0.0,080406,0.5414438502673797,0.4050802139037433,0.07085561497326204,0.40295500335795836,39.23557065539446
12011080500,Census Tract 805; Broward County; Florida,Broward,7334.0,25.274419897179374,41457.0,31.489493201483317,9.950556242274413,0.0,0.0,080500,0.8897058823529411,0.8181818181818182,0.7245989304812834,0.8811282740094023,84.06641574756773
12011090102,Census Tract 901.02; Broward County; Florida,Broward,2074.0,8.003857280617165,112750.0,0.2,5.7,0.0,0.0,090102,0.3235294117647059,0.04344919786096257,0.516042780748663,0.145063801208865,27.032292066958053
12011090103,Census Tract 901.03; Broward County; Florida,Broward,1617.0,11.440940012368584,76202.0,3.919597989949749,3.919597989949749,0.0,0.0,090103,0.4979946524064171,0.20287433155080214,0.4050802139037433,0.42578912021490933,40.594659409645786
12011090104,Census Tract 901.04; Broward County; Florida,Broward,2947.0,10.485239226331863,65851.0,8.8098016336056,5.950991831971995,0.0,0.0,090104,0.44585561497326204,0.37967914438502676,0.5394385026737968,0.5634654130288784,47.48588580068452
12011090200,Census Tract 902; Broward County; Florida,Broward,3937.0,2.8549579403517713,100586.0,5.941845764854614,1.390644753476612,0.0,0.0,090200,0.05949197860962567,0.27807486631016043,0.17647058823529413,0.21558092679650773,15.782206771224272
12011090301,Census Tract 903.01; Broward County; Florida,Broward,2676.0,19.859813084112147,46296.0,18.900343642611684,26.03092783505155,0.0,0.0,090301,0.7967914438502673,0.6223262032085561,0.9578877005347594,0.8106111484217595,79.6881587973122
12011090303,Census Tract 903.03; Broward County; Florida,Broward,1956.0,37.74973711882229,23526.0,10.22530329289428,7.279029462738301,0.0,0.0,090303,0.9745989304812834,0.4197860962566845,0.6122994652406417,0.9932840832773674,79.49135011474522
12011090304,Census Tract 903.04; Broward County; Florida,Broward,4623.0,14.700625558534403,63238.0,9.466221851542953,7.381150959132611,0.0,0.0,090304,0.643048128342246,0.4017379679144385,0.6183155080213903,0.5923438549361988,57.9698717511304
12011090401,Census Tract 904.01; Broward County; Florida,Broward,4560.0,22.757548845470694,56094.0,16.236722306525035,6.019221041982802,0.0,0.0,090401,0.8522727272727273,0.5655080213903744,0.5414438502673797,0.6903962390866353,70.03787130579688
12011090403,Census Tract 904.03; Broward County; Florida,Broward,4234.0,18.36839404822986,44286.0,23.821656050955415,18.85350318471338,0.0,0.0,090403,0.7573529411764706,0.7165775401069518,0.9010695187165776,0.8438549361987912,79.52415754750524
12011090404,Census Tract 904.04; Broward County; Florida,Broward,4469.0,20.058269834155087,45992.0,30.634920634920636,11.693121693121691,0.0,0.0,090404,0.8028074866310161,0.8108288770053476,0.7814171122994652,0.8139691067830759,80.23660138699842
12011090502,Census Tract 905.02; Broward County; Florida,Broward,6866.0,3.8376709307454786,112030.0,6.953039679650527,2.693847834000728,0.0,0.0,090502,0.10026737967914438,0.32085561497326204,0.29612299465240643,0.1511081262592344,19.372429904863832
12011090503,Census Tract 905.03; Broward County; Florida,Broward,2740.0,3.686131386861314,77625.0,3.1627906976744184,4.279069767441861,0.0,0.0,090503,0.09558823529411764,0.16711229946524064,0.42513368983957217,0.4042981867024849,23.75441293191066
12011090504,Census Tract 905.04; Broward County; Florida,Broward,3296.0,24.5119305856833,47307.0,10.8991825613079,9.809264305177113,0.0,0.0,090504,0.8803475935828877,0.4425133689839572,0.7179144385026738,0.7968435191403627,74.35933027585538
12011090601,Census Tract 906.01; Broward County; Florida,Broward,3132.0,8.045977011494253,62500.0,22.42798353909465,9.25925925925926,0.0,0.0,090601,0.3255347593582888,0.6985294117647058,0.6938502673796791,0.6004029550033579,52.87704305728641
12011090602,Census Tract 906.02; Broward County; Florida,Broward,7556.0,8.610853124585379,75959.0,14.76969927674153,5.100875523410735,0.0,0.0,090602,0.36163101604278075,0.5340909090909091,0.47794117647058826,0.42780389523169915,43.26196025757516
12011090700,Census Tract 907; Broward County; Florida,Broward,8371.0,14.133684084658617,94297.0,19.342915811088297,4.681724845995893,0.0,0.0,090700,0.6156417112299465,0.6323529411764706,0.44719251336898397,0.2605775688381464,51.42812891686987
12011090801,Census Tract 908.01; Broward County; Florida,Broward,3767.0,7.85771170692859,80700.0,13.89324960753532,4.709576138147567,0.0,0.0,090801,0.3155080213903743,0.5113636363636364,0.44919786096256686,0.3633310946944258,39.098172696027554
12011090802,Census Tract 908.02; Broward County; Florida,Broward,4408.0,10.353652861796183,52048.0,5.956848030018762,21.24765478424015,0.0,0.0,090802,0.4411764705882353,0.2787433155080214,0.9217914438502673,0.7447951645399598,56.55365730149439
12011090900,Census Tract 909; Broward County; Florida,Broward,5319.0,6.437933693138011,120000.0,12.51441753171857,3.690888119953864,0.0,0.0,090900,0.23128342245989306,0.48262032085561496,0.3803475935828877,0.11752854264607118,28.8612660400872
12011091000,Census Tract 910; Broward County; Florida,Broward,4461.0,7.760180995475113,83786.0,9.274193548387096,4.838709677419355,0.0,0.0,091000,0.31016042780748665,0.3950534759358289,0.4572192513368984,0.3391537944929483,36.23494754761298
12011091100,Census Tract 911; Broward County; Florida,Broward,7441.0,18.55056787452677,48297.0,33.54207436399218,9.628180039138943,0.0,0.0,091100,0.7606951871657754,0.8429144385026738,0.7085561497326203,0.7830758898589657,77.11873704851622
12011091201,Census Tract 912.01; Broward County; Florida,Broward,6186.0,11.287964917979536,65250.0,24.643384161337924,3.1972454500737824,0.0,0.0,091201,0.4872994652406417,0.7292780748663101,0.3409090909090909,0.568502350570853,52.26576893655075
12011091202,Census Tract 912.02; Broward County; Florida,Broward,4295.0,9.359720605355063,66078.0,20.51282051282051,6.908831908831909,0.0,0.0,091202,0.3950534759358289,0.6557486631016043,0.5935828877005348,0.5607790463398253,52.00435098027244
12011091300,Census Tract 913; Broward County; Florida,Broward,4454.0,10.247191011235955,82500.0,9.968354430379748,0.3164556962025316,0.0,0.0,091300,0.43716577540106955,0.4164438502673797,0.07219251336898395,0.348556077904634,34.230479846862735
12011091400,Census Tract 914; Broward County; Florida,Broward,6297.0,19.84392419175028,55236.0,18.98989898989899,6.363636363636363,0.0,0.0,091400,0.7961229946524064,0.6236631016042781,0.5581550802139037,0.7051712558764271,69.58470853998845
12011091500,Census Tract 915; Broward County; Florida,Broward,6345.0,14.122383252818036,60865.0,35.432607416127134,6.121247792819305,0.0,0.0,091500,0.6149732620320856,0.8643048128342246,0.5454545454545454,0.628609805238415,65.36631375182714
12011091601,Census Tract 916.01; Broward County; Florida,Broward,3565.0,14.249649368863956,39253.0,8.64461045891142,7.150480256136606,0.0,0.0,091601,0.6223262032085561,0.37566844919786097,0.6062834224598931,0.905977165883143,62.65162887916019
12011091602,Census Tract 916.02; Broward County; Florida,Broward,3374.0,21.000331235508447,45982.0,12.242090784044017,5.708390646492434,0.0,0.0,091602,0.8235294117647058,0.4766042780748663,0.517379679144385,0.8146406984553392,69.11366958408006
12011091701,Census Tract 917.01; Broward County; Florida,Broward,4529.0,7.765486725663717,67129.0,15.693659761456372,3.1387319522912747,0.0,0.0,091701,0.3108288770053476,0.5568181818181818,0.33489304812834225,0.5513767629281396,41.29491493770718
12011091702,Census Tract 917.02; Broward County; Florida,Broward,5148.0,7.364649681528662,52789.0,10.761736049601415,9.92028343666962,0.0,0.0,091702,0.2867647058823529,0.4358288770053476,0.7225935828877005,0.7347212894560108,49.3334632222753
12011091802,Census Tract 918.02; Broward County; Florida,Broward,3307.0,9.444275736410567,62109.0,24.585635359116026,10.128913443830571,0.0,0.0,091802,0.40040106951871657,0.7266042780748663,0.7306149732620321,0.6077904633982538,57.3162370754517
12011091803,Census Tract 918.03; Broward County; Florida,Broward,4194.0,17.501192179303768,44533.0,28.431372549019606,10.11029411764706,0.0,0.0,091803,0.7299465240641712,0.7907754010695187,0.7286096256684492,0.8388179986568166,76.36192147046255
12011091804,Census Tract 918.04; Broward County; Florida,Broward,2293.0,8.5041430440471,62837.0,21.50753768844221,13.768844221105528,0.0,0.0,091804,0.3536096256684492,0.678475935828877,0.8375668449197861,0.5970449966420417,56.40614057455207
12011091901,Census Tract 919.01; Broward County; Florida,Broward,4196.0,16.01354620222545,73237.0,14.575547250400428,5.659369994660972,0.0,0.0,091901,0.6844919786096256,0.5294117647058824,0.5133689839572193,0.458025520483546,57.395804527317985
12011091903,Census Tract 919.03; Broward County; Florida,Broward,2498.0,13.591433278418451,44945.0,12.166558230318802,18.60767729342876,0.0,0.0,091903,0.5995989304812834,0.47459893048128343,0.8977272727272727,0.8307588985896575,68.04565925521561
12011091904,Census Tract 919.04; Broward County; Florida,Broward,2281.0,20.4655248133509,41018.0,10.785340314136125,5.130890052356021,0.0,0.0,091904,0.8108288770053476,0.4385026737967914,0.48061497326203206,0.8891873740765615,68.59925550292161
12011092000,Census Tract 920; Broward County; Florida,Broward,3598.0,7.337409672040023,79107.0,7.5037147102526,3.268945022288262,0.0,0.0,092000,0.28342245989304815,0.3355614973262032,0.34759358288770054,0.38079247817327067,32.61584956346542
12011100103,Census Tract 1001.03; Broward County; Florida,Broward,3480.0,26.75287356321839,39303.0,6.686046511627906,3.6821705426356592,0.0,0.0,100103,0.9084224598930482,0.30614973262032086,0.3790106951871658,0.9053055742108798,68.14621843608926
12011100104,Census Tract 1001.04; Broward County; Florida,Broward,2863.0,30.05347593582888,30161.0,11.244541484716157,15.12008733624454,0.0,0.0,100104,0.9451871657754011,0.4505347593582888,0.8609625668449198,0.9677635997313633,83.3927051497075
12011100105,Census Tract 1001.05; Broward County; Florida,Broward,2613.0,14.84883275928052,65950.0,3.0821917808219177,3.0821917808219177,0.0,0.0,100105,0.6450534759358288,0.16243315508021391,0.3315508021390374,0.5621222296843519,46.92426277550522
12011100106,Census Tract 1001.06; Broward County; Florida,Broward,2849.0,15.61951561951562,47134.0,17.025440313111545,15.916503587736464,0.0,0.0,100106,0.6724598930481284,0.5848930481283422,0.8696524064171123,0.8005372733378107,72.00005027959044
12011100107,Census Tract 1001.07; Broward County; Florida,Broward,2035.0,4.668304668304668,73786.0,7.038391224862889,5.118829981718465,0.0,0.0,100107,0.14171122994652408,0.32286096256684493,0.4786096256684492,0.4506380120886501,30.71062120433985
12011100108,Census Tract 1001.08; Broward County; Florida,Broward,2661.0,9.883502442690718,71138.0,11.340996168582375,1.7624521072796937,0.0,0.0,100108,0.41911764705882354,0.4532085561497326,0.21457219251336898,0.49093351242444594,39.93899110410389
12011100201,Census Tract 1002.01; Broward County; Florida,Broward,2288.0,15.166083916083917,45230.0,14.285714285714285,9.142857142857142,0.0,0.0,100201,0.6544117647058824,0.5207219251336899,0.6891711229946524,0.8274009402283412,66.92235035536896
12011100203,Census Tract 1002.03; Broward County; Florida,Broward,3180.0,24.491094147582697,34731.0,15.177398160315375,23.587385019710908,0.0,0.0,100203,0.8796791443850267,0.5434491978609626,0.9371657754010695,0.9395567494963063,83.59060023056783
12011100204,Census Tract 1002.04; Broward County; Florida,Broward,2782.0,9.1792656587473,46250.0,9.722222222222223,13.523391812865498,0.0,0.0,100204,0.3850267379679144,0.410427807486631,0.8302139037433155,0.8119543317662861,56.45299037864123
12011100301,Census Tract 1003.01; Broward County; Florida,Broward,4694.0,17.511717085641244,73442.0,11.757501530924678,1.653398652786283,0.0,0.0,100301,0.731951871657754,0.4672459893048128,0.2052139037433155,0.4546675621222297,51.82062396971732
12011100302,Census Tract 1003.02; Broward County; Florida,Broward,2422.0,27.766091712242325,35565.0,37.57225433526011,31.13129644921552,0.0,0.0,100302,0.9211229946524064,0.8830213903743316,0.9766042780748663,0.9355271994627267,92.74797714433475
12011100400,Census Tract 1004; Broward County; Florida,Broward,5948.0,34.14593140551446,35388.0,41.20092378752887,10.392609699769054,0.0,0.0,100400,0.9652406417112299,0.9164438502673797,0.740975935828877,0.9375419744795165,90.50886087996467
12011100501,Census Tract 1005.01; Broward County; Florida,Broward,1312.0,45.65548780487805,28464.0,26.053639846743295,18.199233716475096,0.0,0.0,100501,0.9933155080213903,0.7560160427807486,0.892379679144385,0.9751511081262593,92.20355692188348
12011100502,Census Tract 1005.02; Broward County; Florida,Broward,4238.0,23.548843794242565,44586.0,22.197434467373117,5.409927495817066,0.0,0.0,100502,0.8616310160427807,0.695855614973262,0.5040106951871658,0.8368032236400269,75.19863131772033
12011100600,Census Tract 1006; Broward County; Florida,Broward,5146.0,13.157894736842104,65775.0,15.045871559633028,8.868501529051988,0.0,0.0,100600,0.5755347593582888,0.5374331550802139,0.678475935828877,0.5641370047011417,58.62231228653621
12011100700,Census Tract 1007; Broward County; Florida,Broward,6319.0,23.474253019707565,46495.0,33.59053497942387,5.298353909465021,0.0,0.0,100700,0.8609625668449198,0.8455882352941176,0.4939839572192513,0.8079247817327065,77.3884421587183
12011100801,Census Tract 1008.01; Broward County; Florida,Broward,4274.0,12.94559099437148,46843.0,38.09114359415305,17.6268271711092,1.0,1.0,100801,0.5681818181818182,0.8877005347593583,0.8877005347593583,0.8052384150436535,74.34006241852013
12011100803,Census Tract 1008.03; Broward County; Florida,Broward,3479.0,7.070997413049727,62091.0,50.05324813631523,11.92758253461129,1.0,1.0,100803,0.26871657754010697,0.9679144385026738,0.7887700534759359,0.6084620550705171,58.05159404258682
12011100804,Census Tract 1008.04; Broward County; Florida,Broward,4133.0,17.544285367629218,45697.0,22.715572715572716,12.934362934362934,1.0,1.0,100804,0.7332887700534759,0.7025401069518716,0.8168449197860963,0.8200134318334452,76.1195199735673
12011110100,Census Tract 1101; Broward County; Florida,Broward,7495.0,3.0274488697524222,90893.0,18.210361067503925,0.837257980115123,0.0,0.0,110100,0.06550802139037433,0.608957219251337,0.11363636363636363,0.2860980523841504,22.794153561051996
12011110301,Census Tract 1103.01; Broward County; Florida,Broward,6800.0,15.544117647058822,103482.0,19.66319960376424,0.0,0.0,0.0,110301,0.6677807486631016,0.6377005347593583,0.03542780748663102,0.19677635997313633,44.10932399090658
12011110303,Census Tract 1103.03; Broward County; Florida,Broward,4339.0,5.06007393715342,156250.0,5.414012738853503,0.6369426751592357,0.0,0.0,110303,0.16243315508021391,0.2640374331550802,0.09759358288770054,0.04499664204163868,14.629879364896947
12011110307,Census Tract 1103.07; Broward County; Florida,Broward,5962.0,3.321530939133367,110515.0,3.899435608004104,0.513083632632119,0.0,0.0,110307,0.08155080213903744,0.20120320855614973,0.0855614973262032,0.15916722632639355,12.180670729736429
12011110308,Census Tract 1103.08; Broward County; Florida,Broward,6522.0,11.244055836784783,77363.0,4.357694053563323,0.0,0.0,0.0,110308,0.48462566844919786,0.22192513368983957,0.03542780748663102,0.40967092008059103,32.72550396310915
12011110309,Census Tract 1103.09; Broward County; Florida,Broward,7061.0,10.607562668177312,60342.0,8.472873409243133,6.5639651707970526,0.0,0.0,110309,0.4532085561497326,0.3689839572192513,0.5741978609625669,0.6326393552719947,49.64476571506557
12011110311,Census Tract 1103.11; Broward County; Florida,Broward,6992.0,11.416309012875535,81417.0,21.442419542458317,1.5122140364482357,0.0,0.0,110311,0.49532085561497324,0.6758021390374331,0.19117647058823528,0.35997313633310946,44.35186914377448
12011110312,Census Tract 1103.12; Broward County; Florida,Broward,7105.0,11.301900070372977,75533.0,13.732681336593316,6.438467807660962,0.0,0.0,110312,0.48863636363636365,0.5060160427807486,0.5661764705882353,0.4331766286098052,49.652837385030324
12011110313,Census Tract 1103.13; Broward County; Florida,Broward,5121.0,12.649774111176589,69120.0,23.90653085680048,5.871779508687837,0.0,0.0,110313,0.5574866310160428,0.7179144385026738,0.5320855614973262,0.5204835460040296,57.70913616072231
12011110319,Census Tract 1103.19; Broward County; Florida,Broward,6745.0,7.65011119347665,91318.0,20.127456186935746,0.5310674455655868,0.0,0.0,110319,0.30414438502673796,0.6504010695187166,0.0875668449197861,0.2847548690396239,32.62023107063206
12011110321,Census Tract 1103.21; Broward County; Florida,Broward,5709.0,12.418530914215255,120764.0,3.5909920876445525,1.217285453438831,0.0,0.0,110321,0.5481283422459893,0.18649732620320855,0.1590909090909091,0.1155137676292814,31.147173748307548
12011110323,Census Tract 1103.23; Broward County; Florida,Broward,8002.0,10.798298298298295,59047.0,21.47423843550207,2.1812711545693872,0.0,0.0,110323,0.46390374331550804,0.6778074866310161,0.25267379679144386,0.6494291470785762,50.154358342641046
12011110326,Census Tract 1103.26; Broward County; Florida,Broward,4553.0,7.758430681066784,128507.0,7.621951219512195,3.277439024390244,0.0,0.0,110326,0.3094919786096257,0.34024064171123,0.34893048128342247,0.09267965077233042,28.016694619724685
12011110327,Census Tract 1103.27; Broward County; Florida,Broward,5703.0,5.611081886726285,119334.0,3.684513529073115,3.166378814047208,0.0,0.0,110327,0.18850267379679145,0.19318181818181818,0.33890374331550804,0.12021490933512424,20.586116368520667
12011110328,Census Tract 1103.28; Broward County; Florida,Broward,5916.0,6.000676132521974,91528.0,6.262425447316103,2.286282306163022,0.0,0.0,110328,0.21122994652406418,0.28810160427807485,0.2620320855614973,0.2807253190060443,25.066378037874898
12011110330,Census Tract 1103.30; Broward County; Florida,Broward,3624.0,3.283664459161148,126063.0,5.285592497868713,4.6888320545609545,0.0,0.0,110330,0.07754010695187166,0.2586898395721925,0.44786096256684493,0.09939556749496306,19.22053167075488
12011110332,Census Tract 1103.32; Broward County; Florida,Broward,5657.0,6.399151493724589,101701.0,0.1928640308582449,0.4821600771456124,0.0,0.0,110332,0.22927807486631016,0.0427807486631016,0.08422459893048129,0.20550705171255876,15.82137098077524
12011110333,Census Tract 1103.33; Broward County; Florida,Broward,6480.0,1.712962962962963,117404.0,3.4411915767847976,1.5408320493066257,0.0,0.0,110333,0.02874331550802139,0.17981283422459893,0.19585561497326204,0.12558764271323036,11.174854458542683
12011110334,Census Tract 1103.34; Broward County; Florida,Broward,3641.0,33.64460313100797,24056.0,8.488888888888889,23.822222222222223,1.0,1.0,110334,0.9625668449197861,0.37032085561497324,0.9385026737967914,0.9912693082605776,84.5045305502383
12011110337,Census Tract 1103.37; Broward County; Florida,Broward,8060.0,10.551259665752058,63093.0,9.598765432098766,5.462962962962963,0.0,0.0,110337,0.44786096256684493,0.4090909090909091,0.5066844919786097,0.5943586299529886,48.11711912312394
12011110338,Census Tract 1103.38; Broward County; Florida,Broward,3407.0,11.978704525288377,64967.0,15.14376996805112,11.054313099041533,0.0,0.0,110338,0.5300802139037433,0.5421122994652406,0.7627005347593583,0.5715245130960376,58.72995550256247
12011110339,Census Tract 1103.39; Broward County; Florida,Broward,4617.0,18.171878416794225,61463.0,15.83605030274802,6.753609687936655,0.0,0.0,110339,0.75,0.5601604278074866,0.5882352941176471,0.6165211551376762,65.29833754125622
12011110341,Census Tract 1103.41; Broward County; Florida,Broward,3799.0,13.864306784660767,51835.0,23.295880149812735,18.651685393258425,0.0,0.0,110341,0.6082887700534759,0.7105614973262032,0.8983957219251337,0.7508394895903291,71.52748497897237
12011110344,Census Tract 1103.44; Broward County; Florida,Broward,3579.0,7.879295892707461,119033.0,13.906752411575562,1.2057877813504825,0.0,0.0,110344,0.3181818181818182,0.5120320855614974,0.1570855614973262,0.12155809267965077,28.540787522042216
12011110345,Census Tract 1103.45; Broward County; Florida,Broward,4477.0,7.934734018775146,109163.0,9.9370188943317,3.708887333799861,0.0,0.0,110345,0.3201871657754011,0.4157754010695187,0.38235294117647056,0.1638683680322364,32.04742083658056
12011110346,Census Tract 1103.46; Broward County; Florida,Broward,3785.0,3.4610303830911495,63403.0,14.761904761904765,2.5595238095238093,0.0,0.0,110346,0.08422459893048129,0.5334224598930482,0.2874331550802139,0.5889858965748824,31.565814188182138
12011110347,Census Tract 1103.47; Broward County; Florida,Broward,5688.0,0.7559774964838256,137263.0,0.2815315315315315,0.0,0.0,0.0,110347,0.009358288770053475,0.04411764705882353,0.03542780748663102,0.07588985896574882,3.4830378210262065
12011110348,Census Tract 1103.48; Broward County; Florida,Broward,4938.0,10.247063588497369,76498.0,13.319776309100154,0.0,0.0,0.0,110348,0.4364973262032086,0.5,0.03542780748663102,0.4204163868368032,36.576776934597035
12011110349,Census Tract 1103.49; Broward County; Florida,Broward,3978.0,5.806938159879336,84524.0,11.843876177658142,6.9313593539703895,0.0,0.0,110349,0.20053475935828877,0.4692513368983957,0.5955882352941176,0.33579583613163194,36.03409854081446
12011110350,Census Tract 1103.50; Broward County; Florida,Broward,3009.0,7.7204658901830285,122979.0,7.65661252900232,0.0,0.0,0.0,110350,0.3074866310160428,0.3429144385026738,0.03542780748663102,0.10879785090664876,22.042267178560785
12011110351,Census Tract 1103.51; Broward County; Florida,Broward,3537.0,26.60446706248233,34840.0,19.280343716433944,12.191192266380236,0.0,0.0,110351,0.9070855614973262,0.6290106951871658,0.7954545454545454,0.9382135661517798,83.53699859576287
12011110352,Census Tract 1103.52; Broward County; Florida,Broward,2711.0,23.607524898561415,75208.0,9.927140255009109,1.912568306010929,0.0,0.0,110352,0.8636363636363636,0.41510695187165775,0.2286096256684492,0.43955674949630624,56.21092108618281
12011110353,Census Tract 1103.53; Broward County; Florida,Broward,6445.0,10.224980605120248,67956.0,8.509819021948402,1.2706969580284944,0.0,0.0,110353,0.4344919786096257,0.37232620320855614,0.16377005347593582,0.5413028878441908,38.927662034958686
12011110354,Census Tract 1103.54; Broward County; Florida,Broward,6053.0,48.95093342144391,17672.0,24.33002107798856,25.323697681421255,0.0,0.0,110354,0.9959893048128342,0.7252673796791443,0.9498663101604278,0.9986568166554735,93.31538232241428
12011110355,Census Tract 1103.55; Broward County; Florida,Broward,5004.0,28.896882494004792,27256.0,6.215161649944259,26.226309921962095,0.0,0.0,110355,0.9331550802139037,0.28475935828877,0.9592245989304813,0.9818670248488919,81.84322284991902
12011110356,Census Tract 1103.56; Broward County; Florida,Broward,4063.0,6.866847157272951,94934.0,1.857399640503295,0.0,0.0,0.0,110356,0.25735294117647056,0.10762032085561497,0.03542780748663102,0.25721961047683006,18.299472423440346
12011110357,Census Tract 1103.57; Broward County; Florida,Broward,8005.0,2.6858213616489697,143938.0,1.3654984069185254,0.4096495220755575,0.0,0.0,110357,0.05213903743315508,0.08622994652406417,0.07754010695187166,0.06044325050369376,6.569827576918795
12011110358,Census Tract 1103.58; Broward County; Florida,Broward,6101.0,1.2341615928912293,114423.0,10.599334073251942,3.107658157602664,0.0,0.0,110358,0.016711229946524065,0.4304812834224599,0.33288770053475936,0.1356615177971793,18.649059232948932
12011110359,Census Tract 1103.59; Broward County; Florida,Broward,5242.0,0.0,173314.0,0.0,0.0,0.0,0.0,110359,0.001336898395721925,0.02038770053475936,0.03542780748663102,0.02552048354600403,1.6801957671767656
12011110360,Census Tract 1103.60; Broward County; Florida,Broward,5261.0,13.913704618893746,164442.0,10.544452101998624,1.5161957270847692,0.0,0.0,110360,0.6109625668449198,0.42780748663101603,0.19184491978609625,0.03022162525184688,37.43598330717598
12011110361,Census Tract 1103.61; Broward County; Florida,Broward,10174.0,1.1303322193827403,151149.0,6.233333333333333,2.2333333333333334,0.0,0.0,110361,0.012032085561497326,0.2867647058823529,0.2580213903743315,0.050369375419744795,12.384392855988478
12011110362,Census Tract 1103.62; Broward County; Florida,Broward,7117.0,13.279292557111274,70885.0,6.135492117596932,3.877290157648061,0.0,0.0,110362,0.5855614973262032,0.28342245989304815,0.40040106951871657,0.49294828744123576,46.95789623010814
12011110363,Census Tract 1103.63; Broward County; Florida,Broward,3999.0,0.7251812953238309,103210.0,0.7919366450683946,0.6479481641468683,0.0,0.0,110363,0.008689839572192513,0.05949197860962567,0.09893048128342247,0.19811954331766285,7.478433647101921
12011110364,Census Tract 1103.64; Broward County; Florida,Broward,6720.0,19.047619047619047,86227.0,6.660666066606661,1.3951395139513951,0.0,0.0,110364,0.7760695187165776,0.3048128342245989,0.17713903743315507,0.3203492276695769,47.088802735209725
12011110365,Census Tract 1103.65; Broward County; Florida,Broward,6471.0,2.3180343069077423,79099.0,16.74127126230976,0.0,0.0,0.0,110365,0.040106951871657755,0.5762032085561497,0.03542780748663102,0.38146406984553394,21.466179792632605
12011110366,Census Tract 1103.66; Broward County; Florida,Broward,5522.0,7.464607464607464,78776.0,7.092907092907093,4.295704295704296,0.0,0.0,110366,0.2934491978609626,0.3255347593582888,0.428475935828877,0.38683680322364,34.55491788265462
12011110367,Census Tract 1103.67; Broward County; Florida,Broward,5995.0,8.096353295416527,53494.0,24.595341492301618,1.460718515594157,0.0,0.0,110367,0.3282085561497326,0.7272727272727273,0.18382352941176472,0.7320349227669577,45.990965835018294
12011110368,Census Tract 1103.68; Broward County; Florida,Broward,3077.0,0.0,150896.0,0.4171011470281543,0.0,0.0,0.0,110368,0.001336898395721925,0.046122994652406414,0.03542780748663102,0.05104096709200806,2.705311320449787
12011110402,Census Tract 1104.02; Broward County; Florida,Broward,5993.0,5.633567368772986,102363.0,19.32712956335003,2.720114531138153,0.0,0.0,110402,0.19117647058823528,0.6316844919786097,0.2994652406417112,0.20214909335124245,30.313035342960674
12011110403,Census Tract 1104.03; Broward County; Florida,Broward,4792.0,9.828881469115192,77361.0,19.185645272601796,3.036576949620428,0.0,0.0,110403,0.4144385026737968,0.6270053475935828,0.3235294117647059,0.41034251175285424,43.79508552917473
12011110404,Census Tract 1104.04; Broward County; Florida,Broward,6872.0,6.012520017469792,71864.0,13.070942662779398,2.9154518950437316,0.0,0.0,110404,0.21323529411764705,0.4966577540106952,0.3114973262032086,0.4795164539959704,34.28284244890337
12011110501,Census Tract 1105.01; Broward County; Florida,Broward,3996.0,7.082082082082082,78599.0,16.933207902163687,4.045155221072436,0.0,0.0,110501,0.27072192513368987,0.5815508021390374,0.410427807486631,0.3888515782404298,38.44548076266956
12011110502,Census Tract 1105.02; Broward County; Florida,Broward,5449.0,8.882363736465408,77399.0,10.024752475247526,9.034653465346535,0.0,0.0,110502,0.3709893048128342,0.4177807486631016,0.6844919786096256,0.40899932840832776,45.065013306134475
12011110600,Census Tract 1106; Broward County; Florida,Broward,5497.0,20.62943423685647,71844.0,18.75,3.4771126760563384,0.0,0.0,110600,0.8155080213903744,0.6209893048128342,0.3669786096256685,0.4801880456682337,61.983440057749704
12099000102,Census Tract 1.02; Palm Beach County; Florida,Palm Beach,2964.0,15.277305205852333,89659.0,5.177791640673736,2.5577043044291954,0.0,0.0,000102,0.6584224598930482,0.25267379679144386,0.2867647058823529,0.29684351914036267,43.06253883200512
12099000103,Census Tract 1.03; Palm Beach County; Florida,Palm Beach,2035.0,9.434889434889437,159853.0,0.79155672823219,1.8469656992084431,0.0,0.0,000103,0.39906417112299464,0.058823529411764705,0.2212566844919786,0.03626595030221625,22.289490129038978
12099000104,Census Tract 1.04; Palm Beach County; Florida,Palm Beach,4596.0,5.417754569190601,67059.0,0.9316770186335404,1.5527950310559009,0.0,0.0,000104,0.17713903743315507,0.06751336898395723,0.19719251336898397,0.5527199462726662,23.43407806983835
12099000202,Census Tract 2.02; Palm Beach County; Florida,Palm Beach,7029.0,20.998719590268884,67421.0,6.042173560421736,8.75912408759124,0.0,0.0,000202,0.8228609625668449,0.28141711229946526,0.6744652406417112,0.5473472128945601,62.97902981938852
12099000204,Census Tract 2.04; Palm Beach County; Florida,Palm Beach,3735.0,6.61666220198232,73618.0,3.1064111037673494,6.939854593522803,0.0,0.0,000204,0.24398395721925134,0.16443850267379678,0.5969251336898396,0.4526527871054399,34.039686758151575
12099000208,Census Tract 2.08; Palm Beach County; Florida,Palm Beach,4660.0,4.726100966702471,129167.0,0.7684426229508197,0.4610655737704918,0.0,0.0,000208,0.14304812834224598,0.05815508021390375,0.08088235294117647,0.0893216924110141,10.289107645011725
12099000210,Census Tract 2.10; Palm Beach County; Florida,Palm Beach,6852.0,6.21173659847693,109255.0,3.729706011408513,0.9214567792891618,0.0,0.0,000210,0.22192513368983957,0.19518716577540107,0.12366310160427807,0.16252518468770988,18.504514388941363
12099000211,Census Tract 2.11; Palm Beach County; Florida,Palm Beach,3976.0,8.07344064386318,152727.0,0.5625879043600562,3.4458509142053444,0.0,0.0,000211,0.32754010695187163,0.05213903743315508,0.36163101604278075,0.04701141705842848,22.317233688762155
12099000213,Census Tract 2.13; Palm Beach County; Florida,Palm Beach,2986.0,7.463209530483532,62145.0,8.424908424908425,8.498168498168498,0.0,0.0,000213,0.2927807486631016,0.36764705882352944,0.6617647058823529,0.6071188717259905,44.441842675161524
12099000214,Census Tract 2.14; Palm Beach County; Florida,Palm Beach,6994.0,3.576026319553712,140553.0,0.1279863481228668,0.0,0.0,0.0,000214,0.09157754010695188,0.042112299465240643,0.03542780748663102,0.06850235057085292,6.583950754732568
12099000216,Census Tract 2.16; Palm Beach County; Florida,Palm Beach,3510.0,6.296296296296296,107765.0,2.8995756718528995,0.9193776520509194,0.0,0.0,000216,0.2252673796791444,0.1497326203208556,0.12299465240641712,0.1712558764271323,17.890358170253876
12099000217,Census Tract 2.17; Palm Beach County; Florida,Palm Beach,4431.0,9.185285488603023,86023.0,1.6898608349900597,7.5546719681908545,0.0,0.0,000217,0.3856951871657754,0.09893048128342247,0.6256684491978609,0.3237071860308932,36.39392981687455
12099000218,Census Tract 2.18; Palm Beach County; Florida,Palm Beach,3769.0,8.14539665693818,84597.0,0.4227053140096618,5.978260869565218,0.0,0.0,000218,0.32954545454545453,0.04679144385026738,0.5407754010695187,0.3351242444593687,31.63563996940128
12099000219,Census Tract 2.19; Palm Beach County; Florida,Palm Beach,7296.0,3.289473684210526,110022.0,1.5365318281592977,3.0103480714957667,0.0,0.0,000219,0.07820855614973261,0.09358288770053476,0.321524064171123,0.16118200134318333,14.654121310286127
12099000220,Census Tract 2.20; Palm Beach County; Florida,Palm Beach,5139.0,3.63884024129208,121486.0,1.7278617710583155,3.077753779697624,0.0,0.0,000220,0.0929144385026738,0.10093582887700535,0.3302139037433155,0.11148421759570182,14.569256544427406
12099000221,Census Tract 2.21; Palm Beach County; Florida,Palm Beach,5582.0,6.964520367936925,115020.0,4.274307186472522,0.8924377642085486,0.0,0.0,000221,0.2620320855614973,0.21657754010695188,0.1196524064171123,0.13364674278038952,19.878817208548966
12099000222,Census Tract 2.22; Palm Beach County; Florida,Palm Beach,2197.0,27.4555659494855,60650.0,19.774718397997496,14.017521902377972,0.0,0.0,000222,0.9177807486631016,0.6403743315508021,0.8429144385026738,0.6299529885829416,78.97606511925241
12099000223,Census Tract 2.23; Palm Beach County; Florida,Palm Beach,3133.0,0.9575486753909992,125833.0,0.0,0.0,0.0,0.0,000223,0.011363636363636364,0.02038770053475936,0.03542780748663102,0.10006715916722633,3.57219879831779
12099000301,Census Tract 3.01; Palm Beach County; Florida,Palm Beach,3449.0,5.972745723398087,139563.0,2.394890899414582,1.1176157530601385,0.0,0.0,000301,0.20855614973262032,0.13101604278074866,0.1463903743315508,0.0715245130960376,15.320864593471557
12099000303,Census Tract 3.03; Palm Beach County; Florida,Palm Beach,5067.0,2.92086046970594,240481.0,10.882487425697304,2.652034750800183,0.0,0.0,000303,0.06149732620320856,0.44184491978609625,0.2947860962566845,0.006044325050369375,17.313399869991343
12099000304,Census Tract 3.04; Palm Beach County; Florida,Palm Beach,5444.0,8.42567825754681,82992.0,5.269658295594895,3.993412927130506,0.0,0.0,000304,0.34893048128342247,0.25668449197860965,0.4077540106951872,0.34721289456010745,34.19024719601499
12099000405,Census Tract 4.05; Palm Beach County; Florida,Palm Beach,2881.0,4.824713641096841,120833.0,2.234206471494607,4.776579352850539,0.0,0.0,000405,0.1483957219251337,0.1270053475935829,0.45387700534759357,0.1134989926124916,19.823455788078707
12099000406,Census Tract 4.06; Palm Beach County; Florida,Palm Beach,2117.0,8.21917808219178,89129.0,2.103681442524418,7.588279489105935,0.0,0.0,000406,0.3382352941176471,0.11898395721925134,0.6290106951871658,0.30020147750167897,34.493334362867806
12099000407,Census Tract 4.07; Palm Beach County; Florida,Palm Beach,1620.0,11.296296296296296,87031.0,0.5361930294906166,1.7873100983020551,0.0,0.0,000407,0.4879679144385027,0.05013368983957219,0.21724598930481284,0.3143049026192075,31.15240821281196
12099000408,Census Tract 4.08; Palm Beach County; Florida,Palm Beach,3028.0,10.96433289299868,97975.0,3.002832861189802,5.835694050991502,0.0,0.0,000408,0.4752673796791444,0.15641711229946523,0.5287433155080213,0.23169912693082606,37.34788628193203
12099000410,Census Tract 4.10; Palm Beach County; Florida,Palm Beach,3860.0,4.316925506712293,83125.0,0.319780721790772,6.304248515303791,0.0,0.0,000410,0.12566844919786097,0.04478609625668449,0.554144385026738,0.3445265278710544,23.89587815100398
12099000505,Census Tract 5.05; Palm Beach County; Florida,Palm Beach,2919.0,7.434052757793765,88182.0,0.0,9.500542888165038,0.0,0.0,000505,0.29010695187165775,0.02038770053475936,0.7025401069518716,0.30691739422431163,32.20118210908517
12099000507,Census Tract 5.07; Palm Beach County; Florida,Palm Beach,812.0,4.064039408866995,250001.0,0.0,6.6339066339066335,0.0,0.0,000507,0.11497326203208556,0.02038770053475936,0.5788770053475936,0.0030221625251846875,16.644667849434175
12099000509,Census Tract 5.09; Palm Beach County; Florida,Palm Beach,1869.0,6.474050294275013,94250.0,1.1142061281337048,0.9285051067780872,0.0,0.0,000509,0.2339572192513369,0.07419786096256685,0.12566844919786097,0.2612491605104097,18.58059818347023
12099000512,Census Tract 5.12; Palm Beach County; Florida,Palm Beach,1361.0,10.50698016164585,75250.0,0.0,7.738095238095238,0.0,0.0,000512,0.44719251336898397,0.02038770053475936,0.6343582887700535,0.43787777031564806,39.740175727168584
12099000513,Census Tract 5.13; Palm Beach County; Florida,Palm Beach,1384.0,4.552023121387283,78827.0,3.1088082901554404,12.046632124352332,0.0,0.0,000513,0.13502673796791445,0.16510695187165775,0.7914438502673797,0.38482202820685024,32.22852612563434
12099000600,Census Tract 6; Palm Beach County; Florida,Palm Beach,1801.0,10.993892282065518,82446.0,7.088331515812432,0.9814612868047984,0.0,0.0,000600,0.47794117647058826,0.32486631016042783,0.13101604278074866,0.3498992612491605,35.23327934263027
12099000702,Census Tract 7.02; Palm Beach County; Florida,Palm Beach,3340.0,6.616766467065868,82386.0,2.172437202987101,2.64765784114053,0.0,0.0,000702,0.2446524064171123,0.12299465240641712,0.29411764705882354,0.35057085292142376,25.13975930441778
12099000703,Census Tract 7.03; Palm Beach County; Florida,Palm Beach,3502.0,3.3980582524271843,142632.0,2.7426160337552745,2.9535864978902953,0.0,0.0,000703,0.08288770053475936,0.1443850267379679,0.3161764705882353,0.062458025520483546,13.77589847832411
12099000803,Census Tract 8.03; Palm Beach County; Florida,Palm Beach,3252.0,10.06146878032999,77563.0,0.5022321428571429,14.229910714285715,0.0,0.0,000803,0.42580213903743314,0.04879679144385027,0.8449197860962567,0.40631296171927467,43.03267634668496
12099000805,Census Tract 8.05; Palm Beach County; Florida,Palm Beach,5784.0,7.500870170553428,70506.0,4.2965779467680605,13.079847908745249,0.0,0.0,000805,0.29745989304812837,0.21991978609625668,0.8201871657754011,0.49966420416386836,42.69381884263566
12099000902,Census Tract 9.02; Palm Beach County; Florida,Palm Beach,2766.0,4.6452084857351865,95642.0,0.0,0.5741626794258373,0.0,0.0,000902,0.13903743315508021,0.02038770053475936,0.09157754010695188,0.25050369375419745,12.81087601412138
12099000903,Census Tract 9.03; Palm Beach County; Florida,Palm Beach,6022.0,6.9647606382978715,87949.0,14.878892733564014,2.3727137913989127,0.0,0.0,000903,0.2627005347593583,0.5347593582887701,0.2713903743315508,0.3075889858965749,32.78279576071225
12099000904,Census Tract 9.04; Palm Beach County; Florida,Palm Beach,4246.0,7.379375591296121,97368.0,2.958876629889669,1.9057171514543632,0.0,0.0,000904,0.2874331550802139,0.15240641711229946,0.22794117647058823,0.2364002686366689,23.83228344759969
12099000905,Census Tract 9.05; Palm Beach County; Florida,Palm Beach,3581.0,11.484198645598196,113750.0,1.9104084321475625,5.006587615283268,0.0,0.0,000905,0.5006684491978609,0.11163101604278075,0.4692513368983957,0.13935527199462727,34.431490466630514
12099001002,Census Tract 10.02; Palm Beach County; Florida,Palm Beach,6710.0,25.209571711629327,55750.0,27.683873915029693,9.639104613978985,0.0,0.0,001002,0.8883689839572193,0.7834224598930482,0.7098930481283422,0.6977837474815313,79.3567444683472
12099001003,Census Tract 10.03; Palm Beach County; Florida,Palm Beach,5092.0,7.126484684309231,91908.0,3.3851276359600444,1.553829078801332,0.0,0.0,001003,0.2733957219251337,0.17713903743315507,0.19852941176470587,0.2780389523169913,24.00997690730239
12099001004,Census Tract 10.04; Palm Beach County; Florida,Palm Beach,5979.0,21.17607639470598,71917.0,18.080149114631876,4.986020503261883,1.0,1.0,001004,0.8282085561497327,0.6042780748663101,0.46657754010695185,0.47817327065144394,64.10891995848343
12099001101,Census Tract 11.01; Palm Beach County; Florida,Palm Beach,7142.0,13.127031227921435,61000.0,23.11320754716981,12.435677530017152,0.0,0.0,001101,0.5741978609625669,0.7085561497326203,0.803475935828877,0.6242444593687039,65.69344533710671
12099001102,Census Tract 11.02; Palm Beach County; Florida,Palm Beach,2348.0,12.196162046908317,67610.0,5.752212389380531,2.402022756005057,0.0,0.0,001102,0.5401069518716578,0.2733957219251337,0.27606951871657753,0.5453324378777703,43.50023164525595
12099001200,Census Tract 12; Palm Beach County; Florida,Palm Beach,4432.0,18.316944889092156,51632.0,16.978193146417446,11.88992731048806,0.0,0.0,001200,0.7553475935828877,0.5822192513368984,0.7867647058823529,0.7541974479516454,72.67753184673344
12099001301,Census Tract 13.01; Palm Beach County; Florida,Palm Beach,7238.0,19.08990011098779,68903.0,21.684210526315788,0.6736842105263158,0.0,0.0,001301,0.7780748663101604,0.6831550802139037,0.10160427807486631,0.5238415043653458,57.295011905488735
12099001302,Census Tract 13.02; Palm Beach County; Florida,Palm Beach,5186.0,28.96565032805866,42546.0,42.916666666666664,8.69047619047619,0.0,0.0,001302,0.9344919786096256,0.929144385026738,0.6677807486631016,0.8663532572196104,86.64524696257402
12099001402,Census Tract 14.02; Palm Beach County; Florida,Palm Beach,2498.0,25.184275184275183,43971.0,38.82211538461539,12.259615384615383,0.0,0.0,001402,0.8870320855614974,0.8950534759358288,0.7987967914438503,0.8482202820685023,86.32269441142354
12099001403,Census Tract 14.03; Palm Beach County; Florida,Palm Beach,3406.0,27.270038450162676,32970.0,42.7880741337631,11.68412570507655,1.0,1.0,001403,0.9137700534759359,0.9271390374331551,0.7807486631016043,0.9523169912693082,89.75489597511879
12099001404,Census Tract 14.04; Palm Beach County; Florida,Palm Beach,4496.0,26.115220802510645,47529.0,53.28345802161264,11.4713216957606,1.0,1.0,001404,0.8997326203208557,0.9792780748663101,0.7767379679144385,0.7938213566151779,86.98605280075277
12099001500,Census Tract 15; Palm Beach County; Florida,Palm Beach,2525.0,21.11601766358892,42587.0,16.998827667057444,19.577960140679952,0.0,0.0,001500,0.8262032085561497,0.5835561497326203,0.9070855614973262,0.865010073875084,80.1611640443466
12099001600,Census Tract 16; Palm Beach County; Florida,Palm Beach,4403.0,37.38360208948444,34813.0,32.312739201749594,16.129032258064516,0.0,0.0,001600,0.9739304812834224,0.8275401069518716,0.8713235294117647,0.938885157824043,91.7121951350905
12099001700,Census Tract 17; Palm Beach County; Florida,Palm Beach,4358.0,35.04273504273504,65732.0,16.484118291347208,14.29353778751369,0.0,0.0,001700,0.9679144385026738,0.5701871657754011,0.8469251336898396,0.564808596373405,78.35499545687988
12099001801,Census Tract 18.01; Palm Beach County; Florida,Palm Beach,5744.0,16.32280445499361,55688.0,26.096491228070175,9.923245614035087,0.0,0.0,001801,0.6971925133689839,0.7593582887700535,0.7232620320855615,0.6991269308260577,71.52264556839282
12099001802,Census Tract 18.02; Palm Beach County; Florida,Palm Beach,3753.0,20.0108607113766,41590.0,14.558595766649455,13.939081053175013,0.0,0.0,001802,0.8021390374331551,0.5274064171122995,0.8402406417112299,0.8797850906648758,77.03420448709431
12099001904,Census Tract 19.04; Palm Beach County; Florida,Palm Beach,3410.0,6.160287081339713,75089.0,3.0982201713909028,0.0,0.0,0.0,001904,0.2192513368983957,0.16310160427807488,0.03542780748663102,0.4412357286769644,21.565356284769237
12099001907,Census Tract 19.07; Palm Beach County; Florida,Palm Beach,3838.0,13.3733055265902,54312.0,12.906309751434032,3.9674952198852775,0.0,0.0,001907,0.5902406417112299,0.4919786096256685,0.4070855614973262,0.7199462726662189,55.989834544233474
12099001909,Census Tract 19.09; Palm Beach County; Florida,Palm Beach,3488.0,33.658256880733944,45856.0,41.29443938012762,11.30355515041021,0.0,0.0,001909,0.9632352941176471,0.9191176470588235,0.7700534759358288,0.8179986568166555,88.67280736093204
12099001910,Census Tract 19.10; Palm Beach County; Florida,Palm Beach,1784.0,21.356502242152462,38571.0,24.80127186009539,20.5087440381558,0.0,0.0,001910,0.8302139037433155,0.731951871657754,0.9184491978609626,0.9100067159167227,84.41671185844142
12099001911,Census Tract 19.11; Palm Beach County; Florida,Palm Beach,988.0,17.510121457489877,30795.0,13.55463347164592,14.522821576763487,0.0,0.0,001911,0.7312834224598931,0.5033422459893048,0.8509358288770054,0.9637340496977838,75.6115793896776
12099001912,Census Tract 19.12; Palm Beach County; Florida,Palm Beach,1849.0,20.010816657652786,25972.0,16.60727013542409,26.01568068424804,1.0,1.0,001912,0.8014705882352942,0.5748663101604278,0.9572192513368984,0.9858965748824715,82.41846625700772
12099001913,Census Tract 19.13; Palm Beach County; Florida,Palm Beach,2588.0,17.928902627511594,27345.0,5.455600696459664,13.116656993615786,0.0,0.0,001913,0.7446524064171123,0.26537433155080214,0.820855614973262,0.9805238415043653,71.12117201725309
12099001916,Census Tract 19.16; Palm Beach County; Florida,Palm Beach,3618.0,14.102928632357123,62471.0,5.96100278551532,4.67966573816156,0.0,0.0,001916,0.6129679144385026,0.27941176470588236,0.446524064171123,0.6010745466756212,51.05892408859264
12099001917,Census Tract 19.17; Palm Beach County; Florida,Palm Beach,5444.0,20.714132071413207,47479.0,21.989795918367346,10.510204081632653,0.0,0.0,001917,0.8168449197860963,0.6911764705882353,0.7426470588235294,0.7944929482874412,77.24012634542797
12099001918,Census Tract 19.18; Palm Beach County; Florida,Palm Beach,3573.0,8.60153802335517,73313.0,5.714285714285714,3.6825396825396823,0.0,0.0,001918,0.3602941176470588,0.27205882352941174,0.37967914438502676,0.45668233713901946,36.580170806951514
12099001919,Census Tract 19.19; Palm Beach County; Florida,Palm Beach,6122.0,8.062093139709564,95523.0,12.71036315323295,0.0,0.0,0.0,001919,0.32620320855614976,0.48863636363636365,0.03542780748663102,0.251846877098724,28.56634930668036
12099001920,Census Tract 19.20; Palm Beach County; Florida,Palm Beach,3956.0,3.993933265925177,52304.0,11.476323119777158,2.5069637883008355,0.0,0.0,001920,0.11029411764705882,0.45788770053475936,0.2820855614973262,0.7394224311618536,33.99967856976114
12099001921,Census Tract 19.21; Palm Beach County; Florida,Palm Beach,3358.0,14.3161094224924,63155.0,15.53205551883675,24.586913417052216,0.0,0.0,001921,0.6263368983957219,0.5514705882352942,0.9431818181818182,0.5930154466084621,66.80683299634038
12099002005,Census Tract 20.05; Palm Beach County; Florida,Palm Beach,4926.0,10.11426153195091,51157.0,22.33560090702948,1.473922902494331,0.0,0.0,002005,0.43114973262032086,0.6978609625668449,0.18449197860962566,0.758226997985225,50.05758808804676
12099002006,Census Tract 20.06; Palm Beach County; Florida,Palm Beach,5349.0,11.416241663397413,47943.0,19.672131147540984,13.60655737704918,0.0,0.0,002006,0.4946524064171123,0.6390374331550802,0.8335561497326203,0.7881128274009402,65.00022446245731
12099002100,Census Tract 21; Palm Beach County; Florida,Palm Beach,4838.0,28.43470863462356,31292.0,30.246189917936693,17.11606096131301,0.0,0.0,002100,0.9278074866310161,0.8081550802139037,0.8803475935828877,0.9610476830087307,90.10330660135108
12099002200,Census Tract 22; Palm Beach County; Florida,Palm Beach,2759.0,40.04408523144746,31842.0,48.01670146137787,31.419624217118997,0.0,0.0,002200,0.9846256684491979,0.9605614973262032,0.9779411764705882,0.9570181329751511,97.29544287340677
12099002300,Census Tract 23; Palm Beach County; Florida,Palm Beach,3478.0,21.044731311918344,52083.0,9.740634005763688,4.6685878962536025,0.0,0.0,002300,0.8241978609625669,0.41109625668449196,0.44585561497326204,0.7434519811954332,64.97599149556642
12099002400,Census Tract 24; Palm Beach County; Florida,Palm Beach,2151.0,26.072449952335557,39308.0,34.852546916890084,13.136729222520108,0.0,0.0,002400,0.8990641711229946,0.8616310160427807,0.8221925133689839,0.9046339825386165,87.73171708392742
12099002600,Census Tract 26; Palm Beach County; Florida,Palm Beach,2579.0,7.018224117875145,99467.0,5.541069100391134,9.517601043024772,0.0,0.0,002600,0.26537433155080214,0.26871657754010697,0.7032085561497327,0.2216252518468771,34.48598097276642
12099002701,Census Tract 27.01; Palm Beach County; Florida,Palm Beach,1470.0,13.643659711075443,,23.561946902654867,30.973451327433622,0.0,0.0,002701,0.6016042780748663,0.7125668449197861,0.9759358288770054,,72.2927807486631
12099002702,Census Tract 27.02; Palm Beach County; Florida,Palm Beach,2547.0,2.9069767441860463,111645.0,1.376720901126408,13.76720901126408,0.0,0.0,002702,0.06016042780748663,0.0875668449197861,0.8368983957219251,0.1544660846205507,23.985043617544708
12099002703,Census Tract 27.03; Palm Beach County; Florida,Palm Beach,2672.0,20.54640718562874,76284.0,3.5465116279069764,5.930232558139535,0.0,0.0,002703,0.8121657754010695,0.18315508021390375,0.5367647058823529,0.4237743451981195,55.36051364193031
12099002800,Census Tract 28; Palm Beach County; Florida,Palm Beach,3259.0,11.62361623616236,69647.0,21.98088618592528,7.037358818418767,0.0,0.0,002800,0.5086898395721925,0.6905080213903744,0.6002673796791443,0.513767629281397,56.43845418990602
12099002900,Census Tract 29; Palm Beach County; Florida,Palm Beach,5963.0,33.89233607244675,37976.0,45.140515222482435,17.447306791569087,0.0,0.0,002900,0.963903743315508,0.9425133689839572,0.8836898395721925,0.9167226326393553,93.41466655653042
12099003000,Census Tract 30; Palm Beach County; Florida,Palm Beach,5583.0,18.230852211434737,59750.0,28.189712758851037,5.744822979291917,0.0,0.0,003000,0.7526737967914439,0.7881016042780749,0.5193850267379679,0.6410342511752855,69.07736951548432
12099003101,Census Tract 31.01; Palm Beach County; Florida,Palm Beach,7664.0,17.88141239173884,73409.0,17.663934426229506,11.024590163934429,1.0,1.0,003101,0.7433155080213903,0.5975935828877005,0.7613636363636364,0.45601074546675624,66.03197961521747
12099003102,Census Tract 31.02; Palm Beach County; Florida,Palm Beach,6761.0,23.996418445008207,54790.0,24.82758620689655,10.775862068965516,0.0,0.0,003102,0.8696524064171123,0.732620320855615,0.75,0.7152451309603761,78.74340529300433
12099003201,Census Tract 32.01; Palm Beach County; Florida,Palm Beach,5167.0,28.86495112706962,58821.0,34.19972640218879,2.80437756497948,1.0,1.0,003201,0.9324866310160428,0.8529411764705882,0.3054812834224599,0.6544660846205507,73.5572361309137
12099003202,Census Tract 32.02; Palm Beach County; Florida,Palm Beach,8019.0,11.484032561051972,85720.0,29.311926605504585,1.0091743119266057,0.0,0.0,003202,0.5,0.7981283422459893,0.13502673796791445,0.32572196104768303,45.17754082523173
12099003300,Census Tract 33; Palm Beach County; Florida,Palm Beach,4742.0,16.027135891456435,77473.0,21.46627565982405,6.392961876832845,0.0,0.0,003300,0.6851604278074866,0.6771390374331551,0.5614973262032086,0.4076561450638012,60.332267286302766
12099003400,Census Tract 34; Palm Beach County; Florida,Palm Beach,4400.0,10.957642725598529,80051.0,7.419818094782192,6.988989947343227,0.0,0.0,003400,0.47393048128342247,0.3322192513368984,0.5989304812834224,0.37139019476158497,45.00801779897502
12099003507,Census Tract 35.07; Palm Beach County; Florida,Palm Beach,2028.0,5.424063116370808,250001.0,0.0,1.1194029850746268,0.0,0.0,003507,0.17780748663101603,0.02038770053475936,0.14705882352941177,0.0030221625251846875,10.521673197027757
12099003512,Census Tract 35.12; Palm Beach County; Florida,Palm Beach,1407.0,2.2743425728500357,163750.0,3.6281179138322,9.297052154195011,0.0,0.0,003512,0.03943850267379679,0.19050802139037434,0.695855614973262,0.03089321692411014,19.922677172706802
12099003513,Census Tract 35.13; Palm Beach County; Florida,Palm Beach,1619.0,2.470660901791229,250001.0,0.0,4.701627486437613,0.0,0.0,003513,0.046122994652406414,0.02038770053475936,0.4485294117647059,0.0030221625251846875,11.283705282589256
12099003514,Census Tract 35.14; Palm Beach County; Florida,Palm Beach,2862.0,8.280922431865829,223750.0,1.9783024888321632,1.6592214422463305,0.0,0.0,003514,0.3409090909090909,0.11497326203208556,0.20655080213903743,0.009402283411685695,20.254890588019812
12099003600,Census Tract 36; Palm Beach County; Florida,Palm Beach,5487.0,13.254329990884232,111855.0,7.507082152974505,4.0604343720491025,0.0,0.0,003600,0.5842245989304813,0.3362299465240642,0.4124331550802139,0.15312290127602418,41.40470401482529
12099003700,Census Tract 37; Palm Beach County; Florida,Palm Beach,5763.0,15.460697553357628,59821.0,22.08538587848933,15.722495894909688,0.0,0.0,003700,0.6651069518716578,0.6938502673796791,0.8689839572192514,0.6400268636668905,70.66149984018273
12099003801,Census Tract 38.01; Palm Beach County; Florida,Palm Beach,2878.0,8.420320111343075,65949.0,11.954459203036052,0.0,0.0,0.0,003801,0.3482620320855615,0.4712566844919786,0.03542780748663102,0.5627938213566152,35.32004755012696
12099003802,Census Tract 38.02; Palm Beach County; Florida,Palm Beach,4656.0,28.535067873303166,65449.0,6.588072122052704,3.3287101248266295,0.0,0.0,003802,0.9298128342245989,0.30280748663101603,0.3522727272727273,0.5674949630624581,61.64401690830799
12099003901,Census Tract 39.01; Palm Beach County; Florida,Palm Beach,4671.0,16.939655172413794,59223.0,22.62142381902861,5.52228875582169,0.0,0.0,003901,0.7172459893048129,0.7012032085561497,0.5100267379679144,0.6480859637340497,65.87615777735479
12099003902,Census Tract 39.02; Palm Beach County; Florida,Palm Beach,6385.0,13.52368999058676,71513.0,34.15122684026039,4.656985478217326,0.0,0.0,003902,0.5975935828877005,0.8522727272727273,0.4445187165775401,0.4822028206850235,59.48362860621385
12099004005,Census Tract 40.05; Palm Beach County; Florida,Palm Beach,4698.0,9.678125684256624,64537.0,16.440422322775262,1.6591251885369531,0.0,0.0,004005,0.40441176470588236,0.5688502673796791,0.20588235294117646,0.5762256548018805,43.195636090690016
12099004007,Census Tract 40.07; Palm Beach County; Florida,Palm Beach,6387.0,20.55205047318612,56250.0,15.424973767051418,8.866736621196223,0.0,0.0,004007,0.8128342245989305,0.5501336898395722,0.6778074866310161,0.6883814640698456,70.8398217947659
12099004008,Census Tract 40.08; Palm Beach County; Florida,Palm Beach,6060.0,17.607260726072607,50000.0,27.27272727272727,6.422924901185771,0.0,0.0,004008,0.7352941176470589,0.7794117647058824,0.5641711229946524,0.7689724647414372,71.66287175472179
12099004009,Census Tract 40.09; Palm Beach County; Florida,Palm Beach,3606.0,8.210818307905686,65246.0,19.287020109689216,0.0,0.0,0.0,004009,0.3375668449197861,0.6296791443850267,0.03542780748663102,0.5695097380792478,38.19500759580956
12099004010,Census Tract 40.10; Palm Beach County; Florida,Palm Beach,3000.0,12.166666666666668,52600.0,13.992172211350292,5.968688845401174,0.0,0.0,004010,0.5394385026737968,0.5133689839572193,0.5401069518716578,0.7374076561450638,57.39521194643069
12099004011,Census Tract 40.11; Palm Beach County; Florida,Palm Beach,5509.0,12.822375590265164,50250.0,17.946110828673106,3.8637519064565327,0.0,0.0,004011,0.5648395721925134,0.6022727272727273,0.3983957219251337,0.7662860980523841,57.93267383270544
12099004012,Census Tract 40.12; Palm Beach County; Florida,Palm Beach,5050.0,15.386138613861386,41297.0,11.068408916218294,6.8024596464258265,0.0,0.0,004012,0.6617647058823529,0.44585561497326204,0.588903743315508,0.8831430490261921,64.82863638159337
12099004013,Census Tract 40.13; Palm Beach County; Florida,Palm Beach,3736.0,18.948863636363637,34176.0,25.317097919837643,13.039066463723998,0.0,0.0,004013,0.7733957219251337,0.7439839572192514,0.81951871657754,0.9435862995298858,81.0776083435389
12099004101,Census Tract 41.01; Palm Beach County; Florida,Palm Beach,4485.0,9.897531439217513,56429.0,14.644107351225204,2.2170361726954493,0.0,0.0,004101,0.42045454545454547,0.5300802139037433,0.2560160427807487,0.6850235057085292,46.24057706604224
12099004102,Census Tract 41.02; Palm Beach County; Florida,Palm Beach,4249.0,25.683060109289617,54135.0,16.920152091254753,0.0,0.0,0.0,004102,0.8937165775401069,0.5808823529411765,0.03542780748663102,0.7239758226997985,62.5543827641564
12099004203,Census Tract 42.03; Palm Beach County; Florida,Palm Beach,3370.0,19.020771513353115,46643.0,19.65174129353234,10.696517412935323,0.0,0.0,004203,0.7747326203208557,0.6370320855614974,0.7479946524064172,0.8059100067159167,74.80803970651087
12099004204,Census Tract 42.04; Palm Beach County; Florida,Palm Beach,2674.0,30.142109199700823,37479.0,40.60370009737098,12.4634858812074,0.0,0.0,004204,0.946524064171123,0.9124331550802139,0.804144385026738,0.9207521826729349,90.60755702244266
12099004205,Census Tract 42.05; Palm Beach County; Florida,Palm Beach,5207.0,8.742746615087041,76406.0,14.52104942037828,8.96888346552776,0.0,0.0,004205,0.3649732620320856,0.5254010695187166,0.6824866310160428,0.42243116185359303,47.205307729050475
12099004206,Census Tract 42.06; Palm Beach County; Florida,Palm Beach,2752.0,6.359011627906977,71164.0,7.968901846452867,4.761904761904762,0.0,0.0,004206,0.2286096256684492,0.3522727272727273,0.45120320855614976,0.49026192075218267,35.019142158359166
12099004207,Census Tract 42.07; Palm Beach County; Florida,Palm Beach,3016.0,8.596083637570526,42419.0,19.36685288640596,3.165735567970205,0.0,0.0,004207,0.35962566844919786,0.6330213903743316,0.3382352941176471,0.8703828072531901,51.217816572871286
12099004300,Census Tract 43; Palm Beach County; Florida,Palm Beach,6189.0,3.973294251750529,100901.0,8.586094260382641,1.2132524498366777,0.0,0.0,004300,0.10962566844919786,0.37366310160427807,0.15842245989304812,0.21289456010745467,19.284629170063532
12099004401,Census Tract 44.01; Palm Beach County; Florida,Palm Beach,4605.0,11.237205162438809,85714.0,17.86833855799373,1.4106583072100314,0.0,0.0,004401,0.4839572192513369,0.6009358288770054,0.17981283422459893,0.32639355271994624,41.50113308648449
12099004402,Census Tract 44.02; Palm Beach County; Florida,Palm Beach,4852.0,23.58050847457627,45962.0,23.728813559322035,23.062953995157383,0.0,0.0,004402,0.8622994652406417,0.7152406417112299,0.9344919786096256,0.8153122901276024,83.79287681859483
12099004500,Census Tract 45; Palm Beach County; Florida,Palm Beach,7725.0,22.220765600419508,44544.0,35.95460072963113,7.377381434941224,0.0,0.0,004500,0.8475935828877005,0.8709893048128342,0.6169786096256684,0.8381464069845533,80.42602974396914
12099004601,Census Tract 46.01; Palm Beach County; Florida,Palm Beach,4905.0,11.964761319401765,74434.0,21.44436256448047,4.053058216654384,0.0,0.0,004601,0.5280748663101604,0.6764705882352942,0.41109625668449196,0.44593687038280727,51.793068958458285
12099004602,Census Tract 46.02; Palm Beach County; Florida,Palm Beach,4967.0,16.114426836797698,61250.0,27.37752161383285,5.835734870317003,0.0,0.0,004602,0.6878342245989305,0.7807486631016043,0.5294117647058824,0.6198791134989926,66.1141598100868
12099004702,Census Tract 47.02; Palm Beach County; Florida,Palm Beach,7947.0,12.609635184949791,76392.0,28.79396984924623,0.7537688442211055,0.0,0.0,004702,0.5548128342245989,0.7941176470588235,0.10494652406417113,0.4231027535258563,48.63585186196098
12099004704,Census Tract 47.04; Palm Beach County; Florida,Palm Beach,7012.0,21.15074123000147,54167.0,31.441717791411044,6.288343558282208,0.0,0.0,004704,0.8268716577540107,0.8168449197860963,0.553475935828877,0.7233042310275353,74.94736804301061
12099004705,Census Tract 47.05; Palm Beach County; Florida,Palm Beach,5284.0,22.0666161998486,54014.0,17.35668789808917,9.394904458598727,0.0,0.0,004705,0.8462566844919787,0.5909090909090909,0.6985294117647058,0.7266621893888516,74.1722812209321
12099004706,Census Tract 47.06; Palm Beach County; Florida,Palm Beach,2930.0,13.40743313650573,42457.0,9.535864978902952,6.8354430379746836,0.0,0.0,004706,0.5935828877005348,0.40441176470588236,0.5902406417112299,0.8697112155809268,61.03058794798217
12099004810,Census Tract 48.10; Palm Beach County; Florida,Palm Beach,5154.0,7.462106490478042,54356.0,3.69447903694479,10.336239103362391,0.0,0.0,004810,0.2914438502673797,0.19385026737967914,0.7372994652406417,0.7192746809939556,44.66624228298072
12099004813,Census Tract 48.13; Palm Beach County; Florida,Palm Beach,6578.0,10.784162686797105,88519.0,9.220261809903244,2.44735344336938,0.0,0.0,004813,0.4632352941176471,0.39371657754010697,0.27740641711229946,0.3049026192075218,38.04992404190445
12099004815,Census Tract 48.15; Palm Beach County; Florida,Palm Beach,7571.0,8.503679476696648,73036.0,20.57538237436271,2.4763292061179896,0.0,0.0,004815,0.35294117647058826,0.6584224598930482,0.27941176470588236,0.4620550705171256,42.115432961144656
12099004816,Census Tract 48.16; Palm Beach County; Florida,Palm Beach,3009.0,9.903622465935529,62233.0,5.250452625226313,5.672902836451418,0.0,0.0,004816,0.42112299465240643,0.2560160427807487,0.5147058823529411,0.6051040967092008,44.36144022295407
12099004817,Census Tract 48.17; Palm Beach County; Florida,Palm Beach,3669.0,14.908694467157265,41042.0,17.5,12.598039215686274,0.0,0.0,004817,0.6463903743315508,0.5942513368983957,0.80548128342246,0.8878441907320349,71.60715119431985
12099004818,Census Tract 48.18; Palm Beach County; Florida,Palm Beach,3185.0,28.864656831302117,38929.0,12.21001221001221,12.21001221001221,0.0,0.0,004818,0.9318181818181818,0.47593582887700536,0.7967914438502673,0.9073203492276696,80.87367971182613
12099004819,Census Tract 48.19; Palm Beach County; Florida,Palm Beach,4317.0,19.689599258744497,44454.0,26.15278733654508,0.0,0.0,0.0,004819,0.7921122994652406,0.7606951871657754,0.03542780748663102,0.8401611820013432,64.41017551168461
12099004820,Census Tract 48.20; Palm Beach County; Florida,Palm Beach,4398.0,8.434563373825348,90625.0,35.51106427818757,3.371970495258166,0.0,0.0,004820,0.34959893048128343,0.8649732620320856,0.356951871657754,0.28945601074546673,44.211580107957474
12099004821,Census Tract 48.21; Palm Beach County; Florida,Palm Beach,4414.0,11.584674676944005,75664.0,25.023786869647957,2.093244529019981,0.0,0.0,004821,0.5053475935828877,0.7372994652406417,0.2446524064171123,0.43116185359301545,48.4761782483309
12099004822,Census Tract 48.22; Palm Beach County; Florida,Palm Beach,3238.0,19.394688079061147,55655.0,3.30672748004561,6.727480045610035,0.0,0.0,004822,0.7827540106951871,0.1731283422459893,0.5848930481283422,0.699798522498321,60.46655868526054
12099004823,Census Tract 48.23; Palm Beach County; Florida,Palm Beach,2704.0,3.888888888888889,91544.0,9.343715239154616,0.0,0.0,0.0,004823,0.10427807486631016,0.3963903743315508,0.03542780748663102,0.2800537273337811,18.408561177691666
12099004902,Census Tract 49.02; Palm Beach County; Florida,Palm Beach,1767.0,4.910456383593298,96920.0,2.4242424242424243,0.7272727272727273,0.0,0.0,004902,0.15240641711229946,0.1323529411764706,0.1036096256684492,0.24110141034251176,15.63753622824061
12099004903,Census Tract 49.03; Palm Beach County; Florida,Palm Beach,5137.0,21.606268364348676,56328.0,14.360313315926891,15.07832898172324,0.0,0.0,004903,0.8335561497326203,0.5220588235294118,0.8602941176470589,0.6863666890530558,74.71663859389534
12099004904,Census Tract 49.04; Palm Beach County; Florida,Palm Beach,7155.0,12.590284662229145,61612.0,28.004350190320825,5.002718868950517,0.0,0.0,004904,0.553475935828877,0.7874331550802139,0.46858288770053474,0.6138347884486233,59.536054057742525
12099005000,Census Tract 50; Palm Beach County; Florida,Palm Beach,5572.0,15.812431842966191,68654.0,21.692876965772435,6.1979648473635525,0.0,0.0,005000,0.679144385026738,0.6838235294117647,0.5494652406417112,0.5319006044325051,62.46956289078914
12099005101,Census Tract 51.01; Palm Beach County; Florida,Palm Beach,2814.0,24.442846872753417,53750.0,13.932291666666666,24.088541666666664,0.0,0.0,005101,0.8783422459893048,0.5127005347593583,0.9405080213903744,0.7296843519140362,78.79154800084757
12099005102,Census Tract 51.02; Palm Beach County; Florida,Palm Beach,7044.0,16.202038369304557,56127.0,26.00842865743528,10.596026490066226,0.0,0.0,005102,0.6918449197860963,0.7540106951871658,0.7459893048128342,0.6897246474143721,71.46828973973129
12099005202,Census Tract 52.02; Palm Beach County; Florida,Palm Beach,5649.0,24.45759368836292,66454.0,27.72602739726027,12.712328767123289,0.0,0.0,005202,0.8790106951871658,0.7840909090909091,0.8101604278074866,0.5560779046339825,78.1670126381342
12099005203,Census Tract 52.03; Palm Beach County; Florida,Palm Beach,1983.0,24.732824427480914,56821.0,20.531622364802935,21.53987167736022,0.0,0.0,005203,0.8843582887700535,0.6564171122994652,0.9258021390374331,0.6769644056413701,80.55800469036751
12099005204,Census Tract 52.04; Palm Beach County; Florida,Palm Beach,4441.0,25.827516325151993,52083.0,21.123595505617978,21.179775280898877,0.0,0.0,005204,0.8957219251336899,0.6691176470588235,0.9211229946524064,0.7434519811954332,82.50272946348086
12099005300,Census Tract 53; Palm Beach County; Florida,Palm Beach,5021.0,21.158084552193948,55868.0,6.7325979459870675,7.07493343476607,0.0,0.0,005300,0.8275401069518716,0.3094919786096257,0.6016042780748663,0.6950973807924782,65.22547702761428
12099005411,Census Tract 54.11; Palm Beach County; Florida,Palm Beach,3081.0,7.010710808179163,101667.0,0.125,2.75,0.0,0.0,005411,0.2647058823529412,0.04144385026737968,0.30213903743315507,0.2068502350570853,21.59689774927005
12099005412,Census Tract 54.12; Palm Beach County; Florida,Palm Beach,2839.0,11.80679785330948,77697.0,2.453620586475165,19.50927588270497,0.0,0.0,005412,0.5213903743315508,0.13368983957219252,0.9057486631016043,0.4016118200134318,49.67662142700661
12099005413,Census Tract 54.13; Palm Beach County; Florida,Palm Beach,1289.0,3.95655546935609,128320.0,0.0,1.0767160161507403,0.0,0.0,005413,0.10828877005347594,0.02038770053475936,0.1410427807486631,0.09402283411685695,9.440617110144627
12099005501,Census Tract 55.01; Palm Beach County; Florida,Palm Beach,4325.0,13.845083487940633,62685.0,8.836206896551724,2.6400862068965516,0.0,0.0,005501,0.606951871657754,0.38235294117647056,0.2927807486631016,0.5983881799865681,49.74851226283297
12099005502,Census Tract 55.02; Palm Beach County; Florida,Palm Beach,6421.0,9.679437060203284,68727.0,8.20446735395189,3.479381443298969,0.0,0.0,005502,0.4050802139037433,0.3589572192513369,0.36764705882352944,0.5285426460711887,41.30614703907084
12099005601,Census Tract 56.01; Palm Beach County; Florida,Palm Beach,6275.0,25.227091633466134,49543.0,27.81774580335731,5.39568345323741,0.0,0.0,005601,0.8890374331550802,0.785427807486631,0.5026737967914439,0.7770315648085964,76.86416070793663
12099005602,Census Tract 56.02; Palm Beach County; Florida,Palm Beach,1771.0,9.712027103331453,108527.0,1.3963480128893664,3.866809881847476,0.0,0.0,005602,0.40641711229946526,0.08957219251336898,0.3997326203208556,0.16789791806581597,29.40073910997943
12099005702,Census Tract 57.02; Palm Beach County; Florida,Palm Beach,7970.0,17.202938940967822,60021.0,15.131056393963464,10.127084988085782,1.0,1.0,005702,0.7232620320855615,0.5407754010695187,0.7292780748663101,0.6359973136333109,67.05149707480525
12099005703,Census Tract 57.03; Palm Beach County; Florida,Palm Beach,2747.0,38.98798689479432,43598.0,16.05839416058394,2.18978102189781,0.0,0.0,005703,0.9806149732620321,0.5628342245989305,0.2533422459893048,0.8535930154466085,72.61998865117818
12099005704,Census Tract 57.04; Palm Beach County; Florida,Palm Beach,1773.0,13.59278059785674,42675.0,14.039125431530492,12.658227848101266,0.0,0.0,005704,0.6002673796791443,0.5167112299465241,0.8081550802139037,0.8623237071860309,67.75449553409496
12099005807,Census Tract 58.07; Palm Beach County; Florida,Palm Beach,4299.0,10.308788598574822,63547.0,5.24948024948025,14.293139293139292,0.0,0.0,005807,0.4391711229946524,0.2553475935828877,0.8462566844919787,0.5869711215580927,51.33835291244529
12099005810,Census Tract 58.10; Palm Beach County; Florida,Palm Beach,1667.0,12.41751649670066,38550.0,15.919923736892278,14.680648236415632,0.0,0.0,005810,0.5474598930481284,0.5621657754010695,0.8536096256684492,0.9106783075889859,68.42746989509523
12099005811,Census Tract 58.11; Palm Beach County; Florida,Palm Beach,3719.0,4.167787039526755,72041.0,5.555555555555555,8.23293172690763,0.0,0.0,005811,0.11898395721925134,0.26938502673796794,0.6497326203208557,0.4761584956346541,32.664881142639615
12099005812,Census Tract 58.12; Palm Beach County; Florida,Palm Beach,4847.0,13.08025582834743,59192.0,9.438079650845609,5.128205128205128,0.0,0.0,005812,0.5721925133689839,0.40040106951871657,0.47961229946524064,0.648757555406313,53.46311902256476
12099005813,Census Tract 58.13; Palm Beach County; Florida,Palm Beach,6081.0,11.05081401085348,63695.0,12.31696813092162,0.0,0.0,0.0,005813,0.48061497326203206,0.4799465240641711,0.03542780748663102,0.5849563465413029,41.23121249232339
12099005814,Census Tract 58.14; Palm Beach County; Florida,Palm Beach,4644.0,18.755383290267012,64671.0,23.110151187904968,6.407487401007919,0.0,0.0,005814,0.7653743315508021,0.7078877005347594,0.5635026737967914,0.5735392881128274,67.51356651091966
12099005815,Census Tract 58.15; Palm Beach County; Florida,Palm Beach,5186.0,4.840887174541948,58915.0,21.36137244050913,2.7670171555063643,0.0,0.0,005815,0.1497326203208556,0.6744652406417112,0.30414438502673796,0.652451309603761,38.61052351827843
12099005818,Census Tract 58.18; Palm Beach County; Florida,Palm Beach,3879.0,18.17478731631864,79077.0,6.22524052065648,6.5647990945104695,0.0,0.0,005818,0.7506684491978609,0.285427807486631,0.5748663101604278,0.38213566151779715,54.87533355121156
12099005819,Census Tract 58.19; Palm Beach County; Florida,Palm Beach,3805.0,2.78580814717477,98060.0,11.090047393364928,0.7582938388625593,0.0,0.0,005819,0.05614973262032086,0.446524064171123,0.10762032085561497,0.23035594358629952,17.935995877073584
12099005820,Census Tract 58.20; Palm Beach County; Florida,Palm Beach,6672.0,5.620503597122302,102656.0,10.632183908045976,2.2988505747126435,0.0,0.0,005820,0.1891711229946524,0.4318181818181818,0.26336898395721925,0.1994627266621894,25.45984276853791
12099005821,Census Tract 58.21; Palm Beach County; Florida,Palm Beach,5267.0,6.852248394004283,72092.0,5.1072961373390555,9.184549356223176,0.0,0.0,005821,0.2553475935828877,0.24866310160427807,0.6905080213903744,0.47548690396239085,38.50706428245638
12099005916,Census Tract 59.16; Palm Beach County; Florida,Palm Beach,7364.0,11.909288430200975,77222.0,11.64021164021164,0.9768009768009768,0.0,0.0,005916,0.5240641711229946,0.4625668449197861,0.1303475935828877,0.41235728676964406,41.06800135036614
12099005917,Census Tract 59.17; Palm Beach County; Florida,Palm Beach,4868.0,6.511914543960559,104091.0,4.071246819338422,1.0814249363867685,0.0,0.0,005917,0.23663101604278075,0.2092245989304813,0.14171122994652408,0.1900604432505037,20.285166084261412
12099005918,Census Tract 59.18; Palm Beach County; Florida,Palm Beach,5493.0,2.494083378845804,105833.0,3.308823529411765,0.8403361344537815,0.0,0.0,005918,0.047459893048128345,0.17379679144385027,0.1143048128342246,0.17897918065815985,11.240011420649829
12099005921,Census Tract 59.21; Palm Beach County; Florida,Palm Beach,7914.0,8.17110655737705,86055.0,3.599735799207398,3.6988110964332894,0.0,0.0,005921,0.33288770053475936,0.18850267379679145,0.3810160427807487,0.32303559435862994,31.166594240113778
12099005922,Census Tract 59.22; Palm Beach County; Florida,Palm Beach,5465.0,6.45928636779506,68255.0,11.124644742184328,2.3142509135200973,0.0,0.0,005922,0.232620320855615,0.4485294117647059,0.2647058823529412,0.5379449294828744,34.32841730623504
12099005923,Census Tract 59.23; Palm Beach County; Florida,Palm Beach,3481.0,6.779661016949152,70625.0,0.8964143426294822,5.278884462151394,0.0,0.0,005923,0.2520053475935829,0.06550802139037433,0.4913101604278075,0.49630624580255206,31.142702456157995
12099005926,Census Tract 59.26; Palm Beach County; Florida,Palm Beach,5212.0,9.094397544128933,57652.0,3.4857571214392804,2.1739130434782608,0.0,0.0,005926,0.3830213903743315,0.18114973262032086,0.25133689839572193,0.6628609805238415,37.22780784577095
12099005930,Census Tract 59.30; Palm Beach County; Florida,Palm Beach,4224.0,7.078598484848484,58998.0,10.477515067222996,5.656003708854891,0.0,0.0,005930,0.26938502673796794,0.42580213903743314,0.5127005347593583,0.6507723304231028,42.5609011539166
12099005931,Census Tract 59.31; Palm Beach County; Florida,Palm Beach,2659.0,6.13012410680707,56071.0,2.280311457174639,8.676307007786429,0.0,0.0,005931,0.21858288770053477,0.12901069518716576,0.6671122994652406,0.6917394224311618,38.50056384969276
12099005933,Census Tract 59.33; Palm Beach County; Florida,Palm Beach,2599.0,20.27702962677953,34107.0,8.351063829787234,10.797872340425531,0.0,0.0,005933,0.80548128342246,0.3649732620320856,0.7506684491978609,0.9442578912021491,73.41724338554032
12099005934,Census Tract 59.34; Palm Beach County; Florida,Palm Beach,4599.0,7.479886931941726,70938.0,4.293455606502709,2.3759899958315964,0.0,0.0,005934,0.29545454545454547,0.21858288770053477,0.27205882352941174,0.4922766957689725,31.476549958160206
12099005936,Census Tract 59.36; Palm Beach County; Florida,Palm Beach,2663.0,10.863723608445298,47943.0,6.795511221945137,26.55860349127182,0.0,0.0,005936,0.4659090909090909,0.31283422459893045,0.9618983957219251,0.7881128274009402,59.893272590799555
12099005937,Census Tract 59.37; Palm Beach County; Florida,Palm Beach,1361.0,6.53930933137399,191250.0,4.289940828402367,2.366863905325444,0.0,0.0,005937,0.23796791443850268,0.2179144385026738,0.27072192513368987,0.016118200134318333,19.613807852953748
12099005938,Census Tract 59.38; Palm Beach County; Florida,Palm Beach,3913.0,7.717948717948718,69469.0,0.0,1.5012106537530263,0.0,0.0,005938,0.3068181818181818,0.02038770053475936,0.1891711229946524,0.5151108126259234,26.766119995833982
12099005939,Census Tract 59.39; Palm Beach County; Florida,Palm Beach,1353.0,10.864745011086471,32727.0,17.558886509635975,17.987152034261243,0.0,0.0,005939,0.46657754010695185,0.5962566844919787,0.8903743315508021,0.9536601746138348,67.46892541741039
12099005940,Census Tract 59.40; Palm Beach County; Florida,Palm Beach,2054.0,17.672833495618306,37036.0,11.448275862068966,8.758620689655173,0.0,0.0,005940,0.7372994652406417,0.4565508021390374,0.6737967914438503,0.926124916051041,70.62142880230424
12099005942,Census Tract 59.42; Palm Beach County; Florida,Palm Beach,2881.0,2.207505518763797,141930.0,0.6603773584905661,6.132075471698113,0.0,0.0,005942,0.0374331550802139,0.05414438502673797,0.5481283422459893,0.0651443922095366,14.845668592853833
12099005943,Census Tract 59.43; Palm Beach County; Florida,Palm Beach,2137.0,14.17875526438933,36601.0,9.556962025316457,21.645569620253163,0.0,0.0,005943,0.6169786096256684,0.40641711229946526,0.9271390374331551,0.9288112827400941,69.92649303448103
12099005944,Census Tract 59.44; Palm Beach County; Florida,Palm Beach,2601.0,15.14801999231065,36441.0,8.47457627118644,5.932203389830509,0.0,0.0,005944,0.6537433155080213,0.3696524064171123,0.5374331550802139,0.9301544660846206,62.894533171959786
12099005945,Census Tract 59.45; Palm Beach County; Florida,Palm Beach,4475.0,6.70391061452514,68111.0,5.47008547008547,2.9914529914529915,0.0,0.0,005945,0.24866310160427807,0.2667112299465241,0.3195187165775401,0.5399597044996642,32.47031708464569
12099005946,Census Tract 59.46; Palm Beach County; Florida,Palm Beach,9798.0,7.325557601800696,125225.0,6.7353951890034365,3.5738831615120272,0.0,0.0,005946,0.2827540106951872,0.31016042780748665,0.3716577540106952,0.10342511752854265,27.015026414741982
12099005947,Census Tract 59.47; Palm Beach County; Florida,Palm Beach,4343.0,2.3853635942566003,89485.0,2.03334688897926,5.815372102480683,0.0,0.0,005947,0.042112299465240643,0.11764705882352941,0.5280748663101604,0.2988582941571524,20.576096364426473
12099005949,Census Tract 59.49; Palm Beach County; Florida,Palm Beach,3659.0,1.940420880021864,104929.0,2.9729729729729732,2.5,0.0,0.0,005949,0.03208556149732621,0.1537433155080214,0.2804144385026738,0.1826729348556078,13.620036237219107
12099005950,Census Tract 59.50; Palm Beach County; Florida,Palm Beach,4026.0,5.885350318471338,104455.0,6.306306306306306,0.4504504504504504,0.0,0.0,005950,0.2052139037433155,0.2907754010695187,0.08021390374331551,0.18535930154466085,19.335528276882524
12099005951,Census Tract 59.51; Palm Beach County; Florida,Palm Beach,4751.0,7.345821932224794,65086.0,18.12332439678284,2.4664879356568368,0.0,0.0,005951,0.28475935828877,0.6062834224598931,0.27807486631016043,0.5708529214237743,40.49459853542736
12099005952,Census Tract 59.52; Palm Beach County; Florida,Palm Beach,1239.0,5.86734693877551,70573.0,2.302158273381295,5.755395683453238,0.0,0.0,005952,0.2038770053475936,0.12967914438502673,0.5220588235294118,0.49697783747481533,31.129396321688823
12099005953,Census Tract 59.53; Palm Beach County; Florida,Palm Beach,4473.0,11.983009166107758,73420.0,8.610201216658869,1.6378100140383716,0.0,0.0,005953,0.5307486631016043,0.37433155080213903,0.20320855614973263,0.45533915379449297,41.88753173899147
12099005954,Census Tract 59.54; Palm Beach County; Florida,Palm Beach,4346.0,6.672802577082375,76205.0,0.8490566037735849,2.1226415094339623,0.0,0.0,005954,0.2479946524064171,0.06216577540106952,0.24933155080213903,0.42511752854264606,24.65208319117378
12099005955,Census Tract 59.55; Palm Beach County; Florida,Palm Beach,4578.0,7.121013543031891,99151.0,1.282051282051282,2.051282051282051,0.0,0.0,005955,0.27205882352941174,0.08088235294117647,0.24064171122994651,0.22364002686366688,21.78563476187227
12099005957,Census Tract 59.57; Palm Beach County; Florida,Palm Beach,3901.0,11.689310433222252,56281.0,1.8538713195201744,8.942202835332607,0.0,0.0,005957,0.516042780748663,0.10695187165775401,0.68048128342246,0.6877098723975823,50.14457177950244
12099005958,Census Tract 59.58; Palm Beach County; Florida,Palm Beach,1667.0,3.5075653370013753,78200.0,1.7133956386292832,2.1806853582554515,0.0,0.0,005958,0.08890374331550802,0.10026737967914438,0.2520053475935829,0.3948959032907992,18.499522343890852
12099005959,Census Tract 59.59; Palm Beach County; Florida,Palm Beach,3529.0,7.540702656383891,49639.0,6.4915758176412295,5.450941526263628,0.0,0.0,005959,0.30013368983957217,0.29812834224598933,0.5053475935828877,0.7750167897918065,43.57520210599656
12099005960,Census Tract 59.60; Palm Beach County; Florida,Palm Beach,5428.0,3.188352377441946,100625.0,6.290417401528512,0.8818342151675485,0.0,0.0,005960,0.07352941176470588,0.29010695187165775,0.11898395721925134,0.21490933512424445,15.421181354891306
12099005961,Census Tract 59.61; Palm Beach County; Florida,Palm Beach,2777.0,15.700396110911056,125092.0,16.41086186540732,2.361275088547816,0.0,0.0,005961,0.6751336898395722,0.5675133689839572,0.2700534759358289,0.10409670920080591,45.83861867599474
12099006005,Census Tract 60.05; Palm Beach County; Florida,Palm Beach,3850.0,4.177545691906006,75993.0,8.231884057971014,4.115942028985507,0.0,0.0,006005,0.1196524064171123,0.35962566844919786,0.4164438502673797,0.4271323035594359,28.85013270220476
12099006006,Census Tract 60.06; Palm Beach County; Florida,Palm Beach,3334.0,11.61813269288502,64433.0,2.525773195876289,2.061855670103093,0.0,0.0,006006,0.5080213903743316,0.13636363636363635,0.24131016042780748,0.5782404298186703,39.43914014717555
12099006007,Census Tract 60.07; Palm Beach County; Florida,Palm Beach,4185.0,7.598708716165881,65250.0,16.312997347480106,12.73209549071618,0.0,0.0,006007,0.30213903743315507,0.5668449197860963,0.8121657754010695,0.568502350570853,51.03582241248659
12099006008,Census Tract 60.08; Palm Beach County; Florida,Palm Beach,2536.0,4.534700315457414,104858.0,1.5825169555388092,2.260738507912585,0.0,0.0,006008,0.13302139037433156,0.09558823529411764,0.2606951871657754,0.18334452652787106,16.113414594728546
12099006009,Census Tract 60.09; Palm Beach County; Florida,Palm Beach,2207.0,9.78704123244223,51778.0,5.241935483870968,6.532258064516129,0.0,0.0,006009,0.41109625668449196,0.25467914438502676,0.5728609625668449,0.7515110812625924,48.024874031668965
12099006010,Census Tract 60.10; Palm Beach County; Florida,Palm Beach,3560.0,4.01685393258427,72692.0,15.7856093979442,0.0,0.0,0.0,006010,0.11096256684491979,0.5588235294117647,0.03542780748663102,0.46809939556749497,25.685517323114603
12099006011,Census Tract 60.11; Palm Beach County; Florida,Palm Beach,3820.0,5.602094240837696,69755.0,4.2622950819672125,3.8032786885245904,0.0,0.0,006011,0.18783422459893048,0.2159090909090909,0.39371657754010697,0.5110812625923439,29.927507604788055
12099006012,Census Tract 60.12; Palm Beach County; Florida,Palm Beach,5653.0,12.26024821361414,72879.0,11.50190114068441,6.083650190114068,0.0,0.0,006012,0.5434491978609626,0.4592245989304813,0.5421122994652406,0.4640698455339154,51.04610279303125
12099006100,Census Tract 61; Palm Beach County; Florida,Palm Beach,4320.0,11.752433936022252,44050.0,21.8645948945616,9.933407325194228,1.0,1.0,006100,0.5187165775401069,0.6885026737967914,0.7239304812834224,0.847548690396239,65.94830001113334
12099006201,Census Tract 62.01; Palm Beach County; Florida,Palm Beach,5487.0,14.65911167976604,75074.0,21.794061907770057,3.663929248262792,1.0,1.0,006201,0.641042780748663,0.6864973262032086,0.37767379679144386,0.4419073203492277,55.76328009682412
12099006202,Census Tract 62.02; Palm Beach County; Florida,Palm Beach,2553.0,4.986149584487535,80313.0,5.007052186177715,3.244005641748942,0.0,0.0,006202,0.1590909090909091,0.24598930481283424,0.3462566844919786,0.36937541974479515,25.596064544628526
12099006203,Census Tract 62.03; Palm Beach County; Florida,Palm Beach,2134.0,11.26425855513308,52194.0,11.66827386692382,11.186113789778208,0.0,0.0,006203,0.48663101604278075,0.46390374331550804,0.7667112299465241,0.7400940228341168,58.87942056363421
12099006301,Census Tract 63.01; Palm Beach County; Florida,Palm Beach,2875.0,4.139130434782609,67179.0,1.566265060240964,3.91566265060241,0.0,0.0,006301,0.11697860962566844,0.09425133689839572,0.40441176470588236,0.5507051712558765,25.666509842229836
12099006302,Census Tract 63.02; Palm Beach County; Florida,Palm Beach,2910.0,0.65478355765733,103750.0,6.233303650934995,0.0,0.0,0.0,006302,0.0066844919786096255,0.28609625668449196,0.03542780748663102,0.1930826057756884,10.559513078080613
12099006401,Census Tract 64.01; Palm Beach County; Florida,Palm Beach,2034.0,16.674913409203366,79985.0,0.0,7.6076993583868,0.0,0.0,006401,0.7065508021390374,0.02038770053475936,0.6296791443850267,0.37206178643384824,48.70460471263419
12099006402,Census Tract 64.02; Palm Beach County; Florida,Palm Beach,3791.0,3.308431163287086,84917.0,2.8744326777609683,7.564296520423601,0.0,0.0,006402,0.07954545454545454,0.1483957219251337,0.6263368983957219,0.33176628609805237,25.311796310196343
12099006501,Census Tract 65.01; Palm Beach County; Florida,Palm Beach,1356.0,14.26448736998514,70707.0,5.306799336650083,4.975124378109453,0.0,0.0,006501,0.6229946524064172,0.2600267379679144,0.4659090909090909,0.4949630624580255,49.337763922957315
12099006502,Census Tract 65.02; Palm Beach County; Florida,Palm Beach,3813.0,11.38211382113821,113630.0,6.047278724573942,5.222649807586586,0.0,0.0,006502,0.4919786096256685,0.2820855614973262,0.4872994652406417,0.14036265950302215,37.87409810984654
12099006602,Census Tract 66.02; Palm Beach County; Florida,Palm Beach,3041.0,12.747035573122533,119879.0,0.0,0.9456264775413712,0.0,0.0,006602,0.5614973262032086,0.02038770053475936,0.12767379679144386,0.11820013431833445,27.785125681019096
12099006604,Census Tract 66.04; Palm Beach County; Florida,Palm Beach,5199.0,9.347996857816185,113750.0,10.261707988980715,4.0633608815427,0.0,0.0,006604,0.39237967914438504,0.42045454545454547,0.41310160427807485,0.13935527199462727,35.15341560032036
12099006606,Census Tract 66.06; Palm Beach County; Florida,Palm Beach,4340.0,11.653051417587696,98237.0,4.11910669975186,2.531017369727047,0.0,0.0,006606,0.5113636363636364,0.21122994652406418,0.2840909090909091,0.229012760241773,34.941217771680385
12099006607,Census Tract 66.07; Palm Beach County; Florida,Palm Beach,5761.0,4.775963876345953,83484.0,2.81986531986532,5.934343434343434,0.0,0.0,006607,0.14572192513368984,0.1463903743315508,0.5381016042780749,0.34116856950973806,26.342087967734866
12099006700,Census Tract 67; Palm Beach County; Florida,Palm Beach,2952.0,12.589073634204276,68375.0,18.219895287958117,5.445026178010471,0.0,0.0,006700,0.5528074866310161,0.6096256684491979,0.5046791443850267,0.5372733378106112,55.143862478137365
12099006801,Census Tract 68.01; Palm Beach County; Florida,Palm Beach,7068.0,14.004629629629632,59966.0,32.38928939237899,7.518022657054583,0.0,0.0,006801,0.6116310160427807,0.8282085561497327,0.6243315508021391,0.6366689053055742,66.24942088686015
12099006802,Census Tract 68.02; Palm Beach County; Florida,Palm Beach,3332.0,15.56240369799692,62292.0,25.07433102081269,6.640237859266601,0.0,0.0,006802,0.6691176470588235,0.7393048128342246,0.5795454545454546,0.6037609133646743,65.21692949724002
12099006906,Census Tract 69.06; Palm Beach County; Florida,Palm Beach,5307.0,14.829470510646315,78090.0,12.303185646283412,8.751373123398022,0.0,0.0,006906,0.6443850267379679,0.47794117647058826,0.6724598930481284,0.3982538616521155,56.74849969293536
12099006907,Census Tract 69.07; Palm Beach County; Florida,Palm Beach,3383.0,16.636851520572453,68952.0,6.575963718820861,6.462585034013606,0.0,0.0,006907,0.7038770053475936,0.3014705882352941,0.5688502673796791,0.5231699126930826,56.02489558006486
12099006908,Census Tract 69.08; Palm Beach County; Florida,Palm Beach,4067.0,20.288753799392097,50187.0,12.969634585692228,11.52856407617087,0.0,0.0,006908,0.8061497326203209,0.4946524064171123,0.7780748663101604,0.7676292813969107,73.05312038729652
12099006909,Census Tract 69.09; Palm Beach County; Florida,Palm Beach,2630.0,4.942965779467681,75714.0,6.885758998435055,2.8169014084507045,0.0,0.0,006909,0.1557486631016043,0.3165106951871658,0.3068181818181818,0.4298186702484889,27.292897469140904
12099006910,Census Tract 69.10; Palm Beach County; Florida,Palm Beach,2395.0,7.682672233820459,42545.0,10.912052117263844,11.400651465798044,0.0,0.0,006910,0.3054812834224599,0.4431818181818182,0.7747326203208557,0.8670248488918737,53.91803708478935
12099006911,Census Tract 69.11; Palm Beach County; Florida,Palm Beach,3289.0,29.034287511796165,52132.0,11.933333333333334,6.866666666666667,0.0,0.0,006911,0.9351604278074866,0.47058823529411764,0.5922459893048129,0.7414372061786434,73.49184572785094
12099006912,Census Tract 69.12; Palm Beach County; Florida,Palm Beach,4559.0,4.293935369632581,93750.0,3.5394053798961775,2.737140160453044,0.0,0.0,006912,0.125,0.1824866310160428,0.3014705882352941,0.2635997313633311,19.95113901229336
12099007005,Census Tract 70.05; Palm Beach County; Florida,Palm Beach,4037.0,11.428571428571429,160208.0,0.0,0.9830693610049154,0.0,0.0,007005,0.49732620320855614,0.02038770053475936,0.13168449197860962,0.035594358629952985,23.646379151208688
12099007006,Census Tract 70.06; Palm Beach County; Florida,Palm Beach,4234.0,16.15493623051488,105675.0,0.603808639108221,0.0,0.0,0.0,007006,0.6898395721925134,0.052807486631016046,0.03542780748663102,0.17998656816655473,32.95802013338457
12099007007,Census Tract 70.07; Palm Beach County; Florida,Palm Beach,4319.0,5.146716348393107,152112.0,2.208955223880597,1.9701492537313432,0.0,0.0,007007,0.16711229946524064,0.12566844919786097,0.23529411764705882,0.049026192075218265,14.884267157012388
12099007008,Census Tract 70.08; Palm Beach County; Florida,Palm Beach,4757.0,3.706277507528376,186250.0,1.8979057591623036,2.356020942408377,0.0,0.0,007008,0.09692513368983957,0.11096256684491979,0.26871657754010697,0.017461383478844864,11.819815904871016
12099007009,Census Tract 70.09; Palm Beach County; Florida,Palm Beach,3597.0,5.982192543127435,180806.0,0.0,1.5384615384615383,0.0,0.0,007009,0.21056149732620322,0.02038770053475936,0.19518716577540107,0.020819341840161182,13.15034405605456
12099007010,Census Tract 70.10; Palm Beach County; Florida,Palm Beach,2145.0,8.298368298368299,80208.0,1.8047579983593112,3.0352748154224773,0.0,0.0,007010,0.34157754010695185,0.10494652406417113,0.32286096256684493,0.3707186030893217,29.633623398684826
12099007011,Census Tract 70.11; Palm Beach County; Florida,Palm Beach,2926.0,6.630211893369788,143750.0,1.7391304347826086,3.076923076923077,0.0,0.0,007011,0.24532085561497327,0.10160427807486631,0.32954545454545453,0.061114842175957015,19.65812572052449
12099007012,Census Tract 70.12; Palm Beach County; Florida,Palm Beach,1954.0,13.357215967246674,96146.0,0.0,6.1187214611872145,0.0,0.0,007012,0.589572192513369,0.02038770053475936,0.5447860962566845,0.24647414372061788,39.815846510776
12099007013,Census Tract 70.13; Palm Beach County; Florida,Palm Beach,5121.0,5.223880597014925,103971.0,1.3048016701461378,1.2004175365344467,0.0,0.0,007013,0.16911764705882354,0.08288770053475936,0.15508021390374332,0.19073203492276697,15.338704869578335
12099007100,Census Tract 71; Palm Beach County; Florida,Palm Beach,3611.0,,,,,0.0,0.0,007100,,,,,
12099007202,Census Tract 72.02; Palm Beach County; Florida,Palm Beach,5649.0,9.103866025298414,100477.0,3.0318602261048304,2.004110996916752,0.0,0.0,007202,0.3836898395721925,0.15842245989304812,0.23729946524064172,0.21759570181329752,27.61394612182745
12099007204,Census Tract 72.04; Palm Beach County; Florida,Palm Beach,2824.0,19.723796033994333,51904.0,7.450693937180423,8.911614317019723,0.0,0.0,007204,0.7927807486631016,0.3342245989304813,0.6798128342245989,0.748153122901276,66.9550410676512
12099007205,Census Tract 72.05; Palm Beach County; Florida,Palm Beach,2819.0,7.1301880099326,63578.0,10.267471958584986,8.02415875754961,0.0,0.0,007205,0.27406417112299464,0.42112299465240643,0.6437165775401069,0.5862995298858295,43.98534888648665
12099007206,Census Tract 72.06; Palm Beach County; Florida,Palm Beach,2297.0,11.972137570744447,124837.0,0.9603841536614646,0.2400960384153661,0.0,0.0,007206,0.5294117647058824,0.07018716577540107,0.07152406417112299,0.10476830087306917,26.106061204627164
12099007207,Census Tract 72.07; Palm Beach County; Florida,Palm Beach,2371.0,9.827077182623366,67191.0,6.682966585167074,1.2224938875305624,0.0,0.0,007207,0.41310160427807485,0.3054812834224599,0.16042780748663102,0.5500335795836132,36.84291758097707
12099007208,Census Tract 72.08; Palm Beach County; Florida,Palm Beach,1800.0,17.944444444444443,36350.0,15.45253863134658,6.73289183222958,0.0,0.0,007208,0.7453208556149733,0.5508021390374331,0.5855614973262032,0.9308260577568838,71.15662810700934
12099007301,Census Tract 73.01; Palm Beach County; Florida,Palm Beach,4581.0,7.288246881155613,75307.0,3.0315789473684207,6.315789473684211,0.0,0.0,007301,0.28141711229946526,0.15775401069518716,0.55548128342246,0.43720617864338485,34.26551394719925
12099007302,Census Tract 73.02; Palm Beach County; Florida,Palm Beach,5570.0,11.951833213515457,78938.0,8.586074327210595,4.784280222127296,0.0,0.0,007302,0.5267379679144385,0.3729946524064171,0.45454545454545453,0.3828072531900604,45.27646591941619
12099007407,Census Tract 74.07; Palm Beach County; Florida,Palm Beach,2058.0,2.818270165208941,149688.0,0.0,1.0009099181073704,0.0,0.0,007407,0.05748663101604278,0.02038770053475936,0.13435828877005349,0.05439892545332438,6.482363535804455
12099007410,Census Tract 74.10; Palm Beach County; Florida,Palm Beach,1820.0,9.010989010989013,132606.0,1.8779342723004695,2.629107981220657,0.0,0.0,007410,0.37967914438502676,0.1089572192513369,0.2914438502673797,0.08529214237743452,24.901030013324092
12099007412,Census Tract 74.12; Palm Beach County; Florida,Palm Beach,1246.0,11.958266452648475,152829.0,0.0,0.0,0.0,0.0,007412,0.5274064171122995,0.02038770053475936,0.03542780748663102,0.04633982538616521,23.139363352643095
12099007414,Census Tract 74.14; Palm Beach County; Florida,Palm Beach,2203.0,5.628688152519292,135050.0,0.0,1.7128874388254487,0.0,0.0,007414,0.18983957219251338,0.02038770053475936,0.20989304812834225,0.08260577568838147,13.851313374730198
12099007420,Census Tract 74.20; Palm Beach County; Florida,Palm Beach,3365.0,4.457652303120357,124286.0,3.769140164899882,2.1201413427561837,0.0,0.0,007420,0.12901069518716576,0.19719251336898397,0.2479946524064171,0.10678307588985897,16.199832640791833
12099007421,Census Tract 74.21; Palm Beach County; Florida,Palm Beach,3772.0,3.1813361611876987,126250.0,0.0470145745181006,2.209685002350729,0.0,0.0,007421,0.07219251336898395,0.04077540106951872,0.25467914438502676,0.09805238415043653,10.757839126858999
12099007501,Census Tract 75.01; Palm Beach County; Florida,Palm Beach,3718.0,12.802582033351264,110673.0,0.547945205479452,3.6712328767123297,0.0,0.0,007501,0.5635026737967914,0.05113636363636364,0.3783422459893048,0.15782404298186703,34.28616000402236
12099007504,Census Tract 75.04; Palm Beach County; Florida,Palm Beach,3029.0,13.832948167712116,77643.0,3.7267080745341614,2.5409373235460193,0.0,0.0,007504,0.6056149732620321,0.1945187165775401,0.28475935828877,0.40362659503022164,41.88269232841192
12099007505,Census Tract 75.05; Palm Beach County; Florida,Palm Beach,3446.0,8.067324434126522,112701.0,0.0,4.241585984324574,0.0,0.0,007505,0.32687165775401067,0.02038770053475936,0.42245989304812837,0.14573539288112827,24.846526039440747
12099007603,Census Tract 76.03; Palm Beach County; Florida,Palm Beach,2299.0,4.658249891162386,138523.0,2.214022140221402,1.107011070110701,0.0,0.0,007603,0.1410427807486631,0.12633689839572193,0.14505347593582887,0.0745466756212223,12.560452229001987
12099007604,Census Tract 76.04; Palm Beach County; Florida,Palm Beach,7044.0,3.4781374219193637,131950.0,0.8354522339266255,2.5426807119505996,0.0,0.0,007604,0.0855614973262032,0.060828877005347594,0.285427807486631,0.08663532572196105,12.080300097326923
12099007605,Census Tract 76.05; Palm Beach County; Florida,Palm Beach,3622.0,5.549420209828824,141339.0,1.87125748502994,1.4221556886227544,0.0,0.0,007605,0.18649732620320855,0.10828877005347594,0.1804812834224599,0.0671591672263264,14.578477462173586
12099007610,Census Tract 76.10; Palm Beach County; Florida,Palm Beach,4622.0,10.098743267504489,102072.0,0.0,1.533923303834808,0.0,0.0,007610,0.42914438502673796,0.02038770053475936,0.1945187165775401,0.2028206850235057,25.520317443785622
12099007612,Census Tract 76.12; Palm Beach County; Florida,Palm Beach,6038.0,5.342724617763271,95948.0,2.1233156390363415,6.737443854634545,0.0,0.0,007612,0.17379679144385027,0.12032085561497326,0.5862299465240641,0.24848891873740767,26.05266607528291
12099007613,Census Tract 76.13; Palm Beach County; Florida,Palm Beach,3765.0,4.090305444887118,62063.0,1.8791264601320468,4.773996952767902,0.0,0.0,007613,0.11564171122994653,0.10962566844919786,0.4532085561497326,0.6098052384150436,28.078457709477345
12099007614,Census Tract 76.14; Palm Beach County; Florida,Palm Beach,4539.0,9.879839786381844,89120.0,3.2891731384193696,6.3499314755596155,0.0,0.0,007614,0.4184491978609626,0.17245989304812834,0.5568181818181818,0.30087306917394224,37.34099079524355
12099007615,Census Tract 76.15; Palm Beach County; Florida,Palm Beach,3708.0,14.64401294498382,63350.0,5.5045871559633035,3.9935240151106313,0.0,0.0,007615,0.6403743315508021,0.268048128342246,0.40842245989304815,0.590329079919409,50.95096662512615
12099007616,Census Tract 76.16; Palm Beach County; Florida,Palm Beach,3167.0,5.4340622929092115,84688.0,0.5076142131979695,18.401015228426395,0.0,0.0,007616,0.178475935828877,0.04946524064171123,0.8943850267379679,0.33445265278710545,32.70509583649078
12099007619,Census Tract 76.19; Palm Beach County; Florida,Palm Beach,1498.0,6.797583081570997,54866.0,3.231017770597738,31.98707592891761,0.0,0.0,007619,0.2540106951871658,0.1697860962566845,0.981951871657754,0.712558764271323,47.44636245120187
12099007620,Census Tract 76.20; Palm Beach County; Florida,Palm Beach,3250.0,19.799417664186347,38224.0,4.619332763045338,11.46278870829769,0.0,0.0,007620,0.7941176470588235,0.23529411764705882,0.7760695187165776,0.9153794492948287,70.29956759552223
12099007621,Census Tract 76.21; Palm Beach County; Florida,Palm Beach,1870.0,0.8328375966686495,105833.0,0.0,1.8656716417910448,0.0,0.0,007621,0.010026737967914439,0.02038770053475936,0.22459893048128343,0.17897918065815985,8.880385752200631
12099007622,Census Tract 76.22; Palm Beach County; Florida,Palm Beach,4515.0,21.881533101045296,61000.0,1.2392755004766445,35.79599618684461,0.0,0.0,007622,0.8409090909090909,0.07887700534759358,0.9893048128342246,0.6242444593687039,67.48488918737408
12099007623,Census Tract 76.23; Palm Beach County; Florida,Palm Beach,4075.0,1.509433962264151,112083.0,1.207937877480587,1.207937877480587,0.0,0.0,007623,0.020053475935828877,0.07820855614973261,0.15775401069518716,0.14976494291470785,8.516689232625707
12099007624,Census Tract 76.24; Palm Beach County; Florida,Palm Beach,2770.0,11.04693140794224,70238.0,0.0,3.3007334963325183,0.0,0.0,007624,0.4799465240641711,0.02038770053475936,0.34959893048128343,0.5043653458697113,36.68490050028193
12099007705,Census Tract 77.05; Palm Beach County; Florida,Palm Beach,4284.0,7.915012841466263,101984.0,1.5317286652078774,1.0940919037199124,0.0,0.0,007705,0.3195187165775401,0.0929144385026738,0.14304812834224598,0.20416386836803224,21.583277367360644
12099007710,Census Tract 77.10; Palm Beach County; Florida,Palm Beach,7189.0,6.857699262762554,125259.0,3.516949152542373,5.466101694915254,0.0,0.0,007710,0.2560160427807487,0.18181818181818182,0.5073529411764706,0.10208193418401612,26.06570285480332
12099007716,Census Tract 77.16; Palm Beach County; Florida,Palm Beach,4677.0,7.124518613607189,97867.0,4.775943396226415,4.363207547169811,0.0,0.0,007716,0.2727272727272727,0.24197860962566844,0.4324866310160428,0.23371390194761585,29.07267376087745
12099007721,Census Tract 77.21; Palm Beach County; Florida,Palm Beach,4721.0,6.032285471537808,140302.0,0.0,2.2492401215805473,0.0,0.0,007721,0.21457219251336898,0.02038770053475936,0.2600267379679144,0.06917394224311618,15.574655315450558
12099007723,Census Tract 77.23; Palm Beach County; Florida,Palm Beach,2371.0,2.7871621621621623,150729.0,0.0,0.5256241787122208,0.0,0.0,007723,0.056818181818181816,0.02038770053475936,0.08622994652406417,0.052384150436534584,5.452763222634435
12099007724,Census Tract 77.24; Palm Beach County; Florida,Palm Beach,7027.0,8.733437811654083,103542.0,7.516993202718912,3.2387045181927228,0.0,0.0,007724,0.3643048128342246,0.3375668449197861,0.34558823529411764,0.19543317662860982,32.14395765021926
12099007725,Census Tract 77.25; Palm Beach County; Florida,Palm Beach,6551.0,8.045799164474703,93450.0,7.954545454545454,0.3458498023715415,0.0,0.0,007725,0.32486631016042783,0.35060160427807485,0.07352941176470588,0.26595030221625254,26.79627877159778
12099007730,Census Tract 77.30; Palm Beach County; Florida,Palm Beach,6842.0,1.7629466393829687,160896.0,1.8117765475591343,2.214393558127831,0.0,0.0,007730,0.03074866310160428,0.10561497326203209,0.2553475935828877,0.03290799194089993,9.107357699780566
12099007731,Census Tract 77.31; Palm Beach County; Florida,Palm Beach,5787.0,6.4282011404873,116528.0,4.5570916538658475,3.584229390681003,0.0,0.0,007731,0.2306149732620321,0.23128342245989306,0.3729946524064171,0.12961719274680994,23.90250428274369
12099007732,Census Tract 77.32; Palm Beach County; Florida,Palm Beach,8012.0,20.15726410384423,61035.0,14.569000404694457,6.394172399838122,0.0,0.0,007732,0.803475935828877,0.5280748663101604,0.5621657754010695,0.623237071860309,66.40859170458586
12099007735,Census Tract 77.35; Palm Beach County; Florida,Palm Beach,6576.0,5.917431192660551,136696.0,2.131782945736434,11.385658914728682,0.0,0.0,007735,0.20588235294117646,0.12165775401069519,0.7733957219251337,0.07924781732706515,27.72131998290494
12099007736,Census Tract 77.36; Palm Beach County; Florida,Palm Beach,3966.0,16.292559899117276,69405.0,6.703470031545741,4.73186119873817,0.0,0.0,007736,0.6951871657754011,0.3068181818181818,0.44986631016042783,0.5164539959704499,53.270256389997236
12099007738,Census Tract 77.38; Palm Beach County; Florida,Palm Beach,4719.0,13.392667938122482,81938.0,4.27807486631016,3.2085561497326207,0.0,0.0,007738,0.5929144385026738,0.21724598930481284,0.3422459893048128,0.3559435862995299,42.025288838290074
12099007739,Census Tract 77.39; Palm Beach County; Florida,Palm Beach,3376.0,6.546208530805687,68414.0,9.77491961414791,1.4790996784565915,0.0,0.0,007739,0.23863636363636365,0.4117647058823529,0.18649732620320855,0.5359301544660846,32.22929827648747
12099007740,Census Tract 77.40; Palm Beach County; Florida,Palm Beach,6382.0,8.842443729903538,84469.0,9.382894261999278,13.749548899314329,0.0,0.0,007740,0.36764705882352944,0.3983957219251337,0.8362299465240641,0.3364674278038952,46.127744278003036
12099007741,Census Tract 77.41; Palm Beach County; Florida,Palm Beach,4680.0,11.7584065110302,55621.0,6.323283082077053,3.8107202680067,0.0,0.0,007741,0.5200534759358288,0.2914438502673797,0.39438502673796794,0.7004701141705842,48.5281188609518
12099007742,Census Tract 77.42; Palm Beach County; Florida,Palm Beach,4295.0,14.691501746216533,57083.0,7.028599127484246,4.847309743092584,0.0,0.0,007742,0.642379679144385,0.32219251336898397,0.45788770053475936,0.6702484889187375,54.701761222225024
12099007743,Census Tract 77.43; Palm Beach County; Florida,Palm Beach,5229.0,10.480015299292408,73274.0,7.641365257259297,1.5282730514518594,0.0,0.0,007743,0.4445187165775401,0.3422459893048128,0.1925133689839572,0.45735392881128273,37.62301440510266
12099007746,Census Tract 77.46; Palm Beach County; Florida,Palm Beach,1445.0,24.567474048442904,26114.0,16.50943396226415,13.679245283018869,0.0,0.0,007746,0.8830213903743316,0.5728609625668449,0.8348930481283422,0.9852249832102082,83.18043549308118
12099007747,Census Tract 77.47; Palm Beach County; Florida,Palm Beach,2897.0,9.250949257852952,38225.0,7.068193130910901,25.833748133399705,0.0,0.0,007747,0.3890374331550802,0.32419786096256686,0.9545454545454546,0.9147078576225655,59.430520788814945
12099007748,Census Tract 77.48; Palm Beach County; Florida,Palm Beach,5448.0,1.762114537444934,174183.0,0.7001909611712286,1.782304264799491,0.0,0.0,007748,0.030080213903743314,0.056818181818181816,0.21657754010695188,0.02350570852921424,7.141237165236691
12099007749,Census Tract 77.49; Palm Beach County; Florida,Palm Beach,6549.0,4.654029896748344,84956.0,4.440919904837431,1.387787470261697,0.0,0.0,007749,0.14037433155080214,0.22593582887700533,0.1751336898395722,0.3310946944257891,20.25825752487942
12099007750,Census Tract 77.50; Palm Beach County; Florida,Palm Beach,3808.0,5.254860746190226,67955.0,19.986357435197817,12.414733969986358,0.0,0.0,007750,0.1711229946524064,0.6457219251336899,0.8028074866310161,0.5419744795164539,46.65499761171945
12099007751,Census Tract 77.51; Palm Beach County; Florida,Palm Beach,3874.0,4.5184611412341855,103383.0,0.8748317631224763,1.8842530282637957,0.0,0.0,007751,0.1323529411764706,0.06483957219251336,0.2252673796791444,0.1974479516453996,15.045215717399973
12099007752,Census Tract 77.52; Palm Beach County; Florida,Palm Beach,6896.0,8.853410740203193,126667.0,3.3801580333625987,0.0,0.0,0.0,007752,0.3689839572192513,0.17580213903743316,0.03542780748663102,0.09670920080591,20.918141235369536
12099007754,Census Tract 77.54; Palm Beach County; Florida,Palm Beach,4411.0,2.2443890274314215,90641.0,0.0,0.974025974025974,0.0,0.0,007754,0.03877005347593583,0.02038770053475936,0.12967914438502673,0.2887844190732035,10.327827418897225
12099007757,Census Tract 77.57; Palm Beach County; Florida,Palm Beach,4531.0,2.5353376710792013,115208.0,3.616912888436067,4.584819154355578,0.0,0.0,007757,0.04879679144385027,0.18983957219251338,0.4411764705882353,0.13297515110812627,17.231695535531514
12099007758,Census Tract 77.58; Palm Beach County; Florida,Palm Beach,5136.0,2.451461070798196,93350.0,12.130637636080872,1.2960082944530846,0.0,0.0,007758,0.04478609625668449,0.47393048128342247,0.16711229946524064,0.2686366689053056,19.985032843346755
12099007759,Census Tract 77.59; Palm Beach County; Florida,Palm Beach,1192.0,5.3826745164003365,171184.0,0.0,1.6877637130801686,0.0,0.0,007759,0.17580213903743316,0.02038770053475936,0.20788770053475936,0.026863666890530557,12.134866920698311
12099007763,Census Tract 77.63; Palm Beach County; Florida,Palm Beach,8679.0,2.984214771287015,84808.0,8.313817330210773,3.161592505854801,0.0,0.0,007763,0.06283422459893048,0.36163101604278075,0.33689839572192515,0.3331094694425789,23.146146608102917
12099007764,Census Tract 77.64; Palm Beach County; Florida,Palm Beach,1866.0,3.3116178067318134,107969.0,2.571041948579161,0.0,0.0,0.0,007764,0.08021390374331551,0.13770053475935828,0.03542780748663102,0.17058428475486903,10.082808689749786
12099007766,Census Tract 77.66; Palm Beach County; Florida,Palm Beach,3862.0,11.497534388787956,55772.0,1.7587939698492463,4.334170854271357,0.0,0.0,007766,0.5013368983957219,0.10227272727272728,0.43114973262032086,0.697112155809268,44.6641682498752
12099007767,Census Tract 77.67; Palm Beach County; Florida,Palm Beach,4831.0,12.427022518765638,55187.0,6.60180681028492,2.9881862404447532,0.0,0.0,007767,0.5487967914438503,0.303475935828877,0.31885026737967914,0.7058428475486904,48.515252672898946
12099007768,Census Tract 77.68; Palm Beach County; Florida,Palm Beach,1522.0,3.5479632063074904,70531.0,3.1390134529147984,0.0,0.0,0.0,007768,0.09090909090909091,0.1657754010695187,0.03542780748663102,0.4983210208193418,17.626848223873466
12099007769,Census Tract 77.69; Palm Beach County; Florida,Palm Beach,1755.0,10.598290598290598,40213.0,16.445623342175068,18.21396993810787,0.0,0.0,007769,0.45120320855614976,0.56951871657754,0.8937165775401069,0.8992612491605104,65.29805920780915
12099007770,Census Tract 77.70; Palm Beach County; Florida,Palm Beach,3015.0,7.749576988155668,161771.0,0.0,0.0,0.0,0.0,007770,0.3088235294117647,0.02038770053475936,0.03542780748663102,0.03223640026863667,14.11397934227113
12099007771,Census Tract 77.71; Palm Beach County; Florida,Palm Beach,3357.0,5.1297525648762825,124089.0,4.157549234135667,1.5317286652078774,0.0,0.0,007771,0.16510695187165775,0.21256684491978609,0.19385026737967914,0.10745466756212223,16.881713672098062
12099007772,Census Tract 77.72; Palm Beach County; Florida,Palm Beach,5613.0,4.249596557288865,111944.0,0.0,4.306930693069306,0.0,0.0,007772,0.12232620320855615,0.02038770053475936,0.4298128342245989,0.1524513096037609,16.94608501560463
12099007773,Census Tract 77.73; Palm Beach County; Florida,Palm Beach,6367.0,1.5863043819695304,191172.0,0.0,2.1065675340768277,0.0,0.0,007773,0.024732620320855617,0.02038770053475936,0.24665775401069517,0.0167897918065816,6.666009739874948
12099007774,Census Tract 77.74; Palm Beach County; Florida,Palm Beach,8191.0,6.165303381760469,201888.0,3.1413612565445024,5.160807778608826,0.0,0.0,007774,0.21991978609625668,0.16644385026737968,0.4839572192513369,0.012760241773002015,22.06001766968464
12099007775,Census Tract 77.75; Palm Beach County; Florida,Palm Beach,7169.0,2.4829125401032224,145729.0,1.0189902732746643,1.6211208893006022,0.0,0.0,007775,0.04679144385026738,0.07286096256684492,0.20254010695187166,0.05977165883143049,8.575112321013638
12099007776,Census Tract 77.76; Palm Beach County; Florida,Palm Beach,1128.0,7.180851063829788,116563.0,15.18324607329843,0.0,0.0,0.0,007776,0.27606951871657753,0.5441176470588235,0.03542780748663102,0.12894560107454667,25.21260186106312
12099007777,Census Tract 77.77; Palm Beach County; Florida,Palm Beach,4447.0,4.8113846848881865,119611.0,5.142083897158322,4.465493910690121,0.0,0.0,007777,0.14772727272727273,0.25,0.4358288770053476,0.11887172599059771,22.00310296900982
12099007778,Census Tract 77.78; Palm Beach County; Florida,Palm Beach,8158.0,6.358168651037191,159837.0,4.550302168503377,1.528617134731603,0.0,0.0,007778,0.22794117647058823,0.22994652406417113,0.19318181818181818,0.036937541974479515,18.318964743232907
12099007779,Census Tract 77.79; Palm Beach County; Florida,Palm Beach,3631.0,4.92977141283393,93636.0,0.62266500622665,3.8605230386052303,0.0,0.0,007779,0.15307486631016043,0.053475935828877004,0.39705882352941174,0.264607118871726,20.42583221700671
12099007780,Census Tract 77.80; Palm Beach County; Florida,Palm Beach,1795.0,7.01949860724234,131034.0,0.0,1.351351351351351,0.0,0.0,007780,0.2660427807486631,0.02038770053475936,0.17179144385026737,0.08797850906648758,16.24486429897681
12099007805,Census Tract 78.05; Palm Beach County; Florida,Palm Beach,6803.0,1.188001188001188,158442.0,2.1913190054782974,1.2220817530552044,0.0,0.0,007805,0.016042780748663103,0.12433155080213903,0.15975935828877005,0.041638683680322364,7.156303085371153
12099007812,Census Tract 78.12; Palm Beach County; Florida,Palm Beach,5415.0,5.473372781065089,77125.0,8.493282149712092,8.397312859884837,0.0,0.0,007812,0.1804812834224599,0.3709893048128342,0.6570855614973262,0.4137004701141706,36.054758065385016
12099007813,Census Tract 78.13; Palm Beach County; Florida,Palm Beach,7386.0,4.757294979947448,89625.0,10.294805802526907,0.0,0.0,0.0,007813,0.1443850267379679,0.42245989304812837,0.03542780748663102,0.29751511081262594,20.883457296466425
12099007814,Census Tract 78.14; Palm Beach County; Florida,Palm Beach,2483.0,6.5594059405940595,158409.0,3.387096774193549,14.596774193548386,0.0,0.0,007814,0.23997326203208555,0.17780748663101603,0.8529411764705882,0.04231027535258563,31.06010925036722
12099007818,Census Tract 78.18; Palm Beach County; Florida,Palm Beach,1793.0,7.468553459119496,183750.0,0.823045267489712,1.02880658436214,0.0,0.0,007818,0.2947860962566845,0.06016042780748663,0.13770053475935828,0.01880456682337139,16.124754438071704
12099007820,Census Tract 78.20; Palm Beach County; Florida,Palm Beach,3152.0,7.52858958068615,94400.0,7.777777777777778,1.7777777777777777,0.0,0.0,007820,0.29812834224598933,0.3462566844919786,0.2159090909090909,0.25990597716588315,28.36656874117863
12099007821,Census Tract 78.21; Palm Beach County; Florida,Palm Beach,2653.0,5.980317940953823,72813.0,13.854748603351954,0.782122905027933,0.0,0.0,007821,0.20989304812834225,0.5093582887700535,0.1089572192513369,0.4654130288784419,30.07029266313034
12099007823,Census Tract 78.23; Palm Beach County; Florida,Palm Beach,4092.0,2.912621359223301,128393.0,2.4964336661911553,3.0670470756062764,0.0,0.0,007823,0.060828877005347594,0.13502673796791445,0.32887700534759357,0.09335124244459368,13.578254795415939
12099007830,Census Tract 78.30; Palm Beach County; Florida,Palm Beach,3528.0,6.77437641723356,104167.0,6.085918854415275,0.477326968973747,0.0,0.0,007830,0.25133689839572193,0.2827540106951872,0.08288770053475936,0.18938885157824042,21.15408719199262
12099007831,Census Tract 78.31; Palm Beach County; Florida,Palm Beach,3494.0,9.2955276235019,91786.0,0.99882491186839,9.518213866039952,0.0,0.0,007831,0.39037433155080214,0.07219251336898395,0.7038770053475936,0.27871054398925454,36.71057451614873
12099007832,Census Tract 78.32; Palm Beach County; Florida,Palm Beach,3352.0,27.77611493564801,45182.0,17.497291440953415,14.19284940411701,0.0,0.0,007832,0.9217914438502673,0.5935828877005348,0.8442513368983957,0.8290799194089993,82.20994063416929
12099007833,Census Tract 78.33; Palm Beach County; Florida,Palm Beach,5660.0,17.86219081272085,52152.0,22.82712511938873,4.823304680038205,1.0,1.0,007833,0.7426470588235294,0.7052139037433155,0.4565508021390374,0.7407656145063801,67.75648876071584
12099007834,Census Tract 78.34; Palm Beach County; Florida,Palm Beach,1589.0,5.0346129641283826,114583.0,0.7125890736342043,2.9691211401425175,0.0,0.0,007834,0.16176470588235295,0.05748663101604278,0.3175133689839572,0.13498992612491606,16.67038675779244
12099007835,Census Tract 78.35; Palm Beach County; Florida,Palm Beach,4806.0,4.764877236787349,235949.0,0.8705114254624592,0.3808487486398259,0.0,0.0,007835,0.14505347593582887,0.06417112299465241,0.0748663101604278,0.007387508394895903,8.730637868432678
12099007837,Census Tract 78.37; Palm Beach County; Florida,Palm Beach,7199.0,5.3124563120369075,70310.0,9.416613823715917,3.5193405199746355,0.0,0.0,007837,0.1731283422459893,0.3997326203208556,0.3689839572192513,0.503693754197448,32.37334032459067
12099007838,Census Tract 78.38; Palm Beach County; Florida,Palm Beach,8333.0,3.43296122914416,94915.0,1.4492753623188406,0.0,0.0,0.0,007838,0.08355614973262032,0.09090909090909091,0.03542780748663102,0.25789120214909333,11.026808000201118
12099007840,Census Tract 78.40; Palm Beach County; Florida,Palm Beach,1931.0,8.5609243697479,96927.0,5.4888507718696395,0.0,0.0,0.0,007840,0.35762032085561496,0.26737967914438504,0.03542780748663102,0.24042981867024849,25.169558940249892
12099007841,Census Tract 78.41; Palm Beach County; Florida,Palm Beach,5746.0,9.688098971946332,73466.0,10.998233215547703,6.713780918727916,0.0,0.0,007841,0.4057486631016043,0.4445187165775401,0.5828877005347594,0.4539959704499664,45.85799427530949
12099007842,Census Tract 78.42; Palm Beach County; Florida,Palm Beach,2812.0,3.627311522048364,86096.0,0.0,1.4084507042253522,0.0,0.0,007842,0.09224598930481283,0.02038770053475936,0.17914438502673796,0.32169241101410345,14.114329503704528
12099007843,Census Tract 78.43; Palm Beach County; Florida,Palm Beach,5496.0,3.948326055312955,82346.0,20.96854717923115,2.3464802795806294,0.0,0.0,007843,0.10695187165775401,0.6677807486631016,0.2667112299465241,0.3519140362659503,30.00619516382168
12099007844,Census Tract 78.44; Palm Beach County; Florida,Palm Beach,4025.0,4.0308534461308785,128750.0,3.584229390681003,2.2222222222222223,0.0,0.0,007844,0.11229946524064172,0.1858288770053476,0.25668449197860965,0.0913364674278039,15.168975337860891
12099007845,Census Tract 78.45; Palm Beach County; Florida,Palm Beach,2358.0,4.462388440288993,136719.0,7.742782152230972,1.7060367454068242,0.0,0.0,007845,0.12967914438502673,0.34558823529411764,0.2092245989304813,0.07857622565480188,17.854946972989087
12099007846,Census Tract 78.46; Palm Beach County; Florida,Palm Beach,642.0,4.984423676012461,113092.0,0.0,0.0,0.0,0.0,007846,0.15842245989304812,0.02038770053475936,0.03542780748663102,0.1430490261920752,10.314189079991236
12099007847,Census Tract 78.47; Palm Beach County; Florida,Palm Beach,8894.0,3.013267371261525,141500.0,0.9368494101318527,0.659264399722415,0.0,0.0,007847,0.06483957219251336,0.06818181818181818,0.10093582887700535,0.06648757555406314,7.3056873399582685
12099007848,Census Tract 78.48; Palm Beach County; Florida,Palm Beach,3392.0,3.0955188679245285,125256.0,2.9767441860465116,0.0,0.0,0.0,007848,0.06885026737967914,0.15441176470588236,0.03542780748663102,0.10275352585627938,8.60587265616302
12099007849,Census Tract 78.49; Palm Beach County; Florida,Palm Beach,1381.0,2.7516292541636496,157153.0,0.0,2.9850746268656714,0.0,0.0,007849,0.05414438502673797,0.02038770053475936,0.3181818181818182,0.04432505036937542,9.823666782788578
12099007850,Census Tract 78.50; Palm Beach County; Florida,Palm Beach,1855.0,4.1058887088060505,117620.0,1.4947683109118086,0.5979073243647235,0.0,0.0,007850,0.1163101604278075,0.09224598930481283,0.09358288770053476,0.12491605104096709,10.867304978038595
12099007851,Census Tract 78.51; Palm Beach County; Florida,Palm Beach,3499.0,7.120115774240232,97146.0,7.908745247148288,6.61596958174905,0.0,0.0,007851,0.2713903743315508,0.34959893048128343,0.5782085561497327,0.23707186030893218,34.153201912061
12099007853,Census Tract 78.53; Palm Beach County; Florida,Palm Beach,2370.0,5.10548523206751,111333.0,3.234501347708895,2.560646900269542,0.0,0.0,007853,0.16443850267379678,0.17045454545454544,0.28810160427807485,0.15580926796507724,18.864848460905822
12099007909,Census Tract 79.09; Palm Beach County; Florida,Palm Beach,4331.0,5.264373123989841,146587.0,0.4160166406656266,0.5720228809152366,0.0,0.0,007909,0.17245989304812834,0.045454545454545456,0.09090909090909091,0.0577568838146407,10.780806125490676
12099007913,Census Tract 79.13; Palm Beach County; Florida,Palm Beach,2631.0,7.024952015355086,114310.0,0.0,1.1749347258485638,0.0,0.0,007913,0.2667112299465241,0.02038770053475936,0.15307486631016043,0.13633310946944258,16.86436272414821
12099007914,Census Tract 79.14; Palm Beach County; Florida,Palm Beach,5716.0,2.6251312565628284,81940.0,4.342921601804851,0.6204173716864072,0.0,0.0,007914,0.05080213903743316,0.22058823529411764,0.09692513368983957,0.3552719946272666,15.487792833721803
12099007915,Census Tract 79.15; Palm Beach County; Florida,Palm Beach,1358.0,6.6716085989621945,131346.0,2.13903743315508,0.0,0.0,0.0,007915,0.24732620320855614,0.12232620320855615,0.03542780748663102,0.08730691739422432,14.794266690130476
12099007916,Census Tract 79.16; Palm Beach County; Florida,Palm Beach,4025.0,3.1187624750499,98266.0,3.884234577303884,1.7517136329017515,0.0,0.0,007916,0.06951871657754011,0.20053475935828877,0.21323529411764705,0.22834116856950973,15.622973104010516
12099007917,Census Tract 79.17; Palm Beach County; Florida,Palm Beach,5222.0,9.76824363148822,88774.0,18.610421836228287,0.9305210918114144,0.0,0.0,007917,0.410427807486631,0.6149732620320856,0.1270053475935829,0.30288784419073206,37.31444137579325
12099007918,Census Tract 79.18; Palm Beach County; Florida,Palm Beach,2916.0,1.1320754716981132,116750.0,2.952755905511811,0.0,0.0,0.0,007918,0.01270053475935829,0.1517379679144385,0.03542780748663102,0.12693082605775688,6.7899534195508595
12099007919,Census Tract 79.19; Palm Beach County; Florida,Palm Beach,5196.0,3.485461197766224,113393.0,2.997601918465228,1.1990407673860912,0.0,0.0,007919,0.08622994652406417,0.1557486631016043,0.15441176470588236,0.14103425117528542,12.473091440618008
12099008001,Census Tract 80.01; Palm Beach County; Florida,Palm Beach,3497.0,60.41798606713109,16441.0,53.67647058823529,32.878151260504204,1.0,1.0,008001,1.0,0.9799465240641712,0.9846256684491979,1.0,99.29144385026738
12099008002,Census Tract 80.02; Palm Beach County; Florida,Palm Beach,3902.0,16.631523458091724,36203.0,38.24733824733825,22.358722358722357,1.0,1.0,008002,0.7032085561497327,0.891042780748663,0.93048128342246,0.9321692411014103,83.20220835143998
12099008101,Census Tract 81.01; Palm Beach County; Florida,Palm Beach,6215.0,13.705221885581892,64658.0,35.28748590755355,10.428410372040586,0.0,0.0,008101,0.6022727272727273,0.8629679144385026,0.7419786096256684,0.5742108797850907,67.67405716789435
12099008201,Census Tract 82.01; Palm Beach County; Florida,Palm Beach,4462.0,32.95199641094661,44306.0,42.69911504424779,29.71976401179941,0.0,0.0,008201,0.9598930481283422,0.9264705882352942,0.9725935828877005,0.842175957018133,93.22052448795625
12099008202,Census Tract 82.02; Palm Beach County; Florida,Palm Beach,3326.0,50.93205051112447,31082.0,44.35721295387635,18.842001962708537,0.0,0.0,008202,0.9973262032085561,0.9385026737967914,0.9004010695187166,0.9617192746809939,95.90550848827229
12099008203,Census Tract 82.03; Palm Beach County; Florida,Palm Beach,3969.0,32.71384928716905,41020.0,30.15753938484621,14.703675918979744,1.0,1.0,008203,0.9578877005347594,0.8074866310160428,0.8549465240641712,0.8885157824042982,89.33448677108062
12099008301,Census Tract 83.01; Palm Beach County; Florida,Palm Beach,2157.0,30.088085303662492,49427.0,61.568627450980394,9.673202614379086,0.0,0.0,008301,0.945855614973262,0.9966577540106952,0.7125668449197861,0.7797179314976495,87.6130752074931
12099008302,Census Tract 83.02; Palm Beach County; Florida,Palm Beach,5873.0,34.25449871465296,45739.0,44.809866392600206,13.463514902363825,0.0,0.0,008302,0.9659090909090909,0.9411764705882353,0.8288770053475936,0.8193418401611821,90.42426995830385
12087970400,Census Tract 9704; Monroe County; Florida,Monroe,4365.0,11.534051822976382,70125.0,9.66647823629169,5.2572074618428495,0.0,0.0,970400,0.5026737967914439,0.40975935828877,0.4893048128342246,0.506380120886501,48.21583771184766
12087970500,Census Tract 9705; Monroe County; Florida,Monroe,3086.0,10.55194805194805,87625.0,6.364359586316628,1.511535401750199,0.0,0.0,970500,0.4485294117647059,0.29411764705882354,0.19050802139037434,0.30960376091336467,33.82576505783949
12087970600,Census Tract 9706; Monroe County; Florida,Monroe,1634.0,11.627906976744184,68692.0,0.0,1.818181818181818,0.0,0.0,970600,0.5093582887700535,0.02038770053475936,0.21858288770053477,0.529214237743452,35.73802807037706
12087970700,Census Tract 9707; Monroe County; Florida,Monroe,2796.0,12.055974165769644,48445.0,4.583333333333333,1.8333333333333333,0.0,0.0,970700,0.536096256684492,0.23328877005347592,0.2192513368983957,0.7824042981867025,46.14273837015116
12087970800,Census Tract 9708; Monroe County; Florida,Monroe,4319.0,6.009097438352884,100144.0,3.0690537084398977,2.813299232736573,0.0,0.0,970800,0.21256684491978609,0.16176470588235295,0.30614973262032086,0.2196104768300873,22.253172103446666
12087970900,Census Tract 9709; Monroe County; Florida,Monroe,2190.0,4.9771689497716896,82198.0,1.2591815320041972,2.308499475341028,0.0,0.0,970900,0.1570855614973262,0.07954545454545454,0.2640374331550802,0.3525856279382136,20.206792772668013
12087971001,Census Tract 9710.01; Monroe County; Florida,Monroe,1300.0,4.496124031007752,96071.0,6.340057636887608,4.755043227665706,0.0,0.0,971001,0.1303475935828877,0.2927807486631016,0.4505347593582888,0.2478173270651444,25.036560445046202
12087971002,Census Tract 9710.02; Monroe County; Florida,Monroe,1743.0,12.73474178403756,90714.0,4.225352112676056,2.9577464788732395,0.0,0.0,971002,0.5601604278074866,0.21524064171122995,0.31684491978609625,0.28811282740094024,38.8103848902648
12087971100,Census Tract 9711; Monroe County; Florida,Monroe,3990.0,12.68170426065163,77200.0,12.564102564102564,1.4743589743589742,0.0,0.0,971100,0.5588235294117647,0.48462566844919786,0.18516042780748662,0.41302887844190733,44.00924067044242
12087971200,Census Tract 9712; Monroe County; Florida,Monroe,2712.0,11.651917404129794,76793.0,4.022450888681011,12.25444340505145,0.0,0.0,971200,0.5106951871657754,0.2072192513368984,0.7981283422459893,0.41840161182001345,48.90279159468904
12087971300,Census Tract 9713; Monroe County; Florida,Monroe,1765.0,10.869565217391305,51905.0,14.698162729658792,1.837270341207349,1.0,1.0,971300,0.46858288770053474,0.5314171122994652,0.22058823529411764,0.7474815312290127,48.7330530844733
12087971401,Census Tract 9714.01; Monroe County; Florida,Monroe,2894.0,14.195139133497712,71321.0,17.756255044390638,3.2284100080710245,0.0,0.0,971401,0.6189839572192514,0.5989304812834224,0.34358288770053474,0.48690396239086636,53.34770491626652
12087971402,Census Tract 9714.02; Monroe County; Florida,Monroe,1653.0,11.252268602540836,96442.0,3.6818851251840945,0.0,0.0,0.0,971402,0.4852941176470588,0.1925133689839572,0.03542780748663102,0.24311618535930155,28.83291194248015
12087971501,Census Tract 9715.01; Monroe County; Florida,Monroe,2238.0,9.830205540661304,95086.0,3.9501039501039505,2.702702702702702,0.0,0.0,971501,0.41510695187165775,0.2038770053475936,0.29745989304812837,0.2552048354600403,31.735112751981553
12087971502,Census Tract 9715.02; Monroe County; Florida,Monroe,3399.0,9.979332742840272,110433.0,4.755341144038594,0.0,0.0,0.0,971502,0.42312834224598933,0.24064171122994651,0.03542780748663102,0.1605104096709201,25.656732257589525
12087971600,Census Tract 9716; Monroe County; Florida,Monroe,2300.0,5.260869565217392,111727.0,4.849137931034483,0.7543103448275862,0.0,0.0,971600,0.17179144385026737,0.24398395721925134,0.10695187165775401,0.15379449294828745,16.966264190516554
12087971700,Census Tract 9717; Monroe County; Florida,Monroe,3409.0,8.9920658242727,100455.0,11.224489795918368,3.375196232339089,0.0,0.0,971700,0.3770053475935829,0.44919786096256686,0.35762032085561496,0.2182672934855608,35.581923409818174
12087971800,Census Tract 9718; Monroe County; Florida,Monroe,5943.0,15.816927477704862,69896.0,16.4967562557924,13.531047265987024,0.0,0.0,971800,0.6798128342245989,0.571524064171123,0.8315508021390374,0.5097380792478173,65.4487722801435
12087971900,Census Tract 9719; Monroe County; Florida,Monroe,6647.0,16.119113125101148,73047.0,8.830455259026687,7.339089481946624,0.0,0.0,971900,0.6885026737967914,0.38168449197860965,0.6143048128342246,0.4613834788448623,56.68756262502559
12087972000,Census Tract 9720; Monroe County; Florida,Monroe,4452.0,10.646900269541778,91385.0,0.0,7.746126936531734,0.0,0.0,972000,0.45454545454545453,0.02038770053475936,0.6356951871657754,0.28206850235057085,36.9448459828403
12087972100,Census Tract 9721; Monroe County; Florida,Monroe,4741.0,9.399649430324276,83009.0,9.138932910723716,14.580031695721075,0.0,0.0,972100,0.3977272727272727,0.39037433155080214,0.8522727272727273,0.3465413028878442,47.69285814331838
12087972200,Census Tract 9722; Monroe County; Florida,Monroe,3373.0,18.79632374740587,89866.0,6.905370843989769,11.3384484228474,0.0,0.0,972200,0.766042780748663,0.3181818181818182,0.7707219251336899,0.29482874412357285,58.31636097872814
12087972400,Census Tract 9724; Monroe County; Florida,Monroe,2866.0,17.759944173063502,57282.0,11.735015772870662,25.299684542586753,0.0,0.0,972400,0.7413101604278075,0.4659090909090909,0.9491978609625669,0.6675621222296844,71.30578789913915
12087972500,Census Tract 9725; Monroe County; Florida,Monroe,994.0,6.319290465631928,127589.0,2.8747433264887063,14.784394250513348,0.0,0.0,972500,0.22593582887700533,0.14906417112299467,0.8562834224598931,0.09469442578912021,31.038273542520372
12087972700,Census Tract 9727; Monroe County; Florida,Monroe,4212.0,14.524207011686144,77009.0,1.800327332242226,6.437534097108564,0.0,0.0,972700,0.6330213903743316,0.10427807486631016,0.5655080213903744,0.4150436534586971,47.0174506092809
12087972800,Census Tract 9728; Monroe County; Florida,Monroe,3005.0,8.352745424292845,97938.0,2.9850746268656714,7.462686567164178,0.0,0.0,972800,0.34558823529411764,0.15508021390374332,0.6223262032085561,0.23237071860308933,34.01907212607248
